{
    "1000": {
        "mean": 0.020044997258883958,
        "std": 0.004468971931445949,
        "all": [
            0.016097152102531966,
            0.019473390649388862,
            0.027720055430025987,
            0.018256029216983747,
            0.01867835889548921
        ],
        "seeds": [
            0,
            1,
            2,
            3,
            4
        ]
    }
}