{
    "1000": {
        "mean": 0.02330254518187715,
        "std": 0.0020240822475919014,
        "all": [
            0.02191240260687443,
            0.02430766597162596,
            0.022663733477605363,
            0.02631572897541692,
            0.021313194877863068
        ],
        "seeds": [
            0,
            1,
            2,
            3,
            4
        ]
    }
}