{
    "n_queries": 1000,
    "fbank_size": 64,
    "mean": 0.030245493362163495,
    "std": 0.0014543453351399884,
    "all": [
        0.029923370891101485,
        0.028854882708045062,
        0.03033514482740069,
        0.02946052454371113,
        0.0326535438405591
    ],
    "seeds": [
        0,
        1,
        2,
        3,
        4
    ]
}