{
    "n_queries": 1000,
    "fbank_size": 1024,
    "mean": 0.03025686842392502,
    "std": 0.0018521106280000683,
    "all": [
        0.029917534406742007,
        0.029183051607994125,
        0.03349893397648742,
        0.029709542792188334,
        0.028975279336213206
    ],
    "seeds": [
        0,
        1,
        2,
        3,
        4
    ]
}