{
    "n_queries": 1000,
    "fbank_size": 2048,
    "mean": 0.026975513132684415,
    "std": 0.003749933781115951,
    "all": [
        0.028979442337938675,
        0.028694147646982318,
        0.020360888486950484,
        0.029241088955498283,
        0.027601998236052295
    ],
    "seeds": [
        0,
        1,
        2,
        3,
        4
    ]
}