{
    "n_queries": 1000,
    "fbank_size": 64,
    "mean": 0.015368159378570296,
    "std": 0.0007652046078118222,
    "all": [
        0.015642918634928196,
        0.014894948222236231,
        0.014318891591840868,
        0.01627782144660652,
        0.015706216997239654
    ],
    "seeds": [
        0,
        1,
        2,
        3,
        4
    ]
}