{
    "1000": {
        "mean": 0.02201738172257597,
        "std": 0.00152531424687073,
        "all": [
            0.02414205562822242,
            0.020171904786572915,
            0.021864547924362994,
            0.021131106009573384,
            0.02277729426414814
        ],
        "seeds": [
            0,
            1,
            2,
            3,
            4
        ]
    }
}