{
    "n_queries": 1000,
    "fbank_size": 4,
    "mean": 0.030852907784272448,
    "std": 0.005198525927653654,
    "all": [
        0.023463349944509885,
        0.031008903998357616,
        0.028671210344800514,
        0.03407975508326124,
        0.03704131955043299
    ],
    "seeds": [
        0,
        1,
        2,
        3,
        4
    ]
}