{
    "n_queries": 1000,
    "fbank_size": 256,
    "mean": 0.016179195182234932,
    "std": 0.0016936081063386261,
    "all": [
        0.015453537171288228,
        0.019156836493417755,
        0.015535408008638,
        0.014943416085770857,
        0.01580677815205982
    ],
    "seeds": [
        0,
        1,
        2,
        3,
        4
    ]
}