{
    "n_queries": 1000,
    "fbank_size": 4,
    "mean": 0.015276158974919043,
    "std": 0.0005657429535521966,
    "all": [
        0.015612937536456635,
        0.0145309276654366,
        0.01601341988557855,
        0.01519500091301979,
        0.01502850887410364
    ],
    "seeds": [
        0,
        1,
        2,
        3,
        4
    ]
}