{
    "1000": {
        "mean": 0.019309023377451835,
        "std": 0.0047487105871876515,
        "all": [
            0.014958473458307047,
            0.01629052534014532,
            0.01682792419910985,
            0.02616979340116218,
            0.02229840048853478
        ],
        "seeds": [
            0,
            1,
            2,
            3,
            4
        ]
    }
}