{
    "1000": {
        "mean": 0.019097258628843455,
        "std": 0.004544796941751868,
        "all": [
            0.015153179580526942,
            0.022492567428942747,
            0.02501691260820599,
            0.01815413365716584,
            0.014669499869375758
        ],
        "seeds": [
            0,
            1,
            2,
            3,
            4
        ]
    }
}