{
    "n_queries": 1000,
    "fbank_size": 512,
    "mean": 0.02986627270913055,
    "std": 0.0017465832385170008,
    "all": [
        0.029550151295017594,
        0.030333109329682018,
        0.028380626839495455,
        0.02843776818529313,
        0.03262970789616455
    ],
    "seeds": [
        0,
        1,
        2,
        3,
        4
    ]
}