{
    "n_queries": 1000,
    "fbank_size": 16,
    "mean": 0.016856170282783516,
    "std": 0.002257160328741041,
    "all": [
        0.02026855385758767,
        0.015176635976387702,
        0.01795930445472657,
        0.016019378963645924,
        0.014856978161569724
    ],
    "seeds": [
        0,
        1,
        2,
        3,
        4
    ]
}