{
    "n_queries": 1000,
    "fbank_size": 16,
    "mean": 0.02917863323328444,
    "std": 0.006853375021687227,
    "all": [
        0.029821520014340176,
        0.03507863687033522,
        0.019410246016650333,
        0.02569097249168903,
        0.035891790773407456
    ],
    "seeds": [
        0,
        1,
        2,
        3,
        4
    ]
}