{
    "1000": {
        "mean": 0.016214845814056793,
        "std": 0.0,
        "all": [
            0.016214845814056793,
            0.016214845814056793,
            0.016214845814056793,
            0.016214845814056793,
            0.016214845814056793
        ],
        "seeds": [
            0,
            1,
            2,
            3,
            4
        ]
    }
}