{
    "n_queries": 1000,
    "fbank_size": 256,
    "mean": 0.03244664974105774,
    "std": 0.002477813178950965,
    "all": [
        0.029555292841185483,
        0.03428419332599478,
        0.033533404560573576,
        0.034842661407464746,
        0.030017696570070123
    ],
    "seeds": [
        0,
        1,
        2,
        3,
        4
    ]
}