{
    "1000": {
        "mean": 0.01940975909055205,
        "std": 0.004508618968219022,
        "all": [
            0.016073530643503624,
            0.01699752729435786,
            0.01646540387241552,
            0.026748619789920332,
            0.020763713852562912
        ],
        "seeds": [
            0,
            1,
            2,
            3,
            4
        ]
    }
}