{
    "1000": {
        "mean": 0.016171772979262387,
        "std": 0.0010823683987773182,
        "all": [
            0.017991827136643296,
            0.015901705230669885,
            0.015253223825882335,
            0.015497262889059643,
            0.016214845814056793
        ],
        "seeds": [
            0,
            1,
            2,
            3,
            4
        ]
    }
}