seed,latent_dim,fbank_size,ckpt_path,query_sim_only,query
0,2,2,results/sirl_ljts/tversky_proj_1785773961.pth,"{'laptop (computer_dist)': {'n_pairs': 1000, 'n_max_trajs': 56, 'n_min_trajs': 448, 'n_nonempty_hist': {0: 508, 1: 0, 2: 492}, 'n_both_nonempty': 492, 'n_ttest_run': 492, 'n_significant': {0.05: 237, 0.01: 237, 0.001: 0}, 'frac_significant': {0.05: 0.4817073170731707, 0.01: 0.4817073170731707, 0.001: 0.0}}, 'upright (joint_up)': {'n_pairs': 1000, 'n_max_trajs': 560, 'n_min_trajs': 280, 'n_nonempty_hist': {0: 518, 1: 0, 2: 482}, 'n_both_nonempty': 482, 'n_ttest_run': 482, 'n_significant': {0.05: 0, 0.01: 0, 0.001: 0}, 'frac_significant': {0.05: 0.0, 0.01: 0.0, 0.001: 0.0}}}","{'sim_only': {'laptop (computer_dist)': {'n_pairs': 1000, 'n_max_trajs': 56, 'n_min_trajs': 448, 'n_nonempty_hist': {0: 508, 1: 0, 2: 492}, 'n_both_nonempty': 492, 'n_ttest_run': 492, 'n_significant': {0.05: 237, 0.01: 237, 0.001: 0}, 'frac_significant': {0.05: 0.4817073170731707, 0.01: 0.4817073170731707, 0.001: 0.0}}, 'upright (joint_up)': {'n_pairs': 1000, 'n_max_trajs': 560, 'n_min_trajs': 280, 'n_nonempty_hist': {0: 518, 1: 0, 2: 482}, 'n_both_nonempty': 482, 'n_ttest_run': 482, 'n_significant': {0.05: 0, 0.01: 0, 0.001: 0}, 'frac_significant': {0.05: 0.0, 0.01: 0.0, 0.001: 0.0}}}}"
1,2,2,results/sirl_ljts/tversky_proj_1785773965.pth,"{'laptop (computer_dist)': {'n_pairs': 1000, 'n_max_trajs': 56, 'n_min_trajs': 448, 'n_nonempty_hist': {0: 508, 1: 492, 2: 0}, 'n_both_nonempty': 0, 'n_ttest_run': 0, 'n_significant': {0.05: 0, 0.01: 0, 0.001: 0}, 'frac_significant': {0.05: 0.0, 0.01: 0.0, 0.001: 0.0}}, 'upright (joint_up)': {'n_pairs': 1000, 'n_max_trajs': 560, 'n_min_trajs': 280, 'n_nonempty_hist': {0: 518, 1: 482, 2: 0}, 'n_both_nonempty': 0, 'n_ttest_run': 0, 'n_significant': {0.05: 0, 0.01: 0, 0.001: 0}, 'frac_significant': {0.05: 0.0, 0.01: 0.0, 0.001: 0.0}}}","{'sim_only': {'laptop (computer_dist)': {'n_pairs': 1000, 'n_max_trajs': 56, 'n_min_trajs': 448, 'n_nonempty_hist': {0: 508, 1: 492, 2: 0}, 'n_both_nonempty': 0, 'n_ttest_run': 0, 'n_significant': {0.05: 0, 0.01: 0, 0.001: 0}, 'frac_significant': {0.05: 0.0, 0.01: 0.0, 0.001: 0.0}}, 'upright (joint_up)': {'n_pairs': 1000, 'n_max_trajs': 560, 'n_min_trajs': 280, 'n_nonempty_hist': {0: 518, 1: 482, 2: 0}, 'n_both_nonempty': 0, 'n_ttest_run': 0, 'n_significant': {0.05: 0, 0.01: 0, 0.001: 0}, 'frac_significant': {0.05: 0.0, 0.01: 0.0, 0.001: 0.0}}}}"
2,2,2,results/sirl_ljts/tversky_proj_1785773969.pth,"{'laptop (computer_dist)': {'n_pairs': 1000, 'n_max_trajs': 56, 'n_min_trajs': 448, 'n_nonempty_hist': {0: 508, 1: 492, 2: 0}, 'n_both_nonempty': 0, 'n_ttest_run': 0, 'n_significant': {0.05: 0, 0.01: 0, 0.001: 0}, 'frac_significant': {0.05: 0.0, 0.01: 0.0, 0.001: 0.0}}, 'upright (joint_up)': {'n_pairs': 1000, 'n_max_trajs': 560, 'n_min_trajs': 280, 'n_nonempty_hist': {0: 518, 1: 482, 2: 0}, 'n_both_nonempty': 0, 'n_ttest_run': 0, 'n_significant': {0.05: 0, 0.01: 0, 0.001: 0}, 'frac_significant': {0.05: 0.0, 0.01: 0.0, 0.001: 0.0}}}","{'sim_only': {'laptop (computer_dist)': {'n_pairs': 1000, 'n_max_trajs': 56, 'n_min_trajs': 448, 'n_nonempty_hist': {0: 508, 1: 492, 2: 0}, 'n_both_nonempty': 0, 'n_ttest_run': 0, 'n_significant': {0.05: 0, 0.01: 0, 0.001: 0}, 'frac_significant': {0.05: 0.0, 0.01: 0.0, 0.001: 0.0}}, 'upright (joint_up)': {'n_pairs': 1000, 'n_max_trajs': 560, 'n_min_trajs': 280, 'n_nonempty_hist': {0: 518, 1: 482, 2: 0}, 'n_both_nonempty': 0, 'n_ttest_run': 0, 'n_significant': {0.05: 0, 0.01: 0, 0.001: 0}, 'frac_significant': {0.05: 0.0, 0.01: 0.0, 0.001: 0.0}}}}"
0,2,4,results/sirl_ljts/tversky_proj_1785773973.pth,"{'laptop (computer_dist)': {'n_pairs': 1000, 'n_max_trajs': 56, 'n_min_trajs': 448, 'n_nonempty_hist': {0: 508, 1: 0, 2: 492}, 'n_both_nonempty': 492, 'n_ttest_run': 492, 'n_significant': {0.05: 237, 0.01: 237, 0.001: 0}, 'frac_significant': {0.05: 0.4817073170731707, 0.01: 0.4817073170731707, 0.001: 0.0}}, 'upright (joint_up)': {'n_pairs': 1000, 'n_max_trajs': 560, 'n_min_trajs': 280, 'n_nonempty_hist': {0: 518, 1: 0, 2: 482}, 'n_both_nonempty': 482, 'n_ttest_run': 482, 'n_significant': {0.05: 0, 0.01: 0, 0.001: 0}, 'frac_significant': {0.05: 0.0, 0.01: 0.0, 0.001: 0.0}}}","{'sim_only': {'laptop (computer_dist)': {'n_pairs': 1000, 'n_max_trajs': 56, 'n_min_trajs': 448, 'n_nonempty_hist': {0: 508, 1: 0, 2: 492}, 'n_both_nonempty': 492, 'n_ttest_run': 492, 'n_significant': {0.05: 237, 0.01: 237, 0.001: 0}, 'frac_significant': {0.05: 0.4817073170731707, 0.01: 0.4817073170731707, 0.001: 0.0}}, 'upright (joint_up)': {'n_pairs': 1000, 'n_max_trajs': 560, 'n_min_trajs': 280, 'n_nonempty_hist': {0: 518, 1: 0, 2: 482}, 'n_both_nonempty': 482, 'n_ttest_run': 482, 'n_significant': {0.05: 0, 0.01: 0, 0.001: 0}, 'frac_significant': {0.05: 0.0, 0.01: 0.0, 0.001: 0.0}}}}"
1,2,4,results/sirl_ljts/tversky_proj_1785773978.pth,"{'laptop (computer_dist)': {'n_pairs': 1000, 'n_max_trajs': 56, 'n_min_trajs': 448, 'n_nonempty_hist': {0: 508, 1: 0, 2: 492}, 'n_both_nonempty': 492, 'n_ttest_run': 492, 'n_significant': {0.05: 237, 0.01: 237, 0.001: 0}, 'frac_significant': {0.05: 0.4817073170731707, 0.01: 0.4817073170731707, 0.001: 0.0}}, 'upright (joint_up)': {'n_pairs': 1000, 'n_max_trajs': 560, 'n_min_trajs': 280, 'n_nonempty_hist': {0: 518, 1: 0, 2: 482}, 'n_both_nonempty': 482, 'n_ttest_run': 482, 'n_significant': {0.05: 0, 0.01: 0, 0.001: 0}, 'frac_significant': {0.05: 0.0, 0.01: 0.0, 0.001: 0.0}}}","{'sim_only': {'laptop (computer_dist)': {'n_pairs': 1000, 'n_max_trajs': 56, 'n_min_trajs': 448, 'n_nonempty_hist': {0: 508, 1: 0, 2: 492}, 'n_both_nonempty': 492, 'n_ttest_run': 492, 'n_significant': {0.05: 237, 0.01: 237, 0.001: 0}, 'frac_significant': {0.05: 0.4817073170731707, 0.01: 0.4817073170731707, 0.001: 0.0}}, 'upright (joint_up)': {'n_pairs': 1000, 'n_max_trajs': 560, 'n_min_trajs': 280, 'n_nonempty_hist': {0: 518, 1: 0, 2: 482}, 'n_both_nonempty': 482, 'n_ttest_run': 482, 'n_significant': {0.05: 0, 0.01: 0, 0.001: 0}, 'frac_significant': {0.05: 0.0, 0.01: 0.0, 0.001: 0.0}}}}"
2,2,4,results/sirl_ljts/tversky_proj_1785773983.pth,"{'laptop (computer_dist)': {'n_pairs': 1000, 'n_max_trajs': 56, 'n_min_trajs': 448, 'n_nonempty_hist': {0: 508, 1: 492, 2: 0}, 'n_both_nonempty': 0, 'n_ttest_run': 0, 'n_significant': {0.05: 0, 0.01: 0, 0.001: 0}, 'frac_significant': {0.05: 0.0, 0.01: 0.0, 0.001: 0.0}}, 'upright (joint_up)': {'n_pairs': 1000, 'n_max_trajs': 560, 'n_min_trajs': 280, 'n_nonempty_hist': {0: 518, 1: 482, 2: 0}, 'n_both_nonempty': 0, 'n_ttest_run': 0, 'n_significant': {0.05: 0, 0.01: 0, 0.001: 0}, 'frac_significant': {0.05: 0.0, 0.01: 0.0, 0.001: 0.0}}}","{'sim_only': {'laptop (computer_dist)': {'n_pairs': 1000, 'n_max_trajs': 56, 'n_min_trajs': 448, 'n_nonempty_hist': {0: 508, 1: 492, 2: 0}, 'n_both_nonempty': 0, 'n_ttest_run': 0, 'n_significant': {0.05: 0, 0.01: 0, 0.001: 0}, 'frac_significant': {0.05: 0.0, 0.01: 0.0, 0.001: 0.0}}, 'upright (joint_up)': {'n_pairs': 1000, 'n_max_trajs': 560, 'n_min_trajs': 280, 'n_nonempty_hist': {0: 518, 1: 482, 2: 0}, 'n_both_nonempty': 0, 'n_ttest_run': 0, 'n_significant': {0.05: 0, 0.01: 0, 0.001: 0}, 'frac_significant': {0.05: 0.0, 0.01: 0.0, 0.001: 0.0}}}}"
0,2,8,results/sirl_ljts/tversky_proj_1785773987.pth,"{'laptop (computer_dist)': {'n_pairs': 1000, 'n_max_trajs': 56, 'n_min_trajs': 448, 'n_nonempty_hist': {0: 508, 1: 0, 2: 492}, 'n_both_nonempty': 492, 'n_ttest_run': 492, 'n_significant': {0.05: 237, 0.01: 237, 0.001: 0}, 'frac_significant': {0.05: 0.4817073170731707, 0.01: 0.4817073170731707, 0.001: 0.0}}, 'upright (joint_up)': {'n_pairs': 1000, 'n_max_trajs': 560, 'n_min_trajs': 280, 'n_nonempty_hist': {0: 518, 1: 0, 2: 482}, 'n_both_nonempty': 482, 'n_ttest_run': 482, 'n_significant': {0.05: 0, 0.01: 0, 0.001: 0}, 'frac_significant': {0.05: 0.0, 0.01: 0.0, 0.001: 0.0}}}","{'sim_only': {'laptop (computer_dist)': {'n_pairs': 1000, 'n_max_trajs': 56, 'n_min_trajs': 448, 'n_nonempty_hist': {0: 508, 1: 0, 2: 492}, 'n_both_nonempty': 492, 'n_ttest_run': 492, 'n_significant': {0.05: 237, 0.01: 237, 0.001: 0}, 'frac_significant': {0.05: 0.4817073170731707, 0.01: 0.4817073170731707, 0.001: 0.0}}, 'upright (joint_up)': {'n_pairs': 1000, 'n_max_trajs': 560, 'n_min_trajs': 280, 'n_nonempty_hist': {0: 518, 1: 0, 2: 482}, 'n_both_nonempty': 482, 'n_ttest_run': 482, 'n_significant': {0.05: 0, 0.01: 0, 0.001: 0}, 'frac_significant': {0.05: 0.0, 0.01: 0.0, 0.001: 0.0}}}}"
1,2,8,results/sirl_ljts/tversky_proj_1785773992.pth,"{'laptop (computer_dist)': {'n_pairs': 1000, 'n_max_trajs': 56, 'n_min_trajs': 448, 'n_nonempty_hist': {0: 508, 1: 0, 2: 492}, 'n_both_nonempty': 492, 'n_ttest_run': 492, 'n_significant': {0.05: 237, 0.01: 237, 0.001: 0}, 'frac_significant': {0.05: 0.4817073170731707, 0.01: 0.4817073170731707, 0.001: 0.0}}, 'upright (joint_up)': {'n_pairs': 1000, 'n_max_trajs': 560, 'n_min_trajs': 280, 'n_nonempty_hist': {0: 518, 1: 0, 2: 482}, 'n_both_nonempty': 482, 'n_ttest_run': 482, 'n_significant': {0.05: 0, 0.01: 0, 0.001: 0}, 'frac_significant': {0.05: 0.0, 0.01: 0.0, 0.001: 0.0}}}","{'sim_only': {'laptop (computer_dist)': {'n_pairs': 1000, 'n_max_trajs': 56, 'n_min_trajs': 448, 'n_nonempty_hist': {0: 508, 1: 0, 2: 492}, 'n_both_nonempty': 492, 'n_ttest_run': 492, 'n_significant': {0.05: 237, 0.01: 237, 0.001: 0}, 'frac_significant': {0.05: 0.4817073170731707, 0.01: 0.4817073170731707, 0.001: 0.0}}, 'upright (joint_up)': {'n_pairs': 1000, 'n_max_trajs': 560, 'n_min_trajs': 280, 'n_nonempty_hist': {0: 518, 1: 0, 2: 482}, 'n_both_nonempty': 482, 'n_ttest_run': 482, 'n_significant': {0.05: 0, 0.01: 0, 0.001: 0}, 'frac_significant': {0.05: 0.0, 0.01: 0.0, 0.001: 0.0}}}}"
2,2,8,results/sirl_ljts/tversky_proj_1785773996.pth,"{'laptop (computer_dist)': {'n_pairs': 1000, 'n_max_trajs': 56, 'n_min_trajs': 448, 'n_nonempty_hist': {0: 508, 1: 0, 2: 492}, 'n_both_nonempty': 492, 'n_ttest_run': 492, 'n_significant': {0.05: 237, 0.01: 237, 0.001: 0}, 'frac_significant': {0.05: 0.4817073170731707, 0.01: 0.4817073170731707, 0.001: 0.0}}, 'upright (joint_up)': {'n_pairs': 1000, 'n_max_trajs': 560, 'n_min_trajs': 280, 'n_nonempty_hist': {0: 518, 1: 0, 2: 482}, 'n_both_nonempty': 482, 'n_ttest_run': 482, 'n_significant': {0.05: 0, 0.01: 0, 0.001: 0}, 'frac_significant': {0.05: 0.0, 0.01: 0.0, 0.001: 0.0}}}","{'sim_only': {'laptop (computer_dist)': {'n_pairs': 1000, 'n_max_trajs': 56, 'n_min_trajs': 448, 'n_nonempty_hist': {0: 508, 1: 0, 2: 492}, 'n_both_nonempty': 492, 'n_ttest_run': 492, 'n_significant': {0.05: 237, 0.01: 237, 0.001: 0}, 'frac_significant': {0.05: 0.4817073170731707, 0.01: 0.4817073170731707, 0.001: 0.0}}, 'upright (joint_up)': {'n_pairs': 1000, 'n_max_trajs': 560, 'n_min_trajs': 280, 'n_nonempty_hist': {0: 518, 1: 0, 2: 482}, 'n_both_nonempty': 482, 'n_ttest_run': 482, 'n_significant': {0.05: 0, 0.01: 0, 0.001: 0}, 'frac_significant': {0.05: 0.0, 0.01: 0.0, 0.001: 0.0}}}}"
0,2,16,results/sirl_ljts/tversky_proj_1785774000.pth,"{'laptop (computer_dist)': {'n_pairs': 1000, 'n_max_trajs': 56, 'n_min_trajs': 448, 'n_nonempty_hist': {0: 508, 1: 0, 2: 492}, 'n_both_nonempty': 492, 'n_ttest_run': 492, 'n_significant': {0.05: 237, 0.01: 237, 0.001: 0}, 'frac_significant': {0.05: 0.4817073170731707, 0.01: 0.4817073170731707, 0.001: 0.0}}, 'upright (joint_up)': {'n_pairs': 1000, 'n_max_trajs': 560, 'n_min_trajs': 280, 'n_nonempty_hist': {0: 518, 1: 0, 2: 482}, 'n_both_nonempty': 482, 'n_ttest_run': 482, 'n_significant': {0.05: 0, 0.01: 0, 0.001: 0}, 'frac_significant': {0.05: 0.0, 0.01: 0.0, 0.001: 0.0}}}","{'sim_only': {'laptop (computer_dist)': {'n_pairs': 1000, 'n_max_trajs': 56, 'n_min_trajs': 448, 'n_nonempty_hist': {0: 508, 1: 0, 2: 492}, 'n_both_nonempty': 492, 'n_ttest_run': 492, 'n_significant': {0.05: 237, 0.01: 237, 0.001: 0}, 'frac_significant': {0.05: 0.4817073170731707, 0.01: 0.4817073170731707, 0.001: 0.0}}, 'upright (joint_up)': {'n_pairs': 1000, 'n_max_trajs': 560, 'n_min_trajs': 280, 'n_nonempty_hist': {0: 518, 1: 0, 2: 482}, 'n_both_nonempty': 482, 'n_ttest_run': 482, 'n_significant': {0.05: 0, 0.01: 0, 0.001: 0}, 'frac_significant': {0.05: 0.0, 0.01: 0.0, 0.001: 0.0}}}}"
1,2,16,results/sirl_ljts/tversky_proj_1785774005.pth,"{'laptop (computer_dist)': {'n_pairs': 1000, 'n_max_trajs': 56, 'n_min_trajs': 448, 'n_nonempty_hist': {0: 508, 1: 0, 2: 492}, 'n_both_nonempty': 492, 'n_ttest_run': 492, 'n_significant': {0.05: 237, 0.01: 237, 0.001: 0}, 'frac_significant': {0.05: 0.4817073170731707, 0.01: 0.4817073170731707, 0.001: 0.0}}, 'upright (joint_up)': {'n_pairs': 1000, 'n_max_trajs': 560, 'n_min_trajs': 280, 'n_nonempty_hist': {0: 518, 1: 0, 2: 482}, 'n_both_nonempty': 482, 'n_ttest_run': 482, 'n_significant': {0.05: 0, 0.01: 0, 0.001: 0}, 'frac_significant': {0.05: 0.0, 0.01: 0.0, 0.001: 0.0}}}","{'sim_only': {'laptop (computer_dist)': {'n_pairs': 1000, 'n_max_trajs': 56, 'n_min_trajs': 448, 'n_nonempty_hist': {0: 508, 1: 0, 2: 492}, 'n_both_nonempty': 492, 'n_ttest_run': 492, 'n_significant': {0.05: 237, 0.01: 237, 0.001: 0}, 'frac_significant': {0.05: 0.4817073170731707, 0.01: 0.4817073170731707, 0.001: 0.0}}, 'upright (joint_up)': {'n_pairs': 1000, 'n_max_trajs': 560, 'n_min_trajs': 280, 'n_nonempty_hist': {0: 518, 1: 0, 2: 482}, 'n_both_nonempty': 482, 'n_ttest_run': 482, 'n_significant': {0.05: 0, 0.01: 0, 0.001: 0}, 'frac_significant': {0.05: 0.0, 0.01: 0.0, 0.001: 0.0}}}}"
2,2,16,results/sirl_ljts/tversky_proj_1785774010.pth,"{'laptop (computer_dist)': {'n_pairs': 1000, 'n_max_trajs': 56, 'n_min_trajs': 448, 'n_nonempty_hist': {0: 508, 1: 0, 2: 492}, 'n_both_nonempty': 492, 'n_ttest_run': 492, 'n_significant': {0.05: 237, 0.01: 237, 0.001: 0}, 'frac_significant': {0.05: 0.4817073170731707, 0.01: 0.4817073170731707, 0.001: 0.0}}, 'upright (joint_up)': {'n_pairs': 1000, 'n_max_trajs': 560, 'n_min_trajs': 280, 'n_nonempty_hist': {0: 518, 1: 0, 2: 482}, 'n_both_nonempty': 482, 'n_ttest_run': 482, 'n_significant': {0.05: 0, 0.01: 0, 0.001: 0}, 'frac_significant': {0.05: 0.0, 0.01: 0.0, 0.001: 0.0}}}","{'sim_only': {'laptop (computer_dist)': {'n_pairs': 1000, 'n_max_trajs': 56, 'n_min_trajs': 448, 'n_nonempty_hist': {0: 508, 1: 0, 2: 492}, 'n_both_nonempty': 492, 'n_ttest_run': 492, 'n_significant': {0.05: 237, 0.01: 237, 0.001: 0}, 'frac_significant': {0.05: 0.4817073170731707, 0.01: 0.4817073170731707, 0.001: 0.0}}, 'upright (joint_up)': {'n_pairs': 1000, 'n_max_trajs': 560, 'n_min_trajs': 280, 'n_nonempty_hist': {0: 518, 1: 0, 2: 482}, 'n_both_nonempty': 482, 'n_ttest_run': 482, 'n_significant': {0.05: 0, 0.01: 0, 0.001: 0}, 'frac_significant': {0.05: 0.0, 0.01: 0.0, 0.001: 0.0}}}}"
0,2,32,results/sirl_ljts/tversky_proj_1785774015.pth,"{'laptop (computer_dist)': {'n_pairs': 1000, 'n_max_trajs': 56, 'n_min_trajs': 448, 'n_nonempty_hist': {0: 508, 1: 0, 2: 492}, 'n_both_nonempty': 492, 'n_ttest_run': 492, 'n_significant': {0.05: 237, 0.01: 237, 0.001: 0}, 'frac_significant': {0.05: 0.4817073170731707, 0.01: 0.4817073170731707, 0.001: 0.0}}, 'upright (joint_up)': {'n_pairs': 1000, 'n_max_trajs': 560, 'n_min_trajs': 280, 'n_nonempty_hist': {0: 518, 1: 0, 2: 482}, 'n_both_nonempty': 482, 'n_ttest_run': 482, 'n_significant': {0.05: 0, 0.01: 0, 0.001: 0}, 'frac_significant': {0.05: 0.0, 0.01: 0.0, 0.001: 0.0}}}","{'sim_only': {'laptop (computer_dist)': {'n_pairs': 1000, 'n_max_trajs': 56, 'n_min_trajs': 448, 'n_nonempty_hist': {0: 508, 1: 0, 2: 492}, 'n_both_nonempty': 492, 'n_ttest_run': 492, 'n_significant': {0.05: 237, 0.01: 237, 0.001: 0}, 'frac_significant': {0.05: 0.4817073170731707, 0.01: 0.4817073170731707, 0.001: 0.0}}, 'upright (joint_up)': {'n_pairs': 1000, 'n_max_trajs': 560, 'n_min_trajs': 280, 'n_nonempty_hist': {0: 518, 1: 0, 2: 482}, 'n_both_nonempty': 482, 'n_ttest_run': 482, 'n_significant': {0.05: 0, 0.01: 0, 0.001: 0}, 'frac_significant': {0.05: 0.0, 0.01: 0.0, 0.001: 0.0}}}}"
1,2,32,results/sirl_ljts/tversky_proj_1785774019.pth,"{'laptop (computer_dist)': {'n_pairs': 1000, 'n_max_trajs': 56, 'n_min_trajs': 448, 'n_nonempty_hist': {0: 508, 1: 0, 2: 492}, 'n_both_nonempty': 492, 'n_ttest_run': 492, 'n_significant': {0.05: 237, 0.01: 237, 0.001: 0}, 'frac_significant': {0.05: 0.4817073170731707, 0.01: 0.4817073170731707, 0.001: 0.0}}, 'upright (joint_up)': {'n_pairs': 1000, 'n_max_trajs': 560, 'n_min_trajs': 280, 'n_nonempty_hist': {0: 518, 1: 0, 2: 482}, 'n_both_nonempty': 482, 'n_ttest_run': 482, 'n_significant': {0.05: 0, 0.01: 0, 0.001: 0}, 'frac_significant': {0.05: 0.0, 0.01: 0.0, 0.001: 0.0}}}","{'sim_only': {'laptop (computer_dist)': {'n_pairs': 1000, 'n_max_trajs': 56, 'n_min_trajs': 448, 'n_nonempty_hist': {0: 508, 1: 0, 2: 492}, 'n_both_nonempty': 492, 'n_ttest_run': 492, 'n_significant': {0.05: 237, 0.01: 237, 0.001: 0}, 'frac_significant': {0.05: 0.4817073170731707, 0.01: 0.4817073170731707, 0.001: 0.0}}, 'upright (joint_up)': {'n_pairs': 1000, 'n_max_trajs': 560, 'n_min_trajs': 280, 'n_nonempty_hist': {0: 518, 1: 0, 2: 482}, 'n_both_nonempty': 482, 'n_ttest_run': 482, 'n_significant': {0.05: 0, 0.01: 0, 0.001: 0}, 'frac_significant': {0.05: 0.0, 0.01: 0.0, 0.001: 0.0}}}}"
2,2,32,results/sirl_ljts/tversky_proj_1785774024.pth,"{'laptop (computer_dist)': {'n_pairs': 1000, 'n_max_trajs': 56, 'n_min_trajs': 448, 'n_nonempty_hist': {0: 508, 1: 0, 2: 492}, 'n_both_nonempty': 492, 'n_ttest_run': 492, 'n_significant': {0.05: 237, 0.01: 237, 0.001: 0}, 'frac_significant': {0.05: 0.4817073170731707, 0.01: 0.4817073170731707, 0.001: 0.0}}, 'upright (joint_up)': {'n_pairs': 1000, 'n_max_trajs': 560, 'n_min_trajs': 280, 'n_nonempty_hist': {0: 518, 1: 0, 2: 482}, 'n_both_nonempty': 482, 'n_ttest_run': 482, 'n_significant': {0.05: 0, 0.01: 0, 0.001: 0}, 'frac_significant': {0.05: 0.0, 0.01: 0.0, 0.001: 0.0}}}","{'sim_only': {'laptop (computer_dist)': {'n_pairs': 1000, 'n_max_trajs': 56, 'n_min_trajs': 448, 'n_nonempty_hist': {0: 508, 1: 0, 2: 492}, 'n_both_nonempty': 492, 'n_ttest_run': 492, 'n_significant': {0.05: 237, 0.01: 237, 0.001: 0}, 'frac_significant': {0.05: 0.4817073170731707, 0.01: 0.4817073170731707, 0.001: 0.0}}, 'upright (joint_up)': {'n_pairs': 1000, 'n_max_trajs': 560, 'n_min_trajs': 280, 'n_nonempty_hist': {0: 518, 1: 0, 2: 482}, 'n_both_nonempty': 482, 'n_ttest_run': 482, 'n_significant': {0.05: 0, 0.01: 0, 0.001: 0}, 'frac_significant': {0.05: 0.0, 0.01: 0.0, 0.001: 0.0}}}}"
0,2,64,results/sirl_ljts/tversky_proj_1785774028.pth,"{'laptop (computer_dist)': {'n_pairs': 1000, 'n_max_trajs': 56, 'n_min_trajs': 448, 'n_nonempty_hist': {0: 508, 1: 0, 2: 492}, 'n_both_nonempty': 492, 'n_ttest_run': 492, 'n_significant': {0.05: 237, 0.01: 237, 0.001: 0}, 'frac_significant': {0.05: 0.4817073170731707, 0.01: 0.4817073170731707, 0.001: 0.0}}, 'upright (joint_up)': {'n_pairs': 1000, 'n_max_trajs': 560, 'n_min_trajs': 280, 'n_nonempty_hist': {0: 518, 1: 0, 2: 482}, 'n_both_nonempty': 482, 'n_ttest_run': 482, 'n_significant': {0.05: 0, 0.01: 0, 0.001: 0}, 'frac_significant': {0.05: 0.0, 0.01: 0.0, 0.001: 0.0}}}","{'sim_only': {'laptop (computer_dist)': {'n_pairs': 1000, 'n_max_trajs': 56, 'n_min_trajs': 448, 'n_nonempty_hist': {0: 508, 1: 0, 2: 492}, 'n_both_nonempty': 492, 'n_ttest_run': 492, 'n_significant': {0.05: 237, 0.01: 237, 0.001: 0}, 'frac_significant': {0.05: 0.4817073170731707, 0.01: 0.4817073170731707, 0.001: 0.0}}, 'upright (joint_up)': {'n_pairs': 1000, 'n_max_trajs': 560, 'n_min_trajs': 280, 'n_nonempty_hist': {0: 518, 1: 0, 2: 482}, 'n_both_nonempty': 482, 'n_ttest_run': 482, 'n_significant': {0.05: 0, 0.01: 0, 0.001: 0}, 'frac_significant': {0.05: 0.0, 0.01: 0.0, 0.001: 0.0}}}}"
1,2,64,results/sirl_ljts/tversky_proj_1785774033.pth,"{'laptop (computer_dist)': {'n_pairs': 1000, 'n_max_trajs': 56, 'n_min_trajs': 448, 'n_nonempty_hist': {0: 508, 1: 0, 2: 492}, 'n_both_nonempty': 492, 'n_ttest_run': 492, 'n_significant': {0.05: 237, 0.01: 237, 0.001: 0}, 'frac_significant': {0.05: 0.4817073170731707, 0.01: 0.4817073170731707, 0.001: 0.0}}, 'upright (joint_up)': {'n_pairs': 1000, 'n_max_trajs': 560, 'n_min_trajs': 280, 'n_nonempty_hist': {0: 518, 1: 0, 2: 482}, 'n_both_nonempty': 482, 'n_ttest_run': 482, 'n_significant': {0.05: 0, 0.01: 0, 0.001: 0}, 'frac_significant': {0.05: 0.0, 0.01: 0.0, 0.001: 0.0}}}","{'sim_only': {'laptop (computer_dist)': {'n_pairs': 1000, 'n_max_trajs': 56, 'n_min_trajs': 448, 'n_nonempty_hist': {0: 508, 1: 0, 2: 492}, 'n_both_nonempty': 492, 'n_ttest_run': 492, 'n_significant': {0.05: 237, 0.01: 237, 0.001: 0}, 'frac_significant': {0.05: 0.4817073170731707, 0.01: 0.4817073170731707, 0.001: 0.0}}, 'upright (joint_up)': {'n_pairs': 1000, 'n_max_trajs': 560, 'n_min_trajs': 280, 'n_nonempty_hist': {0: 518, 1: 0, 2: 482}, 'n_both_nonempty': 482, 'n_ttest_run': 482, 'n_significant': {0.05: 0, 0.01: 0, 0.001: 0}, 'frac_significant': {0.05: 0.0, 0.01: 0.0, 0.001: 0.0}}}}"
2,2,64,results/sirl_ljts/tversky_proj_1785774038.pth,"{'laptop (computer_dist)': {'n_pairs': 1000, 'n_max_trajs': 56, 'n_min_trajs': 448, 'n_nonempty_hist': {0: 508, 1: 0, 2: 492}, 'n_both_nonempty': 492, 'n_ttest_run': 492, 'n_significant': {0.05: 237, 0.01: 237, 0.001: 0}, 'frac_significant': {0.05: 0.4817073170731707, 0.01: 0.4817073170731707, 0.001: 0.0}}, 'upright (joint_up)': {'n_pairs': 1000, 'n_max_trajs': 560, 'n_min_trajs': 280, 'n_nonempty_hist': {0: 518, 1: 0, 2: 482}, 'n_both_nonempty': 482, 'n_ttest_run': 482, 'n_significant': {0.05: 0, 0.01: 0, 0.001: 0}, 'frac_significant': {0.05: 0.0, 0.01: 0.0, 0.001: 0.0}}}","{'sim_only': {'laptop (computer_dist)': {'n_pairs': 1000, 'n_max_trajs': 56, 'n_min_trajs': 448, 'n_nonempty_hist': {0: 508, 1: 0, 2: 492}, 'n_both_nonempty': 492, 'n_ttest_run': 492, 'n_significant': {0.05: 237, 0.01: 237, 0.001: 0}, 'frac_significant': {0.05: 0.4817073170731707, 0.01: 0.4817073170731707, 0.001: 0.0}}, 'upright (joint_up)': {'n_pairs': 1000, 'n_max_trajs': 560, 'n_min_trajs': 280, 'n_nonempty_hist': {0: 518, 1: 0, 2: 482}, 'n_both_nonempty': 482, 'n_ttest_run': 482, 'n_significant': {0.05: 0, 0.01: 0, 0.001: 0}, 'frac_significant': {0.05: 0.0, 0.01: 0.0, 0.001: 0.0}}}}"
0,2,128,results/sirl_ljts/tversky_proj_1785774042.pth,"{'laptop (computer_dist)': {'n_pairs': 1000, 'n_max_trajs': 56, 'n_min_trajs': 448, 'n_nonempty_hist': {0: 508, 1: 0, 2: 492}, 'n_both_nonempty': 492, 'n_ttest_run': 492, 'n_significant': {0.05: 237, 0.01: 237, 0.001: 0}, 'frac_significant': {0.05: 0.4817073170731707, 0.01: 0.4817073170731707, 0.001: 0.0}}, 'upright (joint_up)': {'n_pairs': 1000, 'n_max_trajs': 560, 'n_min_trajs': 280, 'n_nonempty_hist': {0: 518, 1: 0, 2: 482}, 'n_both_nonempty': 482, 'n_ttest_run': 482, 'n_significant': {0.05: 0, 0.01: 0, 0.001: 0}, 'frac_significant': {0.05: 0.0, 0.01: 0.0, 0.001: 0.0}}}","{'sim_only': {'laptop (computer_dist)': {'n_pairs': 1000, 'n_max_trajs': 56, 'n_min_trajs': 448, 'n_nonempty_hist': {0: 508, 1: 0, 2: 492}, 'n_both_nonempty': 492, 'n_ttest_run': 492, 'n_significant': {0.05: 237, 0.01: 237, 0.001: 0}, 'frac_significant': {0.05: 0.4817073170731707, 0.01: 0.4817073170731707, 0.001: 0.0}}, 'upright (joint_up)': {'n_pairs': 1000, 'n_max_trajs': 560, 'n_min_trajs': 280, 'n_nonempty_hist': {0: 518, 1: 0, 2: 482}, 'n_both_nonempty': 482, 'n_ttest_run': 482, 'n_significant': {0.05: 0, 0.01: 0, 0.001: 0}, 'frac_significant': {0.05: 0.0, 0.01: 0.0, 0.001: 0.0}}}}"
1,2,128,results/sirl_ljts/tversky_proj_1785774047.pth,"{'laptop (computer_dist)': {'n_pairs': 1000, 'n_max_trajs': 56, 'n_min_trajs': 448, 'n_nonempty_hist': {0: 508, 1: 0, 2: 492}, 'n_both_nonempty': 492, 'n_ttest_run': 492, 'n_significant': {0.05: 237, 0.01: 237, 0.001: 0}, 'frac_significant': {0.05: 0.4817073170731707, 0.01: 0.4817073170731707, 0.001: 0.0}}, 'upright (joint_up)': {'n_pairs': 1000, 'n_max_trajs': 560, 'n_min_trajs': 280, 'n_nonempty_hist': {0: 518, 1: 0, 2: 482}, 'n_both_nonempty': 482, 'n_ttest_run': 482, 'n_significant': {0.05: 0, 0.01: 0, 0.001: 0}, 'frac_significant': {0.05: 0.0, 0.01: 0.0, 0.001: 0.0}}}","{'sim_only': {'laptop (computer_dist)': {'n_pairs': 1000, 'n_max_trajs': 56, 'n_min_trajs': 448, 'n_nonempty_hist': {0: 508, 1: 0, 2: 492}, 'n_both_nonempty': 492, 'n_ttest_run': 492, 'n_significant': {0.05: 237, 0.01: 237, 0.001: 0}, 'frac_significant': {0.05: 0.4817073170731707, 0.01: 0.4817073170731707, 0.001: 0.0}}, 'upright (joint_up)': {'n_pairs': 1000, 'n_max_trajs': 560, 'n_min_trajs': 280, 'n_nonempty_hist': {0: 518, 1: 0, 2: 482}, 'n_both_nonempty': 482, 'n_ttest_run': 482, 'n_significant': {0.05: 0, 0.01: 0, 0.001: 0}, 'frac_significant': {0.05: 0.0, 0.01: 0.0, 0.001: 0.0}}}}"
2,2,128,results/sirl_ljts/tversky_proj_1785774052.pth,"{'laptop (computer_dist)': {'n_pairs': 1000, 'n_max_trajs': 56, 'n_min_trajs': 448, 'n_nonempty_hist': {0: 508, 1: 0, 2: 492}, 'n_both_nonempty': 492, 'n_ttest_run': 492, 'n_significant': {0.05: 237, 0.01: 237, 0.001: 0}, 'frac_significant': {0.05: 0.4817073170731707, 0.01: 0.4817073170731707, 0.001: 0.0}}, 'upright (joint_up)': {'n_pairs': 1000, 'n_max_trajs': 560, 'n_min_trajs': 280, 'n_nonempty_hist': {0: 518, 1: 0, 2: 482}, 'n_both_nonempty': 482, 'n_ttest_run': 482, 'n_significant': {0.05: 0, 0.01: 0, 0.001: 0}, 'frac_significant': {0.05: 0.0, 0.01: 0.0, 0.001: 0.0}}}","{'sim_only': {'laptop (computer_dist)': {'n_pairs': 1000, 'n_max_trajs': 56, 'n_min_trajs': 448, 'n_nonempty_hist': {0: 508, 1: 0, 2: 492}, 'n_both_nonempty': 492, 'n_ttest_run': 492, 'n_significant': {0.05: 237, 0.01: 237, 0.001: 0}, 'frac_significant': {0.05: 0.4817073170731707, 0.01: 0.4817073170731707, 0.001: 0.0}}, 'upright (joint_up)': {'n_pairs': 1000, 'n_max_trajs': 560, 'n_min_trajs': 280, 'n_nonempty_hist': {0: 518, 1: 0, 2: 482}, 'n_both_nonempty': 482, 'n_ttest_run': 482, 'n_significant': {0.05: 0, 0.01: 0, 0.001: 0}, 'frac_significant': {0.05: 0.0, 0.01: 0.0, 0.001: 0.0}}}}"
0,2,256,results/sirl_ljts/tversky_proj_1785774057.pth,"{'laptop (computer_dist)': {'n_pairs': 1000, 'n_max_trajs': 56, 'n_min_trajs': 448, 'n_nonempty_hist': {0: 508, 1: 0, 2: 492}, 'n_both_nonempty': 492, 'n_ttest_run': 492, 'n_significant': {0.05: 237, 0.01: 237, 0.001: 0}, 'frac_significant': {0.05: 0.4817073170731707, 0.01: 0.4817073170731707, 0.001: 0.0}}, 'upright (joint_up)': {'n_pairs': 1000, 'n_max_trajs': 560, 'n_min_trajs': 280, 'n_nonempty_hist': {0: 518, 1: 0, 2: 482}, 'n_both_nonempty': 482, 'n_ttest_run': 482, 'n_significant': {0.05: 0, 0.01: 0, 0.001: 0}, 'frac_significant': {0.05: 0.0, 0.01: 0.0, 0.001: 0.0}}}","{'sim_only': {'laptop (computer_dist)': {'n_pairs': 1000, 'n_max_trajs': 56, 'n_min_trajs': 448, 'n_nonempty_hist': {0: 508, 1: 0, 2: 492}, 'n_both_nonempty': 492, 'n_ttest_run': 492, 'n_significant': {0.05: 237, 0.01: 237, 0.001: 0}, 'frac_significant': {0.05: 0.4817073170731707, 0.01: 0.4817073170731707, 0.001: 0.0}}, 'upright (joint_up)': {'n_pairs': 1000, 'n_max_trajs': 560, 'n_min_trajs': 280, 'n_nonempty_hist': {0: 518, 1: 0, 2: 482}, 'n_both_nonempty': 482, 'n_ttest_run': 482, 'n_significant': {0.05: 0, 0.01: 0, 0.001: 0}, 'frac_significant': {0.05: 0.0, 0.01: 0.0, 0.001: 0.0}}}}"
1,2,256,results/sirl_ljts/tversky_proj_1785774062.pth,"{'laptop (computer_dist)': {'n_pairs': 1000, 'n_max_trajs': 56, 'n_min_trajs': 448, 'n_nonempty_hist': {0: 508, 1: 0, 2: 492}, 'n_both_nonempty': 492, 'n_ttest_run': 492, 'n_significant': {0.05: 237, 0.01: 237, 0.001: 0}, 'frac_significant': {0.05: 0.4817073170731707, 0.01: 0.4817073170731707, 0.001: 0.0}}, 'upright (joint_up)': {'n_pairs': 1000, 'n_max_trajs': 560, 'n_min_trajs': 280, 'n_nonempty_hist': {0: 518, 1: 0, 2: 482}, 'n_both_nonempty': 482, 'n_ttest_run': 482, 'n_significant': {0.05: 0, 0.01: 0, 0.001: 0}, 'frac_significant': {0.05: 0.0, 0.01: 0.0, 0.001: 0.0}}}","{'sim_only': {'laptop (computer_dist)': {'n_pairs': 1000, 'n_max_trajs': 56, 'n_min_trajs': 448, 'n_nonempty_hist': {0: 508, 1: 0, 2: 492}, 'n_both_nonempty': 492, 'n_ttest_run': 492, 'n_significant': {0.05: 237, 0.01: 237, 0.001: 0}, 'frac_significant': {0.05: 0.4817073170731707, 0.01: 0.4817073170731707, 0.001: 0.0}}, 'upright (joint_up)': {'n_pairs': 1000, 'n_max_trajs': 560, 'n_min_trajs': 280, 'n_nonempty_hist': {0: 518, 1: 0, 2: 482}, 'n_both_nonempty': 482, 'n_ttest_run': 482, 'n_significant': {0.05: 0, 0.01: 0, 0.001: 0}, 'frac_significant': {0.05: 0.0, 0.01: 0.0, 0.001: 0.0}}}}"
2,2,256,results/sirl_ljts/tversky_proj_1785774067.pth,"{'laptop (computer_dist)': {'n_pairs': 1000, 'n_max_trajs': 56, 'n_min_trajs': 448, 'n_nonempty_hist': {0: 508, 1: 0, 2: 492}, 'n_both_nonempty': 492, 'n_ttest_run': 492, 'n_significant': {0.05: 237, 0.01: 237, 0.001: 0}, 'frac_significant': {0.05: 0.4817073170731707, 0.01: 0.4817073170731707, 0.001: 0.0}}, 'upright (joint_up)': {'n_pairs': 1000, 'n_max_trajs': 560, 'n_min_trajs': 280, 'n_nonempty_hist': {0: 518, 1: 0, 2: 482}, 'n_both_nonempty': 482, 'n_ttest_run': 482, 'n_significant': {0.05: 0, 0.01: 0, 0.001: 0}, 'frac_significant': {0.05: 0.0, 0.01: 0.0, 0.001: 0.0}}}","{'sim_only': {'laptop (computer_dist)': {'n_pairs': 1000, 'n_max_trajs': 56, 'n_min_trajs': 448, 'n_nonempty_hist': {0: 508, 1: 0, 2: 492}, 'n_both_nonempty': 492, 'n_ttest_run': 492, 'n_significant': {0.05: 237, 0.01: 237, 0.001: 0}, 'frac_significant': {0.05: 0.4817073170731707, 0.01: 0.4817073170731707, 0.001: 0.0}}, 'upright (joint_up)': {'n_pairs': 1000, 'n_max_trajs': 560, 'n_min_trajs': 280, 'n_nonempty_hist': {0: 518, 1: 0, 2: 482}, 'n_both_nonempty': 482, 'n_ttest_run': 482, 'n_significant': {0.05: 0, 0.01: 0, 0.001: 0}, 'frac_significant': {0.05: 0.0, 0.01: 0.0, 0.001: 0.0}}}}"
0,4,2,results/sirl_ljts/tversky_proj_1785774071.pth,"{'laptop (computer_dist)': {'n_pairs': 1000, 'n_max_trajs': 56, 'n_min_trajs': 448, 'n_nonempty_hist': {0: 0, 1: 14, 2: 986}, 'n_both_nonempty': 986, 'n_ttest_run': 986, 'n_significant': {0.05: 986, 0.01: 986, 0.001: 986}, 'frac_significant': {0.05: 1.0, 0.01: 1.0, 0.001: 1.0}}, 'upright (joint_up)': {'n_pairs': 1000, 'n_max_trajs': 560, 'n_min_trajs': 280, 'n_nonempty_hist': {0: 453, 1: 94, 2: 453}, 'n_both_nonempty': 453, 'n_ttest_run': 453, 'n_significant': {0.05: 234, 0.01: 234, 0.001: 0}, 'frac_significant': {0.05: 0.5165562913907285, 0.01: 0.5165562913907285, 0.001: 0.0}}}","{'sim_only': {'laptop (computer_dist)': {'n_pairs': 1000, 'n_max_trajs': 56, 'n_min_trajs': 448, 'n_nonempty_hist': {0: 0, 1: 14, 2: 986}, 'n_both_nonempty': 986, 'n_ttest_run': 986, 'n_significant': {0.05: 986, 0.01: 986, 0.001: 986}, 'frac_significant': {0.05: 1.0, 0.01: 1.0, 0.001: 1.0}}, 'upright (joint_up)': {'n_pairs': 1000, 'n_max_trajs': 560, 'n_min_trajs': 280, 'n_nonempty_hist': {0: 453, 1: 94, 2: 453}, 'n_both_nonempty': 453, 'n_ttest_run': 453, 'n_significant': {0.05: 234, 0.01: 234, 0.001: 0}, 'frac_significant': {0.05: 0.5165562913907285, 0.01: 0.5165562913907285, 0.001: 0.0}}}}"
1,4,2,results/sirl_ljts/tversky_proj_1785774076.pth,"{'laptop (computer_dist)': {'n_pairs': 1000, 'n_max_trajs': 56, 'n_min_trajs': 448, 'n_nonempty_hist': {0: 0, 1: 106, 2: 894}, 'n_both_nonempty': 894, 'n_ttest_run': 894, 'n_significant': {0.05: 894, 0.01: 894, 0.001: 894}, 'frac_significant': {0.05: 1.0, 0.01: 1.0, 0.001: 1.0}}, 'upright (joint_up)': {'n_pairs': 1000, 'n_max_trajs': 560, 'n_min_trajs': 280, 'n_nonempty_hist': {0: 411, 1: 165, 2: 424}, 'n_both_nonempty': 424, 'n_ttest_run': 424, 'n_significant': {0.05: 0, 0.01: 0, 0.001: 0}, 'frac_significant': {0.05: 0.0, 0.01: 0.0, 0.001: 0.0}}}","{'sim_only': {'laptop (computer_dist)': {'n_pairs': 1000, 'n_max_trajs': 56, 'n_min_trajs': 448, 'n_nonempty_hist': {0: 0, 1: 106, 2: 894}, 'n_both_nonempty': 894, 'n_ttest_run': 894, 'n_significant': {0.05: 894, 0.01: 894, 0.001: 894}, 'frac_significant': {0.05: 1.0, 0.01: 1.0, 0.001: 1.0}}, 'upright (joint_up)': {'n_pairs': 1000, 'n_max_trajs': 560, 'n_min_trajs': 280, 'n_nonempty_hist': {0: 411, 1: 165, 2: 424}, 'n_both_nonempty': 424, 'n_ttest_run': 424, 'n_significant': {0.05: 0, 0.01: 0, 0.001: 0}, 'frac_significant': {0.05: 0.0, 0.01: 0.0, 0.001: 0.0}}}}"
2,4,2,results/sirl_ljts/tversky_proj_1785774080.pth,"{'laptop (computer_dist)': {'n_pairs': 1000, 'n_max_trajs': 56, 'n_min_trajs': 448, 'n_nonempty_hist': {0: 0, 1: 2, 2: 998}, 'n_both_nonempty': 998, 'n_ttest_run': 998, 'n_significant': {0.05: 998, 0.01: 998, 0.001: 998}, 'frac_significant': {0.05: 1.0, 0.01: 1.0, 0.001: 1.0}}, 'upright (joint_up)': {'n_pairs': 1000, 'n_max_trajs': 560, 'n_min_trajs': 280, 'n_nonempty_hist': {0: 456, 1: 86, 2: 458}, 'n_both_nonempty': 458, 'n_ttest_run': 458, 'n_significant': {0.05: 240, 0.01: 240, 0.001: 0}, 'frac_significant': {0.05: 0.5240174672489083, 0.01: 0.5240174672489083, 0.001: 0.0}}}","{'sim_only': {'laptop (computer_dist)': {'n_pairs': 1000, 'n_max_trajs': 56, 'n_min_trajs': 448, 'n_nonempty_hist': {0: 0, 1: 2, 2: 998}, 'n_both_nonempty': 998, 'n_ttest_run': 998, 'n_significant': {0.05: 998, 0.01: 998, 0.001: 998}, 'frac_significant': {0.05: 1.0, 0.01: 1.0, 0.001: 1.0}}, 'upright (joint_up)': {'n_pairs': 1000, 'n_max_trajs': 560, 'n_min_trajs': 280, 'n_nonempty_hist': {0: 456, 1: 86, 2: 458}, 'n_both_nonempty': 458, 'n_ttest_run': 458, 'n_significant': {0.05: 240, 0.01: 240, 0.001: 0}, 'frac_significant': {0.05: 0.5240174672489083, 0.01: 0.5240174672489083, 0.001: 0.0}}}}"
0,4,4,results/sirl_ljts/tversky_proj_1785774084.pth,"{'laptop (computer_dist)': {'n_pairs': 1000, 'n_max_trajs': 56, 'n_min_trajs': 448, 'n_nonempty_hist': {0: 0, 1: 70, 2: 930}, 'n_both_nonempty': 930, 'n_ttest_run': 930, 'n_significant': {0.05: 930, 0.01: 930, 0.001: 930}, 'frac_significant': {0.05: 1.0, 0.01: 1.0, 0.001: 1.0}}, 'upright (joint_up)': {'n_pairs': 1000, 'n_max_trajs': 560, 'n_min_trajs': 280, 'n_nonempty_hist': {0: 359, 1: 177, 2: 464}, 'n_both_nonempty': 464, 'n_ttest_run': 464, 'n_significant': {0.05: 47, 0.01: 47, 0.001: 0}, 'frac_significant': {0.05: 0.10129310344827586, 0.01: 0.10129310344827586, 0.001: 0.0}}}","{'sim_only': {'laptop (computer_dist)': {'n_pairs': 1000, 'n_max_trajs': 56, 'n_min_trajs': 448, 'n_nonempty_hist': {0: 0, 1: 70, 2: 930}, 'n_both_nonempty': 930, 'n_ttest_run': 930, 'n_significant': {0.05: 930, 0.01: 930, 0.001: 930}, 'frac_significant': {0.05: 1.0, 0.01: 1.0, 0.001: 1.0}}, 'upright (joint_up)': {'n_pairs': 1000, 'n_max_trajs': 560, 'n_min_trajs': 280, 'n_nonempty_hist': {0: 359, 1: 177, 2: 464}, 'n_both_nonempty': 464, 'n_ttest_run': 464, 'n_significant': {0.05: 47, 0.01: 47, 0.001: 0}, 'frac_significant': {0.05: 0.10129310344827586, 0.01: 0.10129310344827586, 0.001: 0.0}}}}"
1,4,4,results/sirl_ljts/tversky_proj_1785774088.pth,"{'laptop (computer_dist)': {'n_pairs': 1000, 'n_max_trajs': 56, 'n_min_trajs': 448, 'n_nonempty_hist': {0: 0, 1: 28, 2: 972}, 'n_both_nonempty': 972, 'n_ttest_run': 972, 'n_significant': {0.05: 972, 0.01: 972, 0.001: 972}, 'frac_significant': {0.05: 1.0, 0.01: 1.0, 0.001: 1.0}}, 'upright (joint_up)': {'n_pairs': 1000, 'n_max_trajs': 560, 'n_min_trajs': 280, 'n_nonempty_hist': {0: 421, 1: 102, 2: 477}, 'n_both_nonempty': 477, 'n_ttest_run': 477, 'n_significant': {0.05: 0, 0.01: 0, 0.001: 0}, 'frac_significant': {0.05: 0.0, 0.01: 0.0, 0.001: 0.0}}}","{'sim_only': {'laptop (computer_dist)': {'n_pairs': 1000, 'n_max_trajs': 56, 'n_min_trajs': 448, 'n_nonempty_hist': {0: 0, 1: 28, 2: 972}, 'n_both_nonempty': 972, 'n_ttest_run': 972, 'n_significant': {0.05: 972, 0.01: 972, 0.001: 972}, 'frac_significant': {0.05: 1.0, 0.01: 1.0, 0.001: 1.0}}, 'upright (joint_up)': {'n_pairs': 1000, 'n_max_trajs': 560, 'n_min_trajs': 280, 'n_nonempty_hist': {0: 421, 1: 102, 2: 477}, 'n_both_nonempty': 477, 'n_ttest_run': 477, 'n_significant': {0.05: 0, 0.01: 0, 0.001: 0}, 'frac_significant': {0.05: 0.0, 0.01: 0.0, 0.001: 0.0}}}}"
2,4,4,results/sirl_ljts/tversky_proj_1785774093.pth,"{'laptop (computer_dist)': {'n_pairs': 1000, 'n_max_trajs': 56, 'n_min_trajs': 448, 'n_nonempty_hist': {0: 0, 1: 0, 2: 1000}, 'n_both_nonempty': 1000, 'n_ttest_run': 1000, 'n_significant': {0.05: 1000, 0.01: 1000, 0.001: 1000}, 'frac_significant': {0.05: 1.0, 0.01: 1.0, 0.001: 1.0}}, 'upright (joint_up)': {'n_pairs': 1000, 'n_max_trajs': 560, 'n_min_trajs': 280, 'n_nonempty_hist': {0: 464, 1: 30, 2: 506}, 'n_both_nonempty': 506, 'n_ttest_run': 506, 'n_significant': {0.05: 11, 0.01: 0, 0.001: 0}, 'frac_significant': {0.05: 0.021739130434782608, 0.01: 0.0, 0.001: 0.0}}}","{'sim_only': {'laptop (computer_dist)': {'n_pairs': 1000, 'n_max_trajs': 56, 'n_min_trajs': 448, 'n_nonempty_hist': {0: 0, 1: 0, 2: 1000}, 'n_both_nonempty': 1000, 'n_ttest_run': 1000, 'n_significant': {0.05: 1000, 0.01: 1000, 0.001: 1000}, 'frac_significant': {0.05: 1.0, 0.01: 1.0, 0.001: 1.0}}, 'upright (joint_up)': {'n_pairs': 1000, 'n_max_trajs': 560, 'n_min_trajs': 280, 'n_nonempty_hist': {0: 464, 1: 30, 2: 506}, 'n_both_nonempty': 506, 'n_ttest_run': 506, 'n_significant': {0.05: 11, 0.01: 0, 0.001: 0}, 'frac_significant': {0.05: 0.021739130434782608, 0.01: 0.0, 0.001: 0.0}}}}"
0,4,8,results/sirl_ljts/tversky_proj_1785774097.pth,"{'laptop (computer_dist)': {'n_pairs': 1000, 'n_max_trajs': 56, 'n_min_trajs': 448, 'n_nonempty_hist': {0: 0, 1: 0, 2: 1000}, 'n_both_nonempty': 1000, 'n_ttest_run': 996, 'n_significant': {0.05: 993, 0.01: 993, 0.001: 993}, 'frac_significant': {0.05: 0.9969879518072289, 0.01: 0.9969879518072289, 0.001: 0.9969879518072289}}, 'upright (joint_up)': {'n_pairs': 1000, 'n_max_trajs': 560, 'n_min_trajs': 280, 'n_nonempty_hist': {0: 348, 1: 84, 2: 568}, 'n_both_nonempty': 568, 'n_ttest_run': 568, 'n_significant': {0.05: 223, 0.01: 193, 0.001: 0}, 'frac_significant': {0.05: 0.3926056338028169, 0.01: 0.3397887323943662, 0.001: 0.0}}}","{'sim_only': {'laptop (computer_dist)': {'n_pairs': 1000, 'n_max_trajs': 56, 'n_min_trajs': 448, 'n_nonempty_hist': {0: 0, 1: 0, 2: 1000}, 'n_both_nonempty': 1000, 'n_ttest_run': 996, 'n_significant': {0.05: 993, 0.01: 993, 0.001: 993}, 'frac_significant': {0.05: 0.9969879518072289, 0.01: 0.9969879518072289, 0.001: 0.9969879518072289}}, 'upright (joint_up)': {'n_pairs': 1000, 'n_max_trajs': 560, 'n_min_trajs': 280, 'n_nonempty_hist': {0: 348, 1: 84, 2: 568}, 'n_both_nonempty': 568, 'n_ttest_run': 568, 'n_significant': {0.05: 223, 0.01: 193, 0.001: 0}, 'frac_significant': {0.05: 0.3926056338028169, 0.01: 0.3397887323943662, 0.001: 0.0}}}}"
1,4,8,results/sirl_ljts/tversky_proj_1785774102.pth,"{'laptop (computer_dist)': {'n_pairs': 1000, 'n_max_trajs': 56, 'n_min_trajs': 448, 'n_nonempty_hist': {0: 0, 1: 0, 2: 1000}, 'n_both_nonempty': 1000, 'n_ttest_run': 1000, 'n_significant': {0.05: 1000, 0.01: 1000, 0.001: 1000}, 'frac_significant': {0.05: 1.0, 0.01: 1.0, 0.001: 1.0}}, 'upright (joint_up)': {'n_pairs': 1000, 'n_max_trajs': 560, 'n_min_trajs': 280, 'n_nonempty_hist': {0: 221, 1: 151, 2: 628}, 'n_both_nonempty': 628, 'n_ttest_run': 628, 'n_significant': {0.05: 81, 0.01: 39, 0.001: 0}, 'frac_significant': {0.05: 0.12898089171974522, 0.01: 0.06210191082802548, 0.001: 0.0}}}","{'sim_only': {'laptop (computer_dist)': {'n_pairs': 1000, 'n_max_trajs': 56, 'n_min_trajs': 448, 'n_nonempty_hist': {0: 0, 1: 0, 2: 1000}, 'n_both_nonempty': 1000, 'n_ttest_run': 1000, 'n_significant': {0.05: 1000, 0.01: 1000, 0.001: 1000}, 'frac_significant': {0.05: 1.0, 0.01: 1.0, 0.001: 1.0}}, 'upright (joint_up)': {'n_pairs': 1000, 'n_max_trajs': 560, 'n_min_trajs': 280, 'n_nonempty_hist': {0: 221, 1: 151, 2: 628}, 'n_both_nonempty': 628, 'n_ttest_run': 628, 'n_significant': {0.05: 81, 0.01: 39, 0.001: 0}, 'frac_significant': {0.05: 0.12898089171974522, 0.01: 0.06210191082802548, 0.001: 0.0}}}}"
2,4,8,results/sirl_ljts/tversky_proj_1785774106.pth,"{'laptop (computer_dist)': {'n_pairs': 1000, 'n_max_trajs': 56, 'n_min_trajs': 448, 'n_nonempty_hist': {0: 0, 1: 964, 2: 36}, 'n_both_nonempty': 36, 'n_ttest_run': 0, 'n_significant': {0.05: 0, 0.01: 0, 0.001: 0}, 'frac_significant': {0.05: 0.0, 0.01: 0.0, 0.001: 0.0}}, 'upright (joint_up)': {'n_pairs': 1000, 'n_max_trajs': 560, 'n_min_trajs': 280, 'n_nonempty_hist': {0: 329, 1: 519, 2: 152}, 'n_both_nonempty': 152, 'n_ttest_run': 152, 'n_significant': {0.05: 0, 0.01: 0, 0.001: 0}, 'frac_significant': {0.05: 0.0, 0.01: 0.0, 0.001: 0.0}}}","{'sim_only': {'laptop (computer_dist)': {'n_pairs': 1000, 'n_max_trajs': 56, 'n_min_trajs': 448, 'n_nonempty_hist': {0: 0, 1: 964, 2: 36}, 'n_both_nonempty': 36, 'n_ttest_run': 0, 'n_significant': {0.05: 0, 0.01: 0, 0.001: 0}, 'frac_significant': {0.05: 0.0, 0.01: 0.0, 0.001: 0.0}}, 'upright (joint_up)': {'n_pairs': 1000, 'n_max_trajs': 560, 'n_min_trajs': 280, 'n_nonempty_hist': {0: 329, 1: 519, 2: 152}, 'n_both_nonempty': 152, 'n_ttest_run': 152, 'n_significant': {0.05: 0, 0.01: 0, 0.001: 0}, 'frac_significant': {0.05: 0.0, 0.01: 0.0, 0.001: 0.0}}}}"
0,4,16,results/sirl_ljts/tversky_proj_1785774111.pth,"{'laptop (computer_dist)': {'n_pairs': 1000, 'n_max_trajs': 56, 'n_min_trajs': 448, 'n_nonempty_hist': {0: 0, 1: 0, 2: 1000}, 'n_both_nonempty': 1000, 'n_ttest_run': 1000, 'n_significant': {0.05: 1000, 0.01: 1000, 0.001: 1000}, 'frac_significant': {0.05: 1.0, 0.01: 1.0, 0.001: 1.0}}, 'upright (joint_up)': {'n_pairs': 1000, 'n_max_trajs': 560, 'n_min_trajs': 280, 'n_nonempty_hist': {0: 342, 1: 0, 2: 658}, 'n_both_nonempty': 658, 'n_ttest_run': 658, 'n_significant': {0.05: 125, 0.01: 19, 0.001: 0}, 'frac_significant': {0.05: 0.1899696048632219, 0.01: 0.028875379939209727, 0.001: 0.0}}}","{'sim_only': {'laptop (computer_dist)': {'n_pairs': 1000, 'n_max_trajs': 56, 'n_min_trajs': 448, 'n_nonempty_hist': {0: 0, 1: 0, 2: 1000}, 'n_both_nonempty': 1000, 'n_ttest_run': 1000, 'n_significant': {0.05: 1000, 0.01: 1000, 0.001: 1000}, 'frac_significant': {0.05: 1.0, 0.01: 1.0, 0.001: 1.0}}, 'upright (joint_up)': {'n_pairs': 1000, 'n_max_trajs': 560, 'n_min_trajs': 280, 'n_nonempty_hist': {0: 342, 1: 0, 2: 658}, 'n_both_nonempty': 658, 'n_ttest_run': 658, 'n_significant': {0.05: 125, 0.01: 19, 0.001: 0}, 'frac_significant': {0.05: 0.1899696048632219, 0.01: 0.028875379939209727, 0.001: 0.0}}}}"
1,4,16,results/sirl_ljts/tversky_proj_1785774116.pth,"{'laptop (computer_dist)': {'n_pairs': 1000, 'n_max_trajs': 56, 'n_min_trajs': 448, 'n_nonempty_hist': {0: 0, 1: 0, 2: 1000}, 'n_both_nonempty': 1000, 'n_ttest_run': 1000, 'n_significant': {0.05: 1000, 0.01: 1000, 0.001: 1000}, 'frac_significant': {0.05: 1.0, 0.01: 1.0, 0.001: 1.0}}, 'upright (joint_up)': {'n_pairs': 1000, 'n_max_trajs': 560, 'n_min_trajs': 280, 'n_nonempty_hist': {0: 298, 1: 0, 2: 702}, 'n_both_nonempty': 702, 'n_ttest_run': 702, 'n_significant': {0.05: 75, 0.01: 1, 0.001: 0}, 'frac_significant': {0.05: 0.10683760683760683, 0.01: 0.0014245014245014246, 0.001: 0.0}}}","{'sim_only': {'laptop (computer_dist)': {'n_pairs': 1000, 'n_max_trajs': 56, 'n_min_trajs': 448, 'n_nonempty_hist': {0: 0, 1: 0, 2: 1000}, 'n_both_nonempty': 1000, 'n_ttest_run': 1000, 'n_significant': {0.05: 1000, 0.01: 1000, 0.001: 1000}, 'frac_significant': {0.05: 1.0, 0.01: 1.0, 0.001: 1.0}}, 'upright (joint_up)': {'n_pairs': 1000, 'n_max_trajs': 560, 'n_min_trajs': 280, 'n_nonempty_hist': {0: 298, 1: 0, 2: 702}, 'n_both_nonempty': 702, 'n_ttest_run': 702, 'n_significant': {0.05: 75, 0.01: 1, 0.001: 0}, 'frac_significant': {0.05: 0.10683760683760683, 0.01: 0.0014245014245014246, 0.001: 0.0}}}}"
2,4,16,results/sirl_ljts/tversky_proj_1785774120.pth,"{'laptop (computer_dist)': {'n_pairs': 1000, 'n_max_trajs': 56, 'n_min_trajs': 448, 'n_nonempty_hist': {0: 0, 1: 0, 2: 1000}, 'n_both_nonempty': 1000, 'n_ttest_run': 1000, 'n_significant': {0.05: 1000, 0.01: 1000, 0.001: 1000}, 'frac_significant': {0.05: 1.0, 0.01: 1.0, 0.001: 1.0}}, 'upright (joint_up)': {'n_pairs': 1000, 'n_max_trajs': 560, 'n_min_trajs': 280, 'n_nonempty_hist': {0: 252, 1: 0, 2: 748}, 'n_both_nonempty': 748, 'n_ttest_run': 748, 'n_significant': {0.05: 115, 0.01: 37, 0.001: 0}, 'frac_significant': {0.05: 0.1537433155080214, 0.01: 0.04946524064171123, 0.001: 0.0}}}","{'sim_only': {'laptop (computer_dist)': {'n_pairs': 1000, 'n_max_trajs': 56, 'n_min_trajs': 448, 'n_nonempty_hist': {0: 0, 1: 0, 2: 1000}, 'n_both_nonempty': 1000, 'n_ttest_run': 1000, 'n_significant': {0.05: 1000, 0.01: 1000, 0.001: 1000}, 'frac_significant': {0.05: 1.0, 0.01: 1.0, 0.001: 1.0}}, 'upright (joint_up)': {'n_pairs': 1000, 'n_max_trajs': 560, 'n_min_trajs': 280, 'n_nonempty_hist': {0: 252, 1: 0, 2: 748}, 'n_both_nonempty': 748, 'n_ttest_run': 748, 'n_significant': {0.05: 115, 0.01: 37, 0.001: 0}, 'frac_significant': {0.05: 0.1537433155080214, 0.01: 0.04946524064171123, 0.001: 0.0}}}}"
0,4,32,results/sirl_ljts/tversky_proj_1785774125.pth,"{'laptop (computer_dist)': {'n_pairs': 1000, 'n_max_trajs': 56, 'n_min_trajs': 448, 'n_nonempty_hist': {0: 0, 1: 0, 2: 1000}, 'n_both_nonempty': 1000, 'n_ttest_run': 1000, 'n_significant': {0.05: 1000, 0.01: 1000, 0.001: 1000}, 'frac_significant': {0.05: 1.0, 0.01: 1.0, 0.001: 1.0}}, 'upright (joint_up)': {'n_pairs': 1000, 'n_max_trajs': 560, 'n_min_trajs': 280, 'n_nonempty_hist': {0: 232, 1: 0, 2: 768}, 'n_both_nonempty': 768, 'n_ttest_run': 768, 'n_significant': {0.05: 129, 0.01: 7, 0.001: 0}, 'frac_significant': {0.05: 0.16796875, 0.01: 0.009114583333333334, 0.001: 0.0}}}","{'sim_only': {'laptop (computer_dist)': {'n_pairs': 1000, 'n_max_trajs': 56, 'n_min_trajs': 448, 'n_nonempty_hist': {0: 0, 1: 0, 2: 1000}, 'n_both_nonempty': 1000, 'n_ttest_run': 1000, 'n_significant': {0.05: 1000, 0.01: 1000, 0.001: 1000}, 'frac_significant': {0.05: 1.0, 0.01: 1.0, 0.001: 1.0}}, 'upright (joint_up)': {'n_pairs': 1000, 'n_max_trajs': 560, 'n_min_trajs': 280, 'n_nonempty_hist': {0: 232, 1: 0, 2: 768}, 'n_both_nonempty': 768, 'n_ttest_run': 768, 'n_significant': {0.05: 129, 0.01: 7, 0.001: 0}, 'frac_significant': {0.05: 0.16796875, 0.01: 0.009114583333333334, 0.001: 0.0}}}}"
1,4,32,results/sirl_ljts/tversky_proj_1785774130.pth,"{'laptop (computer_dist)': {'n_pairs': 1000, 'n_max_trajs': 56, 'n_min_trajs': 448, 'n_nonempty_hist': {0: 0, 1: 0, 2: 1000}, 'n_both_nonempty': 1000, 'n_ttest_run': 1000, 'n_significant': {0.05: 981, 0.01: 981, 0.001: 981}, 'frac_significant': {0.05: 0.981, 0.01: 0.981, 0.001: 0.981}}, 'upright (joint_up)': {'n_pairs': 1000, 'n_max_trajs': 560, 'n_min_trajs': 280, 'n_nonempty_hist': {0: 243, 1: 0, 2: 757}, 'n_both_nonempty': 757, 'n_ttest_run': 757, 'n_significant': {0.05: 35, 0.01: 1, 0.001: 0}, 'frac_significant': {0.05: 0.046235138705416116, 0.01: 0.001321003963011889, 0.001: 0.0}}}","{'sim_only': {'laptop (computer_dist)': {'n_pairs': 1000, 'n_max_trajs': 56, 'n_min_trajs': 448, 'n_nonempty_hist': {0: 0, 1: 0, 2: 1000}, 'n_both_nonempty': 1000, 'n_ttest_run': 1000, 'n_significant': {0.05: 981, 0.01: 981, 0.001: 981}, 'frac_significant': {0.05: 0.981, 0.01: 0.981, 0.001: 0.981}}, 'upright (joint_up)': {'n_pairs': 1000, 'n_max_trajs': 560, 'n_min_trajs': 280, 'n_nonempty_hist': {0: 243, 1: 0, 2: 757}, 'n_both_nonempty': 757, 'n_ttest_run': 757, 'n_significant': {0.05: 35, 0.01: 1, 0.001: 0}, 'frac_significant': {0.05: 0.046235138705416116, 0.01: 0.001321003963011889, 0.001: 0.0}}}}"
2,4,32,results/sirl_ljts/tversky_proj_1785774135.pth,"{'laptop (computer_dist)': {'n_pairs': 1000, 'n_max_trajs': 56, 'n_min_trajs': 448, 'n_nonempty_hist': {0: 0, 1: 0, 2: 1000}, 'n_both_nonempty': 1000, 'n_ttest_run': 1000, 'n_significant': {0.05: 1000, 0.01: 1000, 0.001: 1000}, 'frac_significant': {0.05: 1.0, 0.01: 1.0, 0.001: 1.0}}, 'upright (joint_up)': {'n_pairs': 1000, 'n_max_trajs': 560, 'n_min_trajs': 280, 'n_nonempty_hist': {0: 187, 1: 0, 2: 813}, 'n_both_nonempty': 813, 'n_ttest_run': 812, 'n_significant': {0.05: 152, 0.01: 2, 0.001: 0}, 'frac_significant': {0.05: 0.18719211822660098, 0.01: 0.0024630541871921183, 0.001: 0.0}}}","{'sim_only': {'laptop (computer_dist)': {'n_pairs': 1000, 'n_max_trajs': 56, 'n_min_trajs': 448, 'n_nonempty_hist': {0: 0, 1: 0, 2: 1000}, 'n_both_nonempty': 1000, 'n_ttest_run': 1000, 'n_significant': {0.05: 1000, 0.01: 1000, 0.001: 1000}, 'frac_significant': {0.05: 1.0, 0.01: 1.0, 0.001: 1.0}}, 'upright (joint_up)': {'n_pairs': 1000, 'n_max_trajs': 560, 'n_min_trajs': 280, 'n_nonempty_hist': {0: 187, 1: 0, 2: 813}, 'n_both_nonempty': 813, 'n_ttest_run': 812, 'n_significant': {0.05: 152, 0.01: 2, 0.001: 0}, 'frac_significant': {0.05: 0.18719211822660098, 0.01: 0.0024630541871921183, 0.001: 0.0}}}}"
0,4,64,results/sirl_ljts/tversky_proj_1785774140.pth,"{'laptop (computer_dist)': {'n_pairs': 1000, 'n_max_trajs': 56, 'n_min_trajs': 448, 'n_nonempty_hist': {0: 0, 1: 0, 2: 1000}, 'n_both_nonempty': 1000, 'n_ttest_run': 1000, 'n_significant': {0.05: 1000, 0.01: 1000, 0.001: 1000}, 'frac_significant': {0.05: 1.0, 0.01: 1.0, 0.001: 1.0}}, 'upright (joint_up)': {'n_pairs': 1000, 'n_max_trajs': 560, 'n_min_trajs': 280, 'n_nonempty_hist': {0: 174, 1: 0, 2: 826}, 'n_both_nonempty': 826, 'n_ttest_run': 826, 'n_significant': {0.05: 80, 0.01: 13, 0.001: 0}, 'frac_significant': {0.05: 0.09685230024213075, 0.01: 0.015738498789346248, 0.001: 0.0}}}","{'sim_only': {'laptop (computer_dist)': {'n_pairs': 1000, 'n_max_trajs': 56, 'n_min_trajs': 448, 'n_nonempty_hist': {0: 0, 1: 0, 2: 1000}, 'n_both_nonempty': 1000, 'n_ttest_run': 1000, 'n_significant': {0.05: 1000, 0.01: 1000, 0.001: 1000}, 'frac_significant': {0.05: 1.0, 0.01: 1.0, 0.001: 1.0}}, 'upright (joint_up)': {'n_pairs': 1000, 'n_max_trajs': 560, 'n_min_trajs': 280, 'n_nonempty_hist': {0: 174, 1: 0, 2: 826}, 'n_both_nonempty': 826, 'n_ttest_run': 826, 'n_significant': {0.05: 80, 0.01: 13, 0.001: 0}, 'frac_significant': {0.05: 0.09685230024213075, 0.01: 0.015738498789346248, 0.001: 0.0}}}}"
1,4,64,results/sirl_ljts/tversky_proj_1785774146.pth,"{'laptop (computer_dist)': {'n_pairs': 1000, 'n_max_trajs': 56, 'n_min_trajs': 448, 'n_nonempty_hist': {0: 0, 1: 0, 2: 1000}, 'n_both_nonempty': 1000, 'n_ttest_run': 1000, 'n_significant': {0.05: 1000, 0.01: 1000, 0.001: 1000}, 'frac_significant': {0.05: 1.0, 0.01: 1.0, 0.001: 1.0}}, 'upright (joint_up)': {'n_pairs': 1000, 'n_max_trajs': 560, 'n_min_trajs': 280, 'n_nonempty_hist': {0: 275, 1: 0, 2: 725}, 'n_both_nonempty': 725, 'n_ttest_run': 720, 'n_significant': {0.05: 95, 0.01: 5, 0.001: 0}, 'frac_significant': {0.05: 0.13194444444444445, 0.01: 0.006944444444444444, 0.001: 0.0}}}","{'sim_only': {'laptop (computer_dist)': {'n_pairs': 1000, 'n_max_trajs': 56, 'n_min_trajs': 448, 'n_nonempty_hist': {0: 0, 1: 0, 2: 1000}, 'n_both_nonempty': 1000, 'n_ttest_run': 1000, 'n_significant': {0.05: 1000, 0.01: 1000, 0.001: 1000}, 'frac_significant': {0.05: 1.0, 0.01: 1.0, 0.001: 1.0}}, 'upright (joint_up)': {'n_pairs': 1000, 'n_max_trajs': 560, 'n_min_trajs': 280, 'n_nonempty_hist': {0: 275, 1: 0, 2: 725}, 'n_both_nonempty': 725, 'n_ttest_run': 720, 'n_significant': {0.05: 95, 0.01: 5, 0.001: 0}, 'frac_significant': {0.05: 0.13194444444444445, 0.01: 0.006944444444444444, 0.001: 0.0}}}}"
2,4,64,results/sirl_ljts/tversky_proj_1785774151.pth,"{'laptop (computer_dist)': {'n_pairs': 1000, 'n_max_trajs': 56, 'n_min_trajs': 448, 'n_nonempty_hist': {0: 0, 1: 0, 2: 1000}, 'n_both_nonempty': 1000, 'n_ttest_run': 1000, 'n_significant': {0.05: 1000, 0.01: 1000, 0.001: 1000}, 'frac_significant': {0.05: 1.0, 0.01: 1.0, 0.001: 1.0}}, 'upright (joint_up)': {'n_pairs': 1000, 'n_max_trajs': 560, 'n_min_trajs': 280, 'n_nonempty_hist': {0: 129, 1: 0, 2: 871}, 'n_both_nonempty': 871, 'n_ttest_run': 871, 'n_significant': {0.05: 66, 0.01: 20, 0.001: 0}, 'frac_significant': {0.05: 0.07577497129735936, 0.01: 0.022962112514351322, 0.001: 0.0}}}","{'sim_only': {'laptop (computer_dist)': {'n_pairs': 1000, 'n_max_trajs': 56, 'n_min_trajs': 448, 'n_nonempty_hist': {0: 0, 1: 0, 2: 1000}, 'n_both_nonempty': 1000, 'n_ttest_run': 1000, 'n_significant': {0.05: 1000, 0.01: 1000, 0.001: 1000}, 'frac_significant': {0.05: 1.0, 0.01: 1.0, 0.001: 1.0}}, 'upright (joint_up)': {'n_pairs': 1000, 'n_max_trajs': 560, 'n_min_trajs': 280, 'n_nonempty_hist': {0: 129, 1: 0, 2: 871}, 'n_both_nonempty': 871, 'n_ttest_run': 871, 'n_significant': {0.05: 66, 0.01: 20, 0.001: 0}, 'frac_significant': {0.05: 0.07577497129735936, 0.01: 0.022962112514351322, 0.001: 0.0}}}}"
0,4,128,results/sirl_ljts/tversky_proj_1785774156.pth,"{'laptop (computer_dist)': {'n_pairs': 1000, 'n_max_trajs': 56, 'n_min_trajs': 448, 'n_nonempty_hist': {0: 0, 1: 0, 2: 1000}, 'n_both_nonempty': 1000, 'n_ttest_run': 1000, 'n_significant': {0.05: 1000, 0.01: 1000, 0.001: 1000}, 'frac_significant': {0.05: 1.0, 0.01: 1.0, 0.001: 1.0}}, 'upright (joint_up)': {'n_pairs': 1000, 'n_max_trajs': 560, 'n_min_trajs': 280, 'n_nonempty_hist': {0: 165, 1: 0, 2: 835}, 'n_both_nonempty': 835, 'n_ttest_run': 831, 'n_significant': {0.05: 131, 0.01: 5, 0.001: 0}, 'frac_significant': {0.05: 0.15764139590854392, 0.01: 0.006016847172081829, 0.001: 0.0}}}","{'sim_only': {'laptop (computer_dist)': {'n_pairs': 1000, 'n_max_trajs': 56, 'n_min_trajs': 448, 'n_nonempty_hist': {0: 0, 1: 0, 2: 1000}, 'n_both_nonempty': 1000, 'n_ttest_run': 1000, 'n_significant': {0.05: 1000, 0.01: 1000, 0.001: 1000}, 'frac_significant': {0.05: 1.0, 0.01: 1.0, 0.001: 1.0}}, 'upright (joint_up)': {'n_pairs': 1000, 'n_max_trajs': 560, 'n_min_trajs': 280, 'n_nonempty_hist': {0: 165, 1: 0, 2: 835}, 'n_both_nonempty': 835, 'n_ttest_run': 831, 'n_significant': {0.05: 131, 0.01: 5, 0.001: 0}, 'frac_significant': {0.05: 0.15764139590854392, 0.01: 0.006016847172081829, 0.001: 0.0}}}}"
1,4,128,results/sirl_ljts/tversky_proj_1785774161.pth,"{'laptop (computer_dist)': {'n_pairs': 1000, 'n_max_trajs': 56, 'n_min_trajs': 448, 'n_nonempty_hist': {0: 0, 1: 0, 2: 1000}, 'n_both_nonempty': 1000, 'n_ttest_run': 1000, 'n_significant': {0.05: 1000, 0.01: 1000, 0.001: 1000}, 'frac_significant': {0.05: 1.0, 0.01: 1.0, 0.001: 1.0}}, 'upright (joint_up)': {'n_pairs': 1000, 'n_max_trajs': 560, 'n_min_trajs': 280, 'n_nonempty_hist': {0: 176, 1: 0, 2: 824}, 'n_both_nonempty': 824, 'n_ttest_run': 820, 'n_significant': {0.05: 71, 0.01: 12, 0.001: 0}, 'frac_significant': {0.05: 0.08658536585365853, 0.01: 0.014634146341463415, 0.001: 0.0}}}","{'sim_only': {'laptop (computer_dist)': {'n_pairs': 1000, 'n_max_trajs': 56, 'n_min_trajs': 448, 'n_nonempty_hist': {0: 0, 1: 0, 2: 1000}, 'n_both_nonempty': 1000, 'n_ttest_run': 1000, 'n_significant': {0.05: 1000, 0.01: 1000, 0.001: 1000}, 'frac_significant': {0.05: 1.0, 0.01: 1.0, 0.001: 1.0}}, 'upright (joint_up)': {'n_pairs': 1000, 'n_max_trajs': 560, 'n_min_trajs': 280, 'n_nonempty_hist': {0: 176, 1: 0, 2: 824}, 'n_both_nonempty': 824, 'n_ttest_run': 820, 'n_significant': {0.05: 71, 0.01: 12, 0.001: 0}, 'frac_significant': {0.05: 0.08658536585365853, 0.01: 0.014634146341463415, 0.001: 0.0}}}}"
2,4,128,results/sirl_ljts/tversky_proj_1785774166.pth,"{'laptop (computer_dist)': {'n_pairs': 1000, 'n_max_trajs': 56, 'n_min_trajs': 448, 'n_nonempty_hist': {0: 0, 1: 0, 2: 1000}, 'n_both_nonempty': 1000, 'n_ttest_run': 1000, 'n_significant': {0.05: 1000, 0.01: 1000, 0.001: 1000}, 'frac_significant': {0.05: 1.0, 0.01: 1.0, 0.001: 1.0}}, 'upright (joint_up)': {'n_pairs': 1000, 'n_max_trajs': 560, 'n_min_trajs': 280, 'n_nonempty_hist': {0: 218, 1: 0, 2: 782}, 'n_both_nonempty': 782, 'n_ttest_run': 777, 'n_significant': {0.05: 101, 0.01: 9, 0.001: 0}, 'frac_significant': {0.05: 0.12998712998713, 0.01: 0.011583011583011582, 0.001: 0.0}}}","{'sim_only': {'laptop (computer_dist)': {'n_pairs': 1000, 'n_max_trajs': 56, 'n_min_trajs': 448, 'n_nonempty_hist': {0: 0, 1: 0, 2: 1000}, 'n_both_nonempty': 1000, 'n_ttest_run': 1000, 'n_significant': {0.05: 1000, 0.01: 1000, 0.001: 1000}, 'frac_significant': {0.05: 1.0, 0.01: 1.0, 0.001: 1.0}}, 'upright (joint_up)': {'n_pairs': 1000, 'n_max_trajs': 560, 'n_min_trajs': 280, 'n_nonempty_hist': {0: 218, 1: 0, 2: 782}, 'n_both_nonempty': 782, 'n_ttest_run': 777, 'n_significant': {0.05: 101, 0.01: 9, 0.001: 0}, 'frac_significant': {0.05: 0.12998712998713, 0.01: 0.011583011583011582, 0.001: 0.0}}}}"
0,4,256,results/sirl_ljts/tversky_proj_1785774171.pth,"{'laptop (computer_dist)': {'n_pairs': 1000, 'n_max_trajs': 56, 'n_min_trajs': 448, 'n_nonempty_hist': {0: 0, 1: 0, 2: 1000}, 'n_both_nonempty': 1000, 'n_ttest_run': 1000, 'n_significant': {0.05: 1000, 0.01: 1000, 0.001: 1000}, 'frac_significant': {0.05: 1.0, 0.01: 1.0, 0.001: 1.0}}, 'upright (joint_up)': {'n_pairs': 1000, 'n_max_trajs': 560, 'n_min_trajs': 280, 'n_nonempty_hist': {0: 114, 1: 0, 2: 886}, 'n_both_nonempty': 886, 'n_ttest_run': 881, 'n_significant': {0.05: 128, 0.01: 32, 0.001: 0}, 'frac_significant': {0.05: 0.1452894438138479, 0.01: 0.036322360953461974, 0.001: 0.0}}}","{'sim_only': {'laptop (computer_dist)': {'n_pairs': 1000, 'n_max_trajs': 56, 'n_min_trajs': 448, 'n_nonempty_hist': {0: 0, 1: 0, 2: 1000}, 'n_both_nonempty': 1000, 'n_ttest_run': 1000, 'n_significant': {0.05: 1000, 0.01: 1000, 0.001: 1000}, 'frac_significant': {0.05: 1.0, 0.01: 1.0, 0.001: 1.0}}, 'upright (joint_up)': {'n_pairs': 1000, 'n_max_trajs': 560, 'n_min_trajs': 280, 'n_nonempty_hist': {0: 114, 1: 0, 2: 886}, 'n_both_nonempty': 886, 'n_ttest_run': 881, 'n_significant': {0.05: 128, 0.01: 32, 0.001: 0}, 'frac_significant': {0.05: 0.1452894438138479, 0.01: 0.036322360953461974, 0.001: 0.0}}}}"
1,4,256,results/sirl_ljts/tversky_proj_1785774177.pth,"{'laptop (computer_dist)': {'n_pairs': 1000, 'n_max_trajs': 56, 'n_min_trajs': 448, 'n_nonempty_hist': {0: 0, 1: 0, 2: 1000}, 'n_both_nonempty': 1000, 'n_ttest_run': 1000, 'n_significant': {0.05: 1000, 0.01: 1000, 0.001: 1000}, 'frac_significant': {0.05: 1.0, 0.01: 1.0, 0.001: 1.0}}, 'upright (joint_up)': {'n_pairs': 1000, 'n_max_trajs': 560, 'n_min_trajs': 280, 'n_nonempty_hist': {0: 175, 1: 0, 2: 825}, 'n_both_nonempty': 825, 'n_ttest_run': 820, 'n_significant': {0.05: 85, 0.01: 7, 0.001: 0}, 'frac_significant': {0.05: 0.10365853658536585, 0.01: 0.00853658536585366, 0.001: 0.0}}}","{'sim_only': {'laptop (computer_dist)': {'n_pairs': 1000, 'n_max_trajs': 56, 'n_min_trajs': 448, 'n_nonempty_hist': {0: 0, 1: 0, 2: 1000}, 'n_both_nonempty': 1000, 'n_ttest_run': 1000, 'n_significant': {0.05: 1000, 0.01: 1000, 0.001: 1000}, 'frac_significant': {0.05: 1.0, 0.01: 1.0, 0.001: 1.0}}, 'upright (joint_up)': {'n_pairs': 1000, 'n_max_trajs': 560, 'n_min_trajs': 280, 'n_nonempty_hist': {0: 175, 1: 0, 2: 825}, 'n_both_nonempty': 825, 'n_ttest_run': 820, 'n_significant': {0.05: 85, 0.01: 7, 0.001: 0}, 'frac_significant': {0.05: 0.10365853658536585, 0.01: 0.00853658536585366, 0.001: 0.0}}}}"
2,4,256,results/sirl_ljts/tversky_proj_1785774182.pth,"{'laptop (computer_dist)': {'n_pairs': 1000, 'n_max_trajs': 56, 'n_min_trajs': 448, 'n_nonempty_hist': {0: 0, 1: 0, 2: 1000}, 'n_both_nonempty': 1000, 'n_ttest_run': 1000, 'n_significant': {0.05: 1000, 0.01: 1000, 0.001: 1000}, 'frac_significant': {0.05: 1.0, 0.01: 1.0, 0.001: 1.0}}, 'upright (joint_up)': {'n_pairs': 1000, 'n_max_trajs': 560, 'n_min_trajs': 280, 'n_nonempty_hist': {0: 139, 1: 0, 2: 861}, 'n_both_nonempty': 861, 'n_ttest_run': 855, 'n_significant': {0.05: 81, 0.01: 32, 0.001: 0}, 'frac_significant': {0.05: 0.09473684210526316, 0.01: 0.03742690058479532, 0.001: 0.0}}}","{'sim_only': {'laptop (computer_dist)': {'n_pairs': 1000, 'n_max_trajs': 56, 'n_min_trajs': 448, 'n_nonempty_hist': {0: 0, 1: 0, 2: 1000}, 'n_both_nonempty': 1000, 'n_ttest_run': 1000, 'n_significant': {0.05: 1000, 0.01: 1000, 0.001: 1000}, 'frac_significant': {0.05: 1.0, 0.01: 1.0, 0.001: 1.0}}, 'upright (joint_up)': {'n_pairs': 1000, 'n_max_trajs': 560, 'n_min_trajs': 280, 'n_nonempty_hist': {0: 139, 1: 0, 2: 861}, 'n_both_nonempty': 861, 'n_ttest_run': 855, 'n_significant': {0.05: 81, 0.01: 32, 0.001: 0}, 'frac_significant': {0.05: 0.09473684210526316, 0.01: 0.03742690058479532, 0.001: 0.0}}}}"
0,6,2,results/sirl_ljts/tversky_proj_1785774187.pth,"{'laptop (computer_dist)': {'n_pairs': 1000, 'n_max_trajs': 56, 'n_min_trajs': 448, 'n_nonempty_hist': {0: 7, 1: 55, 2: 938}, 'n_both_nonempty': 938, 'n_ttest_run': 938, 'n_significant': {0.05: 938, 0.01: 938, 0.001: 938}, 'frac_significant': {0.05: 1.0, 0.01: 1.0, 0.001: 1.0}}, 'upright (joint_up)': {'n_pairs': 1000, 'n_max_trajs': 560, 'n_min_trajs': 280, 'n_nonempty_hist': {0: 391, 1: 223, 2: 386}, 'n_both_nonempty': 386, 'n_ttest_run': 386, 'n_significant': {0.05: 225, 0.01: 0, 0.001: 0}, 'frac_significant': {0.05: 0.582901554404145, 0.01: 0.0, 0.001: 0.0}}}","{'sim_only': {'laptop (computer_dist)': {'n_pairs': 1000, 'n_max_trajs': 56, 'n_min_trajs': 448, 'n_nonempty_hist': {0: 7, 1: 55, 2: 938}, 'n_both_nonempty': 938, 'n_ttest_run': 938, 'n_significant': {0.05: 938, 0.01: 938, 0.001: 938}, 'frac_significant': {0.05: 1.0, 0.01: 1.0, 0.001: 1.0}}, 'upright (joint_up)': {'n_pairs': 1000, 'n_max_trajs': 560, 'n_min_trajs': 280, 'n_nonempty_hist': {0: 391, 1: 223, 2: 386}, 'n_both_nonempty': 386, 'n_ttest_run': 386, 'n_significant': {0.05: 225, 0.01: 0, 0.001: 0}, 'frac_significant': {0.05: 0.582901554404145, 0.01: 0.0, 0.001: 0.0}}}}"
1,6,2,results/sirl_ljts/tversky_proj_1785774191.pth,"{'laptop (computer_dist)': {'n_pairs': 1000, 'n_max_trajs': 56, 'n_min_trajs': 448, 'n_nonempty_hist': {0: 14, 1: 17, 2: 969}, 'n_both_nonempty': 969, 'n_ttest_run': 969, 'n_significant': {0.05: 969, 0.01: 969, 0.001: 969}, 'frac_significant': {0.05: 1.0, 0.01: 1.0, 0.001: 1.0}}, 'upright (joint_up)': {'n_pairs': 1000, 'n_max_trajs': 560, 'n_min_trajs': 280, 'n_nonempty_hist': {0: 481, 1: 71, 2: 448}, 'n_both_nonempty': 448, 'n_ttest_run': 448, 'n_significant': {0.05: 0, 0.01: 0, 0.001: 0}, 'frac_significant': {0.05: 0.0, 0.01: 0.0, 0.001: 0.0}}}","{'sim_only': {'laptop (computer_dist)': {'n_pairs': 1000, 'n_max_trajs': 56, 'n_min_trajs': 448, 'n_nonempty_hist': {0: 14, 1: 17, 2: 969}, 'n_both_nonempty': 969, 'n_ttest_run': 969, 'n_significant': {0.05: 969, 0.01: 969, 0.001: 969}, 'frac_significant': {0.05: 1.0, 0.01: 1.0, 0.001: 1.0}}, 'upright (joint_up)': {'n_pairs': 1000, 'n_max_trajs': 560, 'n_min_trajs': 280, 'n_nonempty_hist': {0: 481, 1: 71, 2: 448}, 'n_both_nonempty': 448, 'n_ttest_run': 448, 'n_significant': {0.05: 0, 0.01: 0, 0.001: 0}, 'frac_significant': {0.05: 0.0, 0.01: 0.0, 0.001: 0.0}}}}"
2,6,2,results/sirl_ljts/tversky_proj_1785774195.pth,"{'laptop (computer_dist)': {'n_pairs': 1000, 'n_max_trajs': 56, 'n_min_trajs': 448, 'n_nonempty_hist': {0: 18, 1: 982, 2: 0}, 'n_both_nonempty': 0, 'n_ttest_run': 0, 'n_significant': {0.05: 0, 0.01: 0, 0.001: 0}, 'frac_significant': {0.05: 0.0, 0.01: 0.0, 0.001: 0.0}}, 'upright (joint_up)': {'n_pairs': 1000, 'n_max_trajs': 560, 'n_min_trajs': 280, 'n_nonempty_hist': {0: 502, 1: 498, 2: 0}, 'n_both_nonempty': 0, 'n_ttest_run': 0, 'n_significant': {0.05: 0, 0.01: 0, 0.001: 0}, 'frac_significant': {0.05: 0.0, 0.01: 0.0, 0.001: 0.0}}}","{'sim_only': {'laptop (computer_dist)': {'n_pairs': 1000, 'n_max_trajs': 56, 'n_min_trajs': 448, 'n_nonempty_hist': {0: 18, 1: 982, 2: 0}, 'n_both_nonempty': 0, 'n_ttest_run': 0, 'n_significant': {0.05: 0, 0.01: 0, 0.001: 0}, 'frac_significant': {0.05: 0.0, 0.01: 0.0, 0.001: 0.0}}, 'upright (joint_up)': {'n_pairs': 1000, 'n_max_trajs': 560, 'n_min_trajs': 280, 'n_nonempty_hist': {0: 502, 1: 498, 2: 0}, 'n_both_nonempty': 0, 'n_ttest_run': 0, 'n_significant': {0.05: 0, 0.01: 0, 0.001: 0}, 'frac_significant': {0.05: 0.0, 0.01: 0.0, 0.001: 0.0}}}}"
0,6,4,results/sirl_ljts/tversky_proj_1785774199.pth,"{'laptop (computer_dist)': {'n_pairs': 1000, 'n_max_trajs': 56, 'n_min_trajs': 448, 'n_nonempty_hist': {0: 8, 1: 104, 2: 888}, 'n_both_nonempty': 888, 'n_ttest_run': 888, 'n_significant': {0.05: 888, 0.01: 888, 0.001: 888}, 'frac_significant': {0.05: 1.0, 0.01: 1.0, 0.001: 1.0}}, 'upright (joint_up)': {'n_pairs': 1000, 'n_max_trajs': 560, 'n_min_trajs': 280, 'n_nonempty_hist': {0: 323, 1: 189, 2: 488}, 'n_both_nonempty': 488, 'n_ttest_run': 488, 'n_significant': {0.05: 1, 0.01: 0, 0.001: 0}, 'frac_significant': {0.05: 0.0020491803278688526, 0.01: 0.0, 0.001: 0.0}}}","{'sim_only': {'laptop (computer_dist)': {'n_pairs': 1000, 'n_max_trajs': 56, 'n_min_trajs': 448, 'n_nonempty_hist': {0: 8, 1: 104, 2: 888}, 'n_both_nonempty': 888, 'n_ttest_run': 888, 'n_significant': {0.05: 888, 0.01: 888, 0.001: 888}, 'frac_significant': {0.05: 1.0, 0.01: 1.0, 0.001: 1.0}}, 'upright (joint_up)': {'n_pairs': 1000, 'n_max_trajs': 560, 'n_min_trajs': 280, 'n_nonempty_hist': {0: 323, 1: 189, 2: 488}, 'n_both_nonempty': 488, 'n_ttest_run': 488, 'n_significant': {0.05: 1, 0.01: 0, 0.001: 0}, 'frac_significant': {0.05: 0.0020491803278688526, 0.01: 0.0, 0.001: 0.0}}}}"
1,6,4,results/sirl_ljts/tversky_proj_1785774204.pth,"{'laptop (computer_dist)': {'n_pairs': 1000, 'n_max_trajs': 56, 'n_min_trajs': 448, 'n_nonempty_hist': {0: 7, 1: 993, 2: 0}, 'n_both_nonempty': 0, 'n_ttest_run': 0, 'n_significant': {0.05: 0, 0.01: 0, 0.001: 0}, 'frac_significant': {0.05: 0.0, 0.01: 0.0, 0.001: 0.0}}, 'upright (joint_up)': {'n_pairs': 1000, 'n_max_trajs': 560, 'n_min_trajs': 280, 'n_nonempty_hist': {0: 289, 1: 683, 2: 28}, 'n_both_nonempty': 28, 'n_ttest_run': 28, 'n_significant': {0.05: 0, 0.01: 0, 0.001: 0}, 'frac_significant': {0.05: 0.0, 0.01: 0.0, 0.001: 0.0}}}","{'sim_only': {'laptop (computer_dist)': {'n_pairs': 1000, 'n_max_trajs': 56, 'n_min_trajs': 448, 'n_nonempty_hist': {0: 7, 1: 993, 2: 0}, 'n_both_nonempty': 0, 'n_ttest_run': 0, 'n_significant': {0.05: 0, 0.01: 0, 0.001: 0}, 'frac_significant': {0.05: 0.0, 0.01: 0.0, 0.001: 0.0}}, 'upright (joint_up)': {'n_pairs': 1000, 'n_max_trajs': 560, 'n_min_trajs': 280, 'n_nonempty_hist': {0: 289, 1: 683, 2: 28}, 'n_both_nonempty': 28, 'n_ttest_run': 28, 'n_significant': {0.05: 0, 0.01: 0, 0.001: 0}, 'frac_significant': {0.05: 0.0, 0.01: 0.0, 0.001: 0.0}}}}"
2,6,4,results/sirl_ljts/tversky_proj_1785774208.pth,"{'laptop (computer_dist)': {'n_pairs': 1000, 'n_max_trajs': 56, 'n_min_trajs': 448, 'n_nonempty_hist': {0: 11, 1: 14, 2: 975}, 'n_both_nonempty': 975, 'n_ttest_run': 975, 'n_significant': {0.05: 975, 0.01: 975, 0.001: 975}, 'frac_significant': {0.05: 1.0, 0.01: 1.0, 0.001: 1.0}}, 'upright (joint_up)': {'n_pairs': 1000, 'n_max_trajs': 560, 'n_min_trajs': 280, 'n_nonempty_hist': {0: 353, 1: 156, 2: 491}, 'n_both_nonempty': 491, 'n_ttest_run': 491, 'n_significant': {0.05: 0, 0.01: 0, 0.001: 0}, 'frac_significant': {0.05: 0.0, 0.01: 0.0, 0.001: 0.0}}}","{'sim_only': {'laptop (computer_dist)': {'n_pairs': 1000, 'n_max_trajs': 56, 'n_min_trajs': 448, 'n_nonempty_hist': {0: 11, 1: 14, 2: 975}, 'n_both_nonempty': 975, 'n_ttest_run': 975, 'n_significant': {0.05: 975, 0.01: 975, 0.001: 975}, 'frac_significant': {0.05: 1.0, 0.01: 1.0, 0.001: 1.0}}, 'upright (joint_up)': {'n_pairs': 1000, 'n_max_trajs': 560, 'n_min_trajs': 280, 'n_nonempty_hist': {0: 353, 1: 156, 2: 491}, 'n_both_nonempty': 491, 'n_ttest_run': 491, 'n_significant': {0.05: 0, 0.01: 0, 0.001: 0}, 'frac_significant': {0.05: 0.0, 0.01: 0.0, 0.001: 0.0}}}}"
0,6,8,results/sirl_ljts/tversky_proj_1785774212.pth,"{'laptop (computer_dist)': {'n_pairs': 1000, 'n_max_trajs': 56, 'n_min_trajs': 448, 'n_nonempty_hist': {0: 3, 1: 8, 2: 989}, 'n_both_nonempty': 989, 'n_ttest_run': 865, 'n_significant': {0.05: 858, 0.01: 858, 0.001: 855}, 'frac_significant': {0.05: 0.991907514450867, 0.01: 0.991907514450867, 0.001: 0.9884393063583815}}, 'upright (joint_up)': {'n_pairs': 1000, 'n_max_trajs': 560, 'n_min_trajs': 280, 'n_nonempty_hist': {0: 206, 1: 136, 2: 658}, 'n_both_nonempty': 658, 'n_ttest_run': 658, 'n_significant': {0.05: 28, 0.01: 0, 0.001: 0}, 'frac_significant': {0.05: 0.0425531914893617, 0.01: 0.0, 0.001: 0.0}}}","{'sim_only': {'laptop (computer_dist)': {'n_pairs': 1000, 'n_max_trajs': 56, 'n_min_trajs': 448, 'n_nonempty_hist': {0: 3, 1: 8, 2: 989}, 'n_both_nonempty': 989, 'n_ttest_run': 865, 'n_significant': {0.05: 858, 0.01: 858, 0.001: 855}, 'frac_significant': {0.05: 0.991907514450867, 0.01: 0.991907514450867, 0.001: 0.9884393063583815}}, 'upright (joint_up)': {'n_pairs': 1000, 'n_max_trajs': 560, 'n_min_trajs': 280, 'n_nonempty_hist': {0: 206, 1: 136, 2: 658}, 'n_both_nonempty': 658, 'n_ttest_run': 658, 'n_significant': {0.05: 28, 0.01: 0, 0.001: 0}, 'frac_significant': {0.05: 0.0425531914893617, 0.01: 0.0, 0.001: 0.0}}}}"
1,6,8,results/sirl_ljts/tversky_proj_1785774217.pth,"{'laptop (computer_dist)': {'n_pairs': 1000, 'n_max_trajs': 56, 'n_min_trajs': 448, 'n_nonempty_hist': {0: 3, 1: 0, 2: 997}, 'n_both_nonempty': 997, 'n_ttest_run': 996, 'n_significant': {0.05: 990, 0.01: 990, 0.001: 990}, 'frac_significant': {0.05: 0.9939759036144579, 0.01: 0.9939759036144579, 0.001: 0.9939759036144579}}, 'upright (joint_up)': {'n_pairs': 1000, 'n_max_trajs': 560, 'n_min_trajs': 280, 'n_nonempty_hist': {0: 242, 1: 130, 2: 628}, 'n_both_nonempty': 628, 'n_ttest_run': 628, 'n_significant': {0.05: 0, 0.01: 0, 0.001: 0}, 'frac_significant': {0.05: 0.0, 0.01: 0.0, 0.001: 0.0}}}","{'sim_only': {'laptop (computer_dist)': {'n_pairs': 1000, 'n_max_trajs': 56, 'n_min_trajs': 448, 'n_nonempty_hist': {0: 3, 1: 0, 2: 997}, 'n_both_nonempty': 997, 'n_ttest_run': 996, 'n_significant': {0.05: 990, 0.01: 990, 0.001: 990}, 'frac_significant': {0.05: 0.9939759036144579, 0.01: 0.9939759036144579, 0.001: 0.9939759036144579}}, 'upright (joint_up)': {'n_pairs': 1000, 'n_max_trajs': 560, 'n_min_trajs': 280, 'n_nonempty_hist': {0: 242, 1: 130, 2: 628}, 'n_both_nonempty': 628, 'n_ttest_run': 628, 'n_significant': {0.05: 0, 0.01: 0, 0.001: 0}, 'frac_significant': {0.05: 0.0, 0.01: 0.0, 0.001: 0.0}}}}"
2,6,8,results/sirl_ljts/tversky_proj_1785774221.pth,"{'laptop (computer_dist)': {'n_pairs': 1000, 'n_max_trajs': 56, 'n_min_trajs': 448, 'n_nonempty_hist': {0: 3, 1: 3, 2: 994}, 'n_both_nonempty': 994, 'n_ttest_run': 434, 'n_significant': {0.05: 430, 0.01: 430, 0.001: 430}, 'frac_significant': {0.05: 0.9907834101382489, 0.01: 0.9907834101382489, 0.001: 0.9907834101382489}}, 'upright (joint_up)': {'n_pairs': 1000, 'n_max_trajs': 560, 'n_min_trajs': 280, 'n_nonempty_hist': {0: 174, 1: 195, 2: 631}, 'n_both_nonempty': 631, 'n_ttest_run': 631, 'n_significant': {0.05: 16, 0.01: 0, 0.001: 0}, 'frac_significant': {0.05: 0.025356576862123614, 0.01: 0.0, 0.001: 0.0}}}","{'sim_only': {'laptop (computer_dist)': {'n_pairs': 1000, 'n_max_trajs': 56, 'n_min_trajs': 448, 'n_nonempty_hist': {0: 3, 1: 3, 2: 994}, 'n_both_nonempty': 994, 'n_ttest_run': 434, 'n_significant': {0.05: 430, 0.01: 430, 0.001: 430}, 'frac_significant': {0.05: 0.9907834101382489, 0.01: 0.9907834101382489, 0.001: 0.9907834101382489}}, 'upright (joint_up)': {'n_pairs': 1000, 'n_max_trajs': 560, 'n_min_trajs': 280, 'n_nonempty_hist': {0: 174, 1: 195, 2: 631}, 'n_both_nonempty': 631, 'n_ttest_run': 631, 'n_significant': {0.05: 16, 0.01: 0, 0.001: 0}, 'frac_significant': {0.05: 0.025356576862123614, 0.01: 0.0, 0.001: 0.0}}}}"
0,6,16,results/sirl_ljts/tversky_proj_1785774226.pth,"{'laptop (computer_dist)': {'n_pairs': 1000, 'n_max_trajs': 56, 'n_min_trajs': 448, 'n_nonempty_hist': {0: 3, 1: 0, 2: 997}, 'n_both_nonempty': 997, 'n_ttest_run': 995, 'n_significant': {0.05: 989, 0.01: 989, 0.001: 989}, 'frac_significant': {0.05: 0.9939698492462311, 0.01: 0.9939698492462311, 0.001: 0.9939698492462311}}, 'upright (joint_up)': {'n_pairs': 1000, 'n_max_trajs': 560, 'n_min_trajs': 280, 'n_nonempty_hist': {0: 189, 1: 0, 2: 811}, 'n_both_nonempty': 811, 'n_ttest_run': 811, 'n_significant': {0.05: 15, 0.01: 0, 0.001: 0}, 'frac_significant': {0.05: 0.018495684340320593, 0.01: 0.0, 0.001: 0.0}}}","{'sim_only': {'laptop (computer_dist)': {'n_pairs': 1000, 'n_max_trajs': 56, 'n_min_trajs': 448, 'n_nonempty_hist': {0: 3, 1: 0, 2: 997}, 'n_both_nonempty': 997, 'n_ttest_run': 995, 'n_significant': {0.05: 989, 0.01: 989, 0.001: 989}, 'frac_significant': {0.05: 0.9939698492462311, 0.01: 0.9939698492462311, 0.001: 0.9939698492462311}}, 'upright (joint_up)': {'n_pairs': 1000, 'n_max_trajs': 560, 'n_min_trajs': 280, 'n_nonempty_hist': {0: 189, 1: 0, 2: 811}, 'n_both_nonempty': 811, 'n_ttest_run': 811, 'n_significant': {0.05: 15, 0.01: 0, 0.001: 0}, 'frac_significant': {0.05: 0.018495684340320593, 0.01: 0.0, 0.001: 0.0}}}}"
1,6,16,results/sirl_ljts/tversky_proj_1785774231.pth,"{'laptop (computer_dist)': {'n_pairs': 1000, 'n_max_trajs': 56, 'n_min_trajs': 448, 'n_nonempty_hist': {0: 6, 1: 0, 2: 994}, 'n_both_nonempty': 994, 'n_ttest_run': 677, 'n_significant': {0.05: 677, 0.01: 677, 0.001: 677}, 'frac_significant': {0.05: 1.0, 0.01: 1.0, 0.001: 1.0}}, 'upright (joint_up)': {'n_pairs': 1000, 'n_max_trajs': 560, 'n_min_trajs': 280, 'n_nonempty_hist': {0: 148, 1: 24, 2: 828}, 'n_both_nonempty': 828, 'n_ttest_run': 828, 'n_significant': {0.05: 3, 0.01: 0, 0.001: 0}, 'frac_significant': {0.05: 0.0036231884057971015, 0.01: 0.0, 0.001: 0.0}}}","{'sim_only': {'laptop (computer_dist)': {'n_pairs': 1000, 'n_max_trajs': 56, 'n_min_trajs': 448, 'n_nonempty_hist': {0: 6, 1: 0, 2: 994}, 'n_both_nonempty': 994, 'n_ttest_run': 677, 'n_significant': {0.05: 677, 0.01: 677, 0.001: 677}, 'frac_significant': {0.05: 1.0, 0.01: 1.0, 0.001: 1.0}}, 'upright (joint_up)': {'n_pairs': 1000, 'n_max_trajs': 560, 'n_min_trajs': 280, 'n_nonempty_hist': {0: 148, 1: 24, 2: 828}, 'n_both_nonempty': 828, 'n_ttest_run': 828, 'n_significant': {0.05: 3, 0.01: 0, 0.001: 0}, 'frac_significant': {0.05: 0.0036231884057971015, 0.01: 0.0, 0.001: 0.0}}}}"
2,6,16,results/sirl_ljts/tversky_proj_1785774236.pth,"{'laptop (computer_dist)': {'n_pairs': 1000, 'n_max_trajs': 56, 'n_min_trajs': 448, 'n_nonempty_hist': {0: 6, 1: 0, 2: 994}, 'n_both_nonempty': 994, 'n_ttest_run': 831, 'n_significant': {0.05: 831, 0.01: 831, 0.001: 831}, 'frac_significant': {0.05: 1.0, 0.01: 1.0, 0.001: 1.0}}, 'upright (joint_up)': {'n_pairs': 1000, 'n_max_trajs': 560, 'n_min_trajs': 280, 'n_nonempty_hist': {0: 110, 1: 0, 2: 890}, 'n_both_nonempty': 890, 'n_ttest_run': 890, 'n_significant': {0.05: 38, 0.01: 0, 0.001: 0}, 'frac_significant': {0.05: 0.04269662921348315, 0.01: 0.0, 0.001: 0.0}}}","{'sim_only': {'laptop (computer_dist)': {'n_pairs': 1000, 'n_max_trajs': 56, 'n_min_trajs': 448, 'n_nonempty_hist': {0: 6, 1: 0, 2: 994}, 'n_both_nonempty': 994, 'n_ttest_run': 831, 'n_significant': {0.05: 831, 0.01: 831, 0.001: 831}, 'frac_significant': {0.05: 1.0, 0.01: 1.0, 0.001: 1.0}}, 'upright (joint_up)': {'n_pairs': 1000, 'n_max_trajs': 560, 'n_min_trajs': 280, 'n_nonempty_hist': {0: 110, 1: 0, 2: 890}, 'n_both_nonempty': 890, 'n_ttest_run': 890, 'n_significant': {0.05: 38, 0.01: 0, 0.001: 0}, 'frac_significant': {0.05: 0.04269662921348315, 0.01: 0.0, 0.001: 0.0}}}}"
0,6,32,results/sirl_ljts/tversky_proj_1785774241.pth,"{'laptop (computer_dist)': {'n_pairs': 1000, 'n_max_trajs': 56, 'n_min_trajs': 448, 'n_nonempty_hist': {0: 0, 1: 0, 2: 1000}, 'n_both_nonempty': 1000, 'n_ttest_run': 943, 'n_significant': {0.05: 943, 0.01: 940, 0.001: 940}, 'frac_significant': {0.05: 1.0, 0.01: 0.9968186638388123, 0.001: 0.9968186638388123}}, 'upright (joint_up)': {'n_pairs': 1000, 'n_max_trajs': 560, 'n_min_trajs': 280, 'n_nonempty_hist': {0: 121, 1: 0, 2: 879}, 'n_both_nonempty': 879, 'n_ttest_run': 879, 'n_significant': {0.05: 49, 0.01: 0, 0.001: 0}, 'frac_significant': {0.05: 0.055745164960182024, 0.01: 0.0, 0.001: 0.0}}}","{'sim_only': {'laptop (computer_dist)': {'n_pairs': 1000, 'n_max_trajs': 56, 'n_min_trajs': 448, 'n_nonempty_hist': {0: 0, 1: 0, 2: 1000}, 'n_both_nonempty': 1000, 'n_ttest_run': 943, 'n_significant': {0.05: 943, 0.01: 940, 0.001: 940}, 'frac_significant': {0.05: 1.0, 0.01: 0.9968186638388123, 0.001: 0.9968186638388123}}, 'upright (joint_up)': {'n_pairs': 1000, 'n_max_trajs': 560, 'n_min_trajs': 280, 'n_nonempty_hist': {0: 121, 1: 0, 2: 879}, 'n_both_nonempty': 879, 'n_ttest_run': 879, 'n_significant': {0.05: 49, 0.01: 0, 0.001: 0}, 'frac_significant': {0.05: 0.055745164960182024, 0.01: 0.0, 0.001: 0.0}}}}"
1,6,32,results/sirl_ljts/tversky_proj_1785774246.pth,"{'laptop (computer_dist)': {'n_pairs': 1000, 'n_max_trajs': 56, 'n_min_trajs': 448, 'n_nonempty_hist': {0: 0, 1: 0, 2: 1000}, 'n_both_nonempty': 1000, 'n_ttest_run': 966, 'n_significant': {0.05: 966, 0.01: 966, 0.001: 966}, 'frac_significant': {0.05: 1.0, 0.01: 1.0, 0.001: 1.0}}, 'upright (joint_up)': {'n_pairs': 1000, 'n_max_trajs': 560, 'n_min_trajs': 280, 'n_nonempty_hist': {0: 92, 1: 0, 2: 908}, 'n_both_nonempty': 908, 'n_ttest_run': 908, 'n_significant': {0.05: 49, 0.01: 0, 0.001: 0}, 'frac_significant': {0.05: 0.053964757709251104, 0.01: 0.0, 0.001: 0.0}}}","{'sim_only': {'laptop (computer_dist)': {'n_pairs': 1000, 'n_max_trajs': 56, 'n_min_trajs': 448, 'n_nonempty_hist': {0: 0, 1: 0, 2: 1000}, 'n_both_nonempty': 1000, 'n_ttest_run': 966, 'n_significant': {0.05: 966, 0.01: 966, 0.001: 966}, 'frac_significant': {0.05: 1.0, 0.01: 1.0, 0.001: 1.0}}, 'upright (joint_up)': {'n_pairs': 1000, 'n_max_trajs': 560, 'n_min_trajs': 280, 'n_nonempty_hist': {0: 92, 1: 0, 2: 908}, 'n_both_nonempty': 908, 'n_ttest_run': 908, 'n_significant': {0.05: 49, 0.01: 0, 0.001: 0}, 'frac_significant': {0.05: 0.053964757709251104, 0.01: 0.0, 0.001: 0.0}}}}"
2,6,32,results/sirl_ljts/tversky_proj_1785774251.pth,"{'laptop (computer_dist)': {'n_pairs': 1000, 'n_max_trajs': 56, 'n_min_trajs': 448, 'n_nonempty_hist': {0: 3, 1: 0, 2: 997}, 'n_both_nonempty': 997, 'n_ttest_run': 989, 'n_significant': {0.05: 979, 0.01: 979, 0.001: 979}, 'frac_significant': {0.05: 0.9898887765419616, 0.01: 0.9898887765419616, 0.001: 0.9898887765419616}}, 'upright (joint_up)': {'n_pairs': 1000, 'n_max_trajs': 560, 'n_min_trajs': 280, 'n_nonempty_hist': {0: 121, 1: 0, 2: 879}, 'n_both_nonempty': 879, 'n_ttest_run': 879, 'n_significant': {0.05: 44, 0.01: 0, 0.001: 0}, 'frac_significant': {0.05: 0.05005688282138794, 0.01: 0.0, 0.001: 0.0}}}","{'sim_only': {'laptop (computer_dist)': {'n_pairs': 1000, 'n_max_trajs': 56, 'n_min_trajs': 448, 'n_nonempty_hist': {0: 3, 1: 0, 2: 997}, 'n_both_nonempty': 997, 'n_ttest_run': 989, 'n_significant': {0.05: 979, 0.01: 979, 0.001: 979}, 'frac_significant': {0.05: 0.9898887765419616, 0.01: 0.9898887765419616, 0.001: 0.9898887765419616}}, 'upright (joint_up)': {'n_pairs': 1000, 'n_max_trajs': 560, 'n_min_trajs': 280, 'n_nonempty_hist': {0: 121, 1: 0, 2: 879}, 'n_both_nonempty': 879, 'n_ttest_run': 879, 'n_significant': {0.05: 44, 0.01: 0, 0.001: 0}, 'frac_significant': {0.05: 0.05005688282138794, 0.01: 0.0, 0.001: 0.0}}}}"
0,6,64,results/sirl_ljts/tversky_proj_1785774256.pth,"{'laptop (computer_dist)': {'n_pairs': 1000, 'n_max_trajs': 56, 'n_min_trajs': 448, 'n_nonempty_hist': {0: 1, 1: 0, 2: 999}, 'n_both_nonempty': 999, 'n_ttest_run': 846, 'n_significant': {0.05: 846, 0.01: 846, 0.001: 846}, 'frac_significant': {0.05: 1.0, 0.01: 1.0, 0.001: 1.0}}, 'upright (joint_up)': {'n_pairs': 1000, 'n_max_trajs': 560, 'n_min_trajs': 280, 'n_nonempty_hist': {0: 103, 1: 0, 2: 897}, 'n_both_nonempty': 897, 'n_ttest_run': 897, 'n_significant': {0.05: 24, 0.01: 0, 0.001: 0}, 'frac_significant': {0.05: 0.026755852842809364, 0.01: 0.0, 0.001: 0.0}}}","{'sim_only': {'laptop (computer_dist)': {'n_pairs': 1000, 'n_max_trajs': 56, 'n_min_trajs': 448, 'n_nonempty_hist': {0: 1, 1: 0, 2: 999}, 'n_both_nonempty': 999, 'n_ttest_run': 846, 'n_significant': {0.05: 846, 0.01: 846, 0.001: 846}, 'frac_significant': {0.05: 1.0, 0.01: 1.0, 0.001: 1.0}}, 'upright (joint_up)': {'n_pairs': 1000, 'n_max_trajs': 560, 'n_min_trajs': 280, 'n_nonempty_hist': {0: 103, 1: 0, 2: 897}, 'n_both_nonempty': 897, 'n_ttest_run': 897, 'n_significant': {0.05: 24, 0.01: 0, 0.001: 0}, 'frac_significant': {0.05: 0.026755852842809364, 0.01: 0.0, 0.001: 0.0}}}}"
1,6,64,results/sirl_ljts/tversky_proj_1785774261.pth,"{'laptop (computer_dist)': {'n_pairs': 1000, 'n_max_trajs': 56, 'n_min_trajs': 448, 'n_nonempty_hist': {0: 0, 1: 0, 2: 1000}, 'n_both_nonempty': 1000, 'n_ttest_run': 651, 'n_significant': {0.05: 649, 0.01: 648, 0.001: 648}, 'frac_significant': {0.05: 0.9969278033794163, 0.01: 0.9953917050691244, 0.001: 0.9953917050691244}}, 'upright (joint_up)': {'n_pairs': 1000, 'n_max_trajs': 560, 'n_min_trajs': 280, 'n_nonempty_hist': {0: 64, 1: 0, 2: 936}, 'n_both_nonempty': 936, 'n_ttest_run': 936, 'n_significant': {0.05: 67, 0.01: 0, 0.001: 0}, 'frac_significant': {0.05: 0.07158119658119658, 0.01: 0.0, 0.001: 0.0}}}","{'sim_only': {'laptop (computer_dist)': {'n_pairs': 1000, 'n_max_trajs': 56, 'n_min_trajs': 448, 'n_nonempty_hist': {0: 0, 1: 0, 2: 1000}, 'n_both_nonempty': 1000, 'n_ttest_run': 651, 'n_significant': {0.05: 649, 0.01: 648, 0.001: 648}, 'frac_significant': {0.05: 0.9969278033794163, 0.01: 0.9953917050691244, 0.001: 0.9953917050691244}}, 'upright (joint_up)': {'n_pairs': 1000, 'n_max_trajs': 560, 'n_min_trajs': 280, 'n_nonempty_hist': {0: 64, 1: 0, 2: 936}, 'n_both_nonempty': 936, 'n_ttest_run': 936, 'n_significant': {0.05: 67, 0.01: 0, 0.001: 0}, 'frac_significant': {0.05: 0.07158119658119658, 0.01: 0.0, 0.001: 0.0}}}}"
2,6,64,results/sirl_ljts/tversky_proj_1785774266.pth,"{'laptop (computer_dist)': {'n_pairs': 1000, 'n_max_trajs': 56, 'n_min_trajs': 448, 'n_nonempty_hist': {0: 3, 1: 0, 2: 997}, 'n_both_nonempty': 997, 'n_ttest_run': 909, 'n_significant': {0.05: 909, 0.01: 909, 0.001: 909}, 'frac_significant': {0.05: 1.0, 0.01: 1.0, 0.001: 1.0}}, 'upright (joint_up)': {'n_pairs': 1000, 'n_max_trajs': 560, 'n_min_trajs': 280, 'n_nonempty_hist': {0: 91, 1: 0, 2: 909}, 'n_both_nonempty': 909, 'n_ttest_run': 909, 'n_significant': {0.05: 11, 0.01: 0, 0.001: 0}, 'frac_significant': {0.05: 0.0121012101210121, 0.01: 0.0, 0.001: 0.0}}}","{'sim_only': {'laptop (computer_dist)': {'n_pairs': 1000, 'n_max_trajs': 56, 'n_min_trajs': 448, 'n_nonempty_hist': {0: 3, 1: 0, 2: 997}, 'n_both_nonempty': 997, 'n_ttest_run': 909, 'n_significant': {0.05: 909, 0.01: 909, 0.001: 909}, 'frac_significant': {0.05: 1.0, 0.01: 1.0, 0.001: 1.0}}, 'upright (joint_up)': {'n_pairs': 1000, 'n_max_trajs': 560, 'n_min_trajs': 280, 'n_nonempty_hist': {0: 91, 1: 0, 2: 909}, 'n_both_nonempty': 909, 'n_ttest_run': 909, 'n_significant': {0.05: 11, 0.01: 0, 0.001: 0}, 'frac_significant': {0.05: 0.0121012101210121, 0.01: 0.0, 0.001: 0.0}}}}"
0,6,128,results/sirl_ljts/tversky_proj_1785774272.pth,"{'laptop (computer_dist)': {'n_pairs': 1000, 'n_max_trajs': 56, 'n_min_trajs': 448, 'n_nonempty_hist': {0: 2, 1: 0, 2: 998}, 'n_both_nonempty': 998, 'n_ttest_run': 843, 'n_significant': {0.05: 843, 0.01: 843, 0.001: 842}, 'frac_significant': {0.05: 1.0, 0.01: 1.0, 0.001: 0.9988137603795967}}, 'upright (joint_up)': {'n_pairs': 1000, 'n_max_trajs': 560, 'n_min_trajs': 280, 'n_nonempty_hist': {0: 60, 1: 0, 2: 940}, 'n_both_nonempty': 940, 'n_ttest_run': 940, 'n_significant': {0.05: 12, 0.01: 0, 0.001: 0}, 'frac_significant': {0.05: 0.01276595744680851, 0.01: 0.0, 0.001: 0.0}}}","{'sim_only': {'laptop (computer_dist)': {'n_pairs': 1000, 'n_max_trajs': 56, 'n_min_trajs': 448, 'n_nonempty_hist': {0: 2, 1: 0, 2: 998}, 'n_both_nonempty': 998, 'n_ttest_run': 843, 'n_significant': {0.05: 843, 0.01: 843, 0.001: 842}, 'frac_significant': {0.05: 1.0, 0.01: 1.0, 0.001: 0.9988137603795967}}, 'upright (joint_up)': {'n_pairs': 1000, 'n_max_trajs': 560, 'n_min_trajs': 280, 'n_nonempty_hist': {0: 60, 1: 0, 2: 940}, 'n_both_nonempty': 940, 'n_ttest_run': 940, 'n_significant': {0.05: 12, 0.01: 0, 0.001: 0}, 'frac_significant': {0.05: 0.01276595744680851, 0.01: 0.0, 0.001: 0.0}}}}"
1,6,128,results/sirl_ljts/tversky_proj_1785774277.pth,"{'laptop (computer_dist)': {'n_pairs': 1000, 'n_max_trajs': 56, 'n_min_trajs': 448, 'n_nonempty_hist': {0: 1, 1: 0, 2: 999}, 'n_both_nonempty': 999, 'n_ttest_run': 757, 'n_significant': {0.05: 757, 0.01: 757, 0.001: 757}, 'frac_significant': {0.05: 1.0, 0.01: 1.0, 0.001: 1.0}}, 'upright (joint_up)': {'n_pairs': 1000, 'n_max_trajs': 560, 'n_min_trajs': 280, 'n_nonempty_hist': {0: 75, 1: 0, 2: 925}, 'n_both_nonempty': 925, 'n_ttest_run': 925, 'n_significant': {0.05: 7, 0.01: 0, 0.001: 0}, 'frac_significant': {0.05: 0.0075675675675675675, 0.01: 0.0, 0.001: 0.0}}}","{'sim_only': {'laptop (computer_dist)': {'n_pairs': 1000, 'n_max_trajs': 56, 'n_min_trajs': 448, 'n_nonempty_hist': {0: 1, 1: 0, 2: 999}, 'n_both_nonempty': 999, 'n_ttest_run': 757, 'n_significant': {0.05: 757, 0.01: 757, 0.001: 757}, 'frac_significant': {0.05: 1.0, 0.01: 1.0, 0.001: 1.0}}, 'upright (joint_up)': {'n_pairs': 1000, 'n_max_trajs': 560, 'n_min_trajs': 280, 'n_nonempty_hist': {0: 75, 1: 0, 2: 925}, 'n_both_nonempty': 925, 'n_ttest_run': 925, 'n_significant': {0.05: 7, 0.01: 0, 0.001: 0}, 'frac_significant': {0.05: 0.0075675675675675675, 0.01: 0.0, 0.001: 0.0}}}}"
2,6,128,results/sirl_ljts/tversky_proj_1785774282.pth,"{'laptop (computer_dist)': {'n_pairs': 1000, 'n_max_trajs': 56, 'n_min_trajs': 448, 'n_nonempty_hist': {0: 0, 1: 0, 2: 1000}, 'n_both_nonempty': 1000, 'n_ttest_run': 887, 'n_significant': {0.05: 887, 0.01: 887, 0.001: 887}, 'frac_significant': {0.05: 1.0, 0.01: 1.0, 0.001: 1.0}}, 'upright (joint_up)': {'n_pairs': 1000, 'n_max_trajs': 560, 'n_min_trajs': 280, 'n_nonempty_hist': {0: 74, 1: 0, 2: 926}, 'n_both_nonempty': 926, 'n_ttest_run': 926, 'n_significant': {0.05: 5, 0.01: 0, 0.001: 0}, 'frac_significant': {0.05: 0.005399568034557235, 0.01: 0.0, 0.001: 0.0}}}","{'sim_only': {'laptop (computer_dist)': {'n_pairs': 1000, 'n_max_trajs': 56, 'n_min_trajs': 448, 'n_nonempty_hist': {0: 0, 1: 0, 2: 1000}, 'n_both_nonempty': 1000, 'n_ttest_run': 887, 'n_significant': {0.05: 887, 0.01: 887, 0.001: 887}, 'frac_significant': {0.05: 1.0, 0.01: 1.0, 0.001: 1.0}}, 'upright (joint_up)': {'n_pairs': 1000, 'n_max_trajs': 560, 'n_min_trajs': 280, 'n_nonempty_hist': {0: 74, 1: 0, 2: 926}, 'n_both_nonempty': 926, 'n_ttest_run': 926, 'n_significant': {0.05: 5, 0.01: 0, 0.001: 0}, 'frac_significant': {0.05: 0.005399568034557235, 0.01: 0.0, 0.001: 0.0}}}}"
0,6,256,results/sirl_ljts/tversky_proj_1785774288.pth,"{'laptop (computer_dist)': {'n_pairs': 1000, 'n_max_trajs': 56, 'n_min_trajs': 448, 'n_nonempty_hist': {0: 4, 1: 0, 2: 996}, 'n_both_nonempty': 996, 'n_ttest_run': 835, 'n_significant': {0.05: 833, 0.01: 833, 0.001: 833}, 'frac_significant': {0.05: 0.9976047904191617, 0.01: 0.9976047904191617, 0.001: 0.9976047904191617}}, 'upright (joint_up)': {'n_pairs': 1000, 'n_max_trajs': 560, 'n_min_trajs': 280, 'n_nonempty_hist': {0: 80, 1: 0, 2: 920}, 'n_both_nonempty': 920, 'n_ttest_run': 920, 'n_significant': {0.05: 6, 0.01: 0, 0.001: 0}, 'frac_significant': {0.05: 0.006521739130434782, 0.01: 0.0, 0.001: 0.0}}}","{'sim_only': {'laptop (computer_dist)': {'n_pairs': 1000, 'n_max_trajs': 56, 'n_min_trajs': 448, 'n_nonempty_hist': {0: 4, 1: 0, 2: 996}, 'n_both_nonempty': 996, 'n_ttest_run': 835, 'n_significant': {0.05: 833, 0.01: 833, 0.001: 833}, 'frac_significant': {0.05: 0.9976047904191617, 0.01: 0.9976047904191617, 0.001: 0.9976047904191617}}, 'upright (joint_up)': {'n_pairs': 1000, 'n_max_trajs': 560, 'n_min_trajs': 280, 'n_nonempty_hist': {0: 80, 1: 0, 2: 920}, 'n_both_nonempty': 920, 'n_ttest_run': 920, 'n_significant': {0.05: 6, 0.01: 0, 0.001: 0}, 'frac_significant': {0.05: 0.006521739130434782, 0.01: 0.0, 0.001: 0.0}}}}"
1,6,256,results/sirl_ljts/tversky_proj_1785774293.pth,"{'laptop (computer_dist)': {'n_pairs': 1000, 'n_max_trajs': 56, 'n_min_trajs': 448, 'n_nonempty_hist': {0: 3, 1: 0, 2: 997}, 'n_both_nonempty': 997, 'n_ttest_run': 859, 'n_significant': {0.05: 859, 0.01: 859, 0.001: 859}, 'frac_significant': {0.05: 1.0, 0.01: 1.0, 0.001: 1.0}}, 'upright (joint_up)': {'n_pairs': 1000, 'n_max_trajs': 560, 'n_min_trajs': 280, 'n_nonempty_hist': {0: 88, 1: 0, 2: 912}, 'n_both_nonempty': 912, 'n_ttest_run': 912, 'n_significant': {0.05: 10, 0.01: 0, 0.001: 0}, 'frac_significant': {0.05: 0.010964912280701754, 0.01: 0.0, 0.001: 0.0}}}","{'sim_only': {'laptop (computer_dist)': {'n_pairs': 1000, 'n_max_trajs': 56, 'n_min_trajs': 448, 'n_nonempty_hist': {0: 3, 1: 0, 2: 997}, 'n_both_nonempty': 997, 'n_ttest_run': 859, 'n_significant': {0.05: 859, 0.01: 859, 0.001: 859}, 'frac_significant': {0.05: 1.0, 0.01: 1.0, 0.001: 1.0}}, 'upright (joint_up)': {'n_pairs': 1000, 'n_max_trajs': 560, 'n_min_trajs': 280, 'n_nonempty_hist': {0: 88, 1: 0, 2: 912}, 'n_both_nonempty': 912, 'n_ttest_run': 912, 'n_significant': {0.05: 10, 0.01: 0, 0.001: 0}, 'frac_significant': {0.05: 0.010964912280701754, 0.01: 0.0, 0.001: 0.0}}}}"
2,6,256,results/sirl_ljts/tversky_proj_1785774299.pth,"{'laptop (computer_dist)': {'n_pairs': 1000, 'n_max_trajs': 56, 'n_min_trajs': 448, 'n_nonempty_hist': {0: 2, 1: 0, 2: 998}, 'n_both_nonempty': 998, 'n_ttest_run': 842, 'n_significant': {0.05: 842, 0.01: 842, 0.001: 842}, 'frac_significant': {0.05: 1.0, 0.01: 1.0, 0.001: 1.0}}, 'upright (joint_up)': {'n_pairs': 1000, 'n_max_trajs': 560, 'n_min_trajs': 280, 'n_nonempty_hist': {0: 52, 1: 0, 2: 948}, 'n_both_nonempty': 948, 'n_ttest_run': 948, 'n_significant': {0.05: 4, 0.01: 0, 0.001: 0}, 'frac_significant': {0.05: 0.004219409282700422, 0.01: 0.0, 0.001: 0.0}}}","{'sim_only': {'laptop (computer_dist)': {'n_pairs': 1000, 'n_max_trajs': 56, 'n_min_trajs': 448, 'n_nonempty_hist': {0: 2, 1: 0, 2: 998}, 'n_both_nonempty': 998, 'n_ttest_run': 842, 'n_significant': {0.05: 842, 0.01: 842, 0.001: 842}, 'frac_significant': {0.05: 1.0, 0.01: 1.0, 0.001: 1.0}}, 'upright (joint_up)': {'n_pairs': 1000, 'n_max_trajs': 560, 'n_min_trajs': 280, 'n_nonempty_hist': {0: 52, 1: 0, 2: 948}, 'n_both_nonempty': 948, 'n_ttest_run': 948, 'n_significant': {0.05: 4, 0.01: 0, 0.001: 0}, 'frac_significant': {0.05: 0.004219409282700422, 0.01: 0.0, 0.001: 0.0}}}}"
0,8,2,results/sirl_ljts/tversky_proj_1785774304.pth,"{'laptop (computer_dist)': {'n_pairs': 1000, 'n_max_trajs': 56, 'n_min_trajs': 448, 'n_nonempty_hist': {0: 44, 1: 956, 2: 0}, 'n_both_nonempty': 0, 'n_ttest_run': 0, 'n_significant': {0.05: 0, 0.01: 0, 0.001: 0}, 'frac_significant': {0.05: 0.0, 0.01: 0.0, 0.001: 0.0}}, 'upright (joint_up)': {'n_pairs': 1000, 'n_max_trajs': 560, 'n_min_trajs': 280, 'n_nonempty_hist': {0: 502, 1: 498, 2: 0}, 'n_both_nonempty': 0, 'n_ttest_run': 0, 'n_significant': {0.05: 0, 0.01: 0, 0.001: 0}, 'frac_significant': {0.05: 0.0, 0.01: 0.0, 0.001: 0.0}}}","{'sim_only': {'laptop (computer_dist)': {'n_pairs': 1000, 'n_max_trajs': 56, 'n_min_trajs': 448, 'n_nonempty_hist': {0: 44, 1: 956, 2: 0}, 'n_both_nonempty': 0, 'n_ttest_run': 0, 'n_significant': {0.05: 0, 0.01: 0, 0.001: 0}, 'frac_significant': {0.05: 0.0, 0.01: 0.0, 0.001: 0.0}}, 'upright (joint_up)': {'n_pairs': 1000, 'n_max_trajs': 560, 'n_min_trajs': 280, 'n_nonempty_hist': {0: 502, 1: 498, 2: 0}, 'n_both_nonempty': 0, 'n_ttest_run': 0, 'n_significant': {0.05: 0, 0.01: 0, 0.001: 0}, 'frac_significant': {0.05: 0.0, 0.01: 0.0, 0.001: 0.0}}}}"
1,8,2,results/sirl_ljts/tversky_proj_1785774308.pth,"{'laptop (computer_dist)': {'n_pairs': 1000, 'n_max_trajs': 56, 'n_min_trajs': 448, 'n_nonempty_hist': {0: 41, 1: 193, 2: 766}, 'n_both_nonempty': 766, 'n_ttest_run': 0, 'n_significant': {0.05: 0, 0.01: 0, 0.001: 0}, 'frac_significant': {0.05: 0.0, 0.01: 0.0, 0.001: 0.0}}, 'upright (joint_up)': {'n_pairs': 1000, 'n_max_trajs': 560, 'n_min_trajs': 280, 'n_nonempty_hist': {0: 332, 1: 394, 2: 274}, 'n_both_nonempty': 274, 'n_ttest_run': 274, 'n_significant': {0.05: 0, 0.01: 0, 0.001: 0}, 'frac_significant': {0.05: 0.0, 0.01: 0.0, 0.001: 0.0}}}","{'sim_only': {'laptop (computer_dist)': {'n_pairs': 1000, 'n_max_trajs': 56, 'n_min_trajs': 448, 'n_nonempty_hist': {0: 41, 1: 193, 2: 766}, 'n_both_nonempty': 766, 'n_ttest_run': 0, 'n_significant': {0.05: 0, 0.01: 0, 0.001: 0}, 'frac_significant': {0.05: 0.0, 0.01: 0.0, 0.001: 0.0}}, 'upright (joint_up)': {'n_pairs': 1000, 'n_max_trajs': 560, 'n_min_trajs': 280, 'n_nonempty_hist': {0: 332, 1: 394, 2: 274}, 'n_both_nonempty': 274, 'n_ttest_run': 274, 'n_significant': {0.05: 0, 0.01: 0, 0.001: 0}, 'frac_significant': {0.05: 0.0, 0.01: 0.0, 0.001: 0.0}}}}"
2,8,2,results/sirl_ljts/tversky_proj_1785774313.pth,"{'laptop (computer_dist)': {'n_pairs': 1000, 'n_max_trajs': 56, 'n_min_trajs': 448, 'n_nonempty_hist': {0: 245, 1: 491, 2: 264}, 'n_both_nonempty': 264, 'n_ttest_run': 264, 'n_significant': {0.05: 0, 0.01: 0, 0.001: 0}, 'frac_significant': {0.05: 0.0, 0.01: 0.0, 0.001: 0.0}}, 'upright (joint_up)': {'n_pairs': 1000, 'n_max_trajs': 560, 'n_min_trajs': 280, 'n_nonempty_hist': {0: 3, 1: 65, 2: 932}, 'n_both_nonempty': 932, 'n_ttest_run': 932, 'n_significant': {0.05: 932, 0.01: 932, 0.001: 932}, 'frac_significant': {0.05: 1.0, 0.01: 1.0, 0.001: 1.0}}}","{'sim_only': {'laptop (computer_dist)': {'n_pairs': 1000, 'n_max_trajs': 56, 'n_min_trajs': 448, 'n_nonempty_hist': {0: 245, 1: 491, 2: 264}, 'n_both_nonempty': 264, 'n_ttest_run': 264, 'n_significant': {0.05: 0, 0.01: 0, 0.001: 0}, 'frac_significant': {0.05: 0.0, 0.01: 0.0, 0.001: 0.0}}, 'upright (joint_up)': {'n_pairs': 1000, 'n_max_trajs': 560, 'n_min_trajs': 280, 'n_nonempty_hist': {0: 3, 1: 65, 2: 932}, 'n_both_nonempty': 932, 'n_ttest_run': 932, 'n_significant': {0.05: 932, 0.01: 932, 0.001: 932}, 'frac_significant': {0.05: 1.0, 0.01: 1.0, 0.001: 1.0}}}}"
0,8,4,results/sirl_ljts/tversky_proj_1785774317.pth,"{'laptop (computer_dist)': {'n_pairs': 1000, 'n_max_trajs': 56, 'n_min_trajs': 448, 'n_nonempty_hist': {0: 5, 1: 55, 2: 940}, 'n_both_nonempty': 940, 'n_ttest_run': 862, 'n_significant': {0.05: 841, 0.01: 814, 0.001: 725}, 'frac_significant': {0.05: 0.9756380510440835, 0.01: 0.9443155452436195, 0.001: 0.8410672853828306}}, 'upright (joint_up)': {'n_pairs': 1000, 'n_max_trajs': 560, 'n_min_trajs': 280, 'n_nonempty_hist': {0: 15, 1: 221, 2: 764}, 'n_both_nonempty': 764, 'n_ttest_run': 764, 'n_significant': {0.05: 620, 0.01: 461, 0.001: 120}, 'frac_significant': {0.05: 0.8115183246073299, 0.01: 0.6034031413612565, 0.001: 0.15706806282722513}}}","{'sim_only': {'laptop (computer_dist)': {'n_pairs': 1000, 'n_max_trajs': 56, 'n_min_trajs': 448, 'n_nonempty_hist': {0: 5, 1: 55, 2: 940}, 'n_both_nonempty': 940, 'n_ttest_run': 862, 'n_significant': {0.05: 841, 0.01: 814, 0.001: 725}, 'frac_significant': {0.05: 0.9756380510440835, 0.01: 0.9443155452436195, 0.001: 0.8410672853828306}}, 'upright (joint_up)': {'n_pairs': 1000, 'n_max_trajs': 560, 'n_min_trajs': 280, 'n_nonempty_hist': {0: 15, 1: 221, 2: 764}, 'n_both_nonempty': 764, 'n_ttest_run': 764, 'n_significant': {0.05: 620, 0.01: 461, 0.001: 120}, 'frac_significant': {0.05: 0.8115183246073299, 0.01: 0.6034031413612565, 0.001: 0.15706806282722513}}}}"
1,8,4,results/sirl_ljts/tversky_proj_1785774321.pth,"{'laptop (computer_dist)': {'n_pairs': 1000, 'n_max_trajs': 56, 'n_min_trajs': 448, 'n_nonempty_hist': {0: 10, 1: 66, 2: 924}, 'n_both_nonempty': 924, 'n_ttest_run': 792, 'n_significant': {0.05: 792, 0.01: 792, 0.001: 792}, 'frac_significant': {0.05: 1.0, 0.01: 1.0, 0.001: 1.0}}, 'upright (joint_up)': {'n_pairs': 1000, 'n_max_trajs': 560, 'n_min_trajs': 280, 'n_nonempty_hist': {0: 81, 1: 364, 2: 555}, 'n_both_nonempty': 555, 'n_ttest_run': 555, 'n_significant': {0.05: 322, 0.01: 256, 0.001: 256}, 'frac_significant': {0.05: 0.5801801801801801, 0.01: 0.46126126126126127, 0.001: 0.46126126126126127}}}","{'sim_only': {'laptop (computer_dist)': {'n_pairs': 1000, 'n_max_trajs': 56, 'n_min_trajs': 448, 'n_nonempty_hist': {0: 10, 1: 66, 2: 924}, 'n_both_nonempty': 924, 'n_ttest_run': 792, 'n_significant': {0.05: 792, 0.01: 792, 0.001: 792}, 'frac_significant': {0.05: 1.0, 0.01: 1.0, 0.001: 1.0}}, 'upright (joint_up)': {'n_pairs': 1000, 'n_max_trajs': 560, 'n_min_trajs': 280, 'n_nonempty_hist': {0: 81, 1: 364, 2: 555}, 'n_both_nonempty': 555, 'n_ttest_run': 555, 'n_significant': {0.05: 322, 0.01: 256, 0.001: 256}, 'frac_significant': {0.05: 0.5801801801801801, 0.01: 0.46126126126126127, 0.001: 0.46126126126126127}}}}"
2,8,4,results/sirl_ljts/tversky_proj_1785774326.pth,"{'laptop (computer_dist)': {'n_pairs': 1000, 'n_max_trajs': 56, 'n_min_trajs': 448, 'n_nonempty_hist': {0: 8, 1: 40, 2: 952}, 'n_both_nonempty': 952, 'n_ttest_run': 952, 'n_significant': {0.05: 947, 0.01: 945, 0.001: 930}, 'frac_significant': {0.05: 0.9947478991596639, 0.01: 0.9926470588235294, 0.001: 0.976890756302521}}, 'upright (joint_up)': {'n_pairs': 1000, 'n_max_trajs': 560, 'n_min_trajs': 280, 'n_nonempty_hist': {0: 5, 1: 443, 2: 552}, 'n_both_nonempty': 552, 'n_ttest_run': 552, 'n_significant': {0.05: 542, 0.01: 330, 0.001: 8}, 'frac_significant': {0.05: 0.9818840579710145, 0.01: 0.5978260869565217, 0.001: 0.014492753623188406}}}","{'sim_only': {'laptop (computer_dist)': {'n_pairs': 1000, 'n_max_trajs': 56, 'n_min_trajs': 448, 'n_nonempty_hist': {0: 8, 1: 40, 2: 952}, 'n_both_nonempty': 952, 'n_ttest_run': 952, 'n_significant': {0.05: 947, 0.01: 945, 0.001: 930}, 'frac_significant': {0.05: 0.9947478991596639, 0.01: 0.9926470588235294, 0.001: 0.976890756302521}}, 'upright (joint_up)': {'n_pairs': 1000, 'n_max_trajs': 560, 'n_min_trajs': 280, 'n_nonempty_hist': {0: 5, 1: 443, 2: 552}, 'n_both_nonempty': 552, 'n_ttest_run': 552, 'n_significant': {0.05: 542, 0.01: 330, 0.001: 8}, 'frac_significant': {0.05: 0.9818840579710145, 0.01: 0.5978260869565217, 0.001: 0.014492753623188406}}}}"
0,8,8,results/sirl_ljts/tversky_proj_1785774330.pth,"{'laptop (computer_dist)': {'n_pairs': 1000, 'n_max_trajs': 56, 'n_min_trajs': 448, 'n_nonempty_hist': {0: 0, 1: 10, 2: 990}, 'n_both_nonempty': 990, 'n_ttest_run': 946, 'n_significant': {0.05: 862, 0.01: 726, 0.001: 668}, 'frac_significant': {0.05: 0.9112050739957717, 0.01: 0.7674418604651163, 0.001: 0.7061310782241015}}, 'upright (joint_up)': {'n_pairs': 1000, 'n_max_trajs': 560, 'n_min_trajs': 280, 'n_nonempty_hist': {0: 0, 1: 2, 2: 998}, 'n_both_nonempty': 998, 'n_ttest_run': 998, 'n_significant': {0.05: 962, 0.01: 956, 0.001: 949}, 'frac_significant': {0.05: 0.9639278557114228, 0.01: 0.9579158316633266, 0.001: 0.9509018036072144}}}","{'sim_only': {'laptop (computer_dist)': {'n_pairs': 1000, 'n_max_trajs': 56, 'n_min_trajs': 448, 'n_nonempty_hist': {0: 0, 1: 10, 2: 990}, 'n_both_nonempty': 990, 'n_ttest_run': 946, 'n_significant': {0.05: 862, 0.01: 726, 0.001: 668}, 'frac_significant': {0.05: 0.9112050739957717, 0.01: 0.7674418604651163, 0.001: 0.7061310782241015}}, 'upright (joint_up)': {'n_pairs': 1000, 'n_max_trajs': 560, 'n_min_trajs': 280, 'n_nonempty_hist': {0: 0, 1: 2, 2: 998}, 'n_both_nonempty': 998, 'n_ttest_run': 998, 'n_significant': {0.05: 962, 0.01: 956, 0.001: 949}, 'frac_significant': {0.05: 0.9639278557114228, 0.01: 0.9579158316633266, 0.001: 0.9509018036072144}}}}"
1,8,8,results/sirl_ljts/tversky_proj_1785774335.pth,"{'laptop (computer_dist)': {'n_pairs': 1000, 'n_max_trajs': 56, 'n_min_trajs': 448, 'n_nonempty_hist': {0: 1, 1: 3, 2: 996}, 'n_both_nonempty': 996, 'n_ttest_run': 994, 'n_significant': {0.05: 989, 0.01: 988, 0.001: 932}, 'frac_significant': {0.05: 0.9949698189134809, 0.01: 0.993963782696177, 0.001: 0.937625754527163}}, 'upright (joint_up)': {'n_pairs': 1000, 'n_max_trajs': 560, 'n_min_trajs': 280, 'n_nonempty_hist': {0: 9, 1: 3, 2: 988}, 'n_both_nonempty': 988, 'n_ttest_run': 985, 'n_significant': {0.05: 943, 0.01: 864, 0.001: 806}, 'frac_significant': {0.05: 0.9573604060913705, 0.01: 0.8771573604060914, 0.001: 0.8182741116751269}}}","{'sim_only': {'laptop (computer_dist)': {'n_pairs': 1000, 'n_max_trajs': 56, 'n_min_trajs': 448, 'n_nonempty_hist': {0: 1, 1: 3, 2: 996}, 'n_both_nonempty': 996, 'n_ttest_run': 994, 'n_significant': {0.05: 989, 0.01: 988, 0.001: 932}, 'frac_significant': {0.05: 0.9949698189134809, 0.01: 0.993963782696177, 0.001: 0.937625754527163}}, 'upright (joint_up)': {'n_pairs': 1000, 'n_max_trajs': 560, 'n_min_trajs': 280, 'n_nonempty_hist': {0: 9, 1: 3, 2: 988}, 'n_both_nonempty': 988, 'n_ttest_run': 985, 'n_significant': {0.05: 943, 0.01: 864, 0.001: 806}, 'frac_significant': {0.05: 0.9573604060913705, 0.01: 0.8771573604060914, 0.001: 0.8182741116751269}}}}"
2,8,8,results/sirl_ljts/tversky_proj_1785774339.pth,"{'laptop (computer_dist)': {'n_pairs': 1000, 'n_max_trajs': 56, 'n_min_trajs': 448, 'n_nonempty_hist': {0: 1, 1: 8, 2: 991}, 'n_both_nonempty': 991, 'n_ttest_run': 958, 'n_significant': {0.05: 855, 0.01: 751, 0.001: 720}, 'frac_significant': {0.05: 0.8924843423799582, 0.01: 0.7839248434237995, 0.001: 0.7515657620041754}}, 'upright (joint_up)': {'n_pairs': 1000, 'n_max_trajs': 560, 'n_min_trajs': 280, 'n_nonempty_hist': {0: 0, 1: 2, 2: 998}, 'n_both_nonempty': 998, 'n_ttest_run': 996, 'n_significant': {0.05: 996, 0.01: 988, 0.001: 986}, 'frac_significant': {0.05: 1.0, 0.01: 0.9919678714859438, 0.001: 0.9899598393574297}}}","{'sim_only': {'laptop (computer_dist)': {'n_pairs': 1000, 'n_max_trajs': 56, 'n_min_trajs': 448, 'n_nonempty_hist': {0: 1, 1: 8, 2: 991}, 'n_both_nonempty': 991, 'n_ttest_run': 958, 'n_significant': {0.05: 855, 0.01: 751, 0.001: 720}, 'frac_significant': {0.05: 0.8924843423799582, 0.01: 0.7839248434237995, 0.001: 0.7515657620041754}}, 'upright (joint_up)': {'n_pairs': 1000, 'n_max_trajs': 560, 'n_min_trajs': 280, 'n_nonempty_hist': {0: 0, 1: 2, 2: 998}, 'n_both_nonempty': 998, 'n_ttest_run': 996, 'n_significant': {0.05: 996, 0.01: 988, 0.001: 986}, 'frac_significant': {0.05: 1.0, 0.01: 0.9919678714859438, 0.001: 0.9899598393574297}}}}"
0,8,16,results/sirl_ljts/tversky_proj_1785774345.pth,"{'laptop (computer_dist)': {'n_pairs': 1000, 'n_max_trajs': 56, 'n_min_trajs': 448, 'n_nonempty_hist': {0: 0, 1: 0, 2: 1000}, 'n_both_nonempty': 1000, 'n_ttest_run': 958, 'n_significant': {0.05: 933, 0.01: 933, 0.001: 888}, 'frac_significant': {0.05: 0.9739039665970772, 0.01: 0.9739039665970772, 0.001: 0.9269311064718163}}, 'upright (joint_up)': {'n_pairs': 1000, 'n_max_trajs': 560, 'n_min_trajs': 280, 'n_nonempty_hist': {0: 2, 1: 0, 2: 998}, 'n_both_nonempty': 998, 'n_ttest_run': 731, 'n_significant': {0.05: 663, 0.01: 575, 0.001: 389}, 'frac_significant': {0.05: 0.9069767441860465, 0.01: 0.786593707250342, 0.001: 0.5321477428180574}}}","{'sim_only': {'laptop (computer_dist)': {'n_pairs': 1000, 'n_max_trajs': 56, 'n_min_trajs': 448, 'n_nonempty_hist': {0: 0, 1: 0, 2: 1000}, 'n_both_nonempty': 1000, 'n_ttest_run': 958, 'n_significant': {0.05: 933, 0.01: 933, 0.001: 888}, 'frac_significant': {0.05: 0.9739039665970772, 0.01: 0.9739039665970772, 0.001: 0.9269311064718163}}, 'upright (joint_up)': {'n_pairs': 1000, 'n_max_trajs': 560, 'n_min_trajs': 280, 'n_nonempty_hist': {0: 2, 1: 0, 2: 998}, 'n_both_nonempty': 998, 'n_ttest_run': 731, 'n_significant': {0.05: 663, 0.01: 575, 0.001: 389}, 'frac_significant': {0.05: 0.9069767441860465, 0.01: 0.786593707250342, 0.001: 0.5321477428180574}}}}"
1,8,16,results/sirl_ljts/tversky_proj_1785774350.pth,"{'laptop (computer_dist)': {'n_pairs': 1000, 'n_max_trajs': 56, 'n_min_trajs': 448, 'n_nonempty_hist': {0: 0, 1: 0, 2: 1000}, 'n_both_nonempty': 1000, 'n_ttest_run': 994, 'n_significant': {0.05: 994, 0.01: 991, 0.001: 971}, 'frac_significant': {0.05: 1.0, 0.01: 0.9969818913480886, 0.001: 0.9768611670020121}}, 'upright (joint_up)': {'n_pairs': 1000, 'n_max_trajs': 560, 'n_min_trajs': 280, 'n_nonempty_hist': {0: 0, 1: 0, 2: 1000}, 'n_both_nonempty': 1000, 'n_ttest_run': 921, 'n_significant': {0.05: 888, 0.01: 751, 0.001: 682}, 'frac_significant': {0.05: 0.9641693811074918, 0.01: 0.8154180238870793, 0.001: 0.740499457111835}}}","{'sim_only': {'laptop (computer_dist)': {'n_pairs': 1000, 'n_max_trajs': 56, 'n_min_trajs': 448, 'n_nonempty_hist': {0: 0, 1: 0, 2: 1000}, 'n_both_nonempty': 1000, 'n_ttest_run': 994, 'n_significant': {0.05: 994, 0.01: 991, 0.001: 971}, 'frac_significant': {0.05: 1.0, 0.01: 0.9969818913480886, 0.001: 0.9768611670020121}}, 'upright (joint_up)': {'n_pairs': 1000, 'n_max_trajs': 560, 'n_min_trajs': 280, 'n_nonempty_hist': {0: 0, 1: 0, 2: 1000}, 'n_both_nonempty': 1000, 'n_ttest_run': 921, 'n_significant': {0.05: 888, 0.01: 751, 0.001: 682}, 'frac_significant': {0.05: 0.9641693811074918, 0.01: 0.8154180238870793, 0.001: 0.740499457111835}}}}"
2,8,16,results/sirl_ljts/tversky_proj_1785774355.pth,"{'laptop (computer_dist)': {'n_pairs': 1000, 'n_max_trajs': 56, 'n_min_trajs': 448, 'n_nonempty_hist': {0: 0, 1: 0, 2: 1000}, 'n_both_nonempty': 1000, 'n_ttest_run': 914, 'n_significant': {0.05: 904, 0.01: 822, 0.001: 628}, 'frac_significant': {0.05: 0.9890590809628009, 0.01: 0.899343544857768, 0.001: 0.687089715536105}}, 'upright (joint_up)': {'n_pairs': 1000, 'n_max_trajs': 560, 'n_min_trajs': 280, 'n_nonempty_hist': {0: 0, 1: 0, 2: 1000}, 'n_both_nonempty': 1000, 'n_ttest_run': 662, 'n_significant': {0.05: 661, 0.01: 591, 0.001: 520}, 'frac_significant': {0.05: 0.9984894259818731, 0.01: 0.8927492447129909, 0.001: 0.7854984894259819}}}","{'sim_only': {'laptop (computer_dist)': {'n_pairs': 1000, 'n_max_trajs': 56, 'n_min_trajs': 448, 'n_nonempty_hist': {0: 0, 1: 0, 2: 1000}, 'n_both_nonempty': 1000, 'n_ttest_run': 914, 'n_significant': {0.05: 904, 0.01: 822, 0.001: 628}, 'frac_significant': {0.05: 0.9890590809628009, 0.01: 0.899343544857768, 0.001: 0.687089715536105}}, 'upright (joint_up)': {'n_pairs': 1000, 'n_max_trajs': 560, 'n_min_trajs': 280, 'n_nonempty_hist': {0: 0, 1: 0, 2: 1000}, 'n_both_nonempty': 1000, 'n_ttest_run': 662, 'n_significant': {0.05: 661, 0.01: 591, 0.001: 520}, 'frac_significant': {0.05: 0.9984894259818731, 0.01: 0.8927492447129909, 0.001: 0.7854984894259819}}}}"
0,8,32,results/sirl_ljts/tversky_proj_1785774360.pth,"{'laptop (computer_dist)': {'n_pairs': 1000, 'n_max_trajs': 56, 'n_min_trajs': 448, 'n_nonempty_hist': {0: 0, 1: 0, 2: 1000}, 'n_both_nonempty': 1000, 'n_ttest_run': 904, 'n_significant': {0.05: 840, 0.01: 725, 0.001: 596}, 'frac_significant': {0.05: 0.9292035398230089, 0.01: 0.8019911504424779, 0.001: 0.6592920353982301}}, 'upright (joint_up)': {'n_pairs': 1000, 'n_max_trajs': 560, 'n_min_trajs': 280, 'n_nonempty_hist': {0: 0, 1: 0, 2: 1000}, 'n_both_nonempty': 1000, 'n_ttest_run': 929, 'n_significant': {0.05: 919, 0.01: 865, 0.001: 830}, 'frac_significant': {0.05: 0.9892357373519914, 0.01: 0.9311087190527448, 0.001: 0.8934337997847147}}}","{'sim_only': {'laptop (computer_dist)': {'n_pairs': 1000, 'n_max_trajs': 56, 'n_min_trajs': 448, 'n_nonempty_hist': {0: 0, 1: 0, 2: 1000}, 'n_both_nonempty': 1000, 'n_ttest_run': 904, 'n_significant': {0.05: 840, 0.01: 725, 0.001: 596}, 'frac_significant': {0.05: 0.9292035398230089, 0.01: 0.8019911504424779, 0.001: 0.6592920353982301}}, 'upright (joint_up)': {'n_pairs': 1000, 'n_max_trajs': 560, 'n_min_trajs': 280, 'n_nonempty_hist': {0: 0, 1: 0, 2: 1000}, 'n_both_nonempty': 1000, 'n_ttest_run': 929, 'n_significant': {0.05: 919, 0.01: 865, 0.001: 830}, 'frac_significant': {0.05: 0.9892357373519914, 0.01: 0.9311087190527448, 0.001: 0.8934337997847147}}}}"
1,8,32,results/sirl_ljts/tversky_proj_1785774365.pth,"{'laptop (computer_dist)': {'n_pairs': 1000, 'n_max_trajs': 56, 'n_min_trajs': 448, 'n_nonempty_hist': {0: 0, 1: 0, 2: 1000}, 'n_both_nonempty': 1000, 'n_ttest_run': 915, 'n_significant': {0.05: 798, 0.01: 777, 0.001: 738}, 'frac_significant': {0.05: 0.8721311475409836, 0.01: 0.8491803278688524, 0.001: 0.8065573770491803}}, 'upright (joint_up)': {'n_pairs': 1000, 'n_max_trajs': 560, 'n_min_trajs': 280, 'n_nonempty_hist': {0: 0, 1: 0, 2: 1000}, 'n_both_nonempty': 1000, 'n_ttest_run': 901, 'n_significant': {0.05: 900, 0.01: 890, 0.001: 871}, 'frac_significant': {0.05: 0.9988901220865705, 0.01: 0.9877913429522752, 0.001: 0.9667036625971143}}}","{'sim_only': {'laptop (computer_dist)': {'n_pairs': 1000, 'n_max_trajs': 56, 'n_min_trajs': 448, 'n_nonempty_hist': {0: 0, 1: 0, 2: 1000}, 'n_both_nonempty': 1000, 'n_ttest_run': 915, 'n_significant': {0.05: 798, 0.01: 777, 0.001: 738}, 'frac_significant': {0.05: 0.8721311475409836, 0.01: 0.8491803278688524, 0.001: 0.8065573770491803}}, 'upright (joint_up)': {'n_pairs': 1000, 'n_max_trajs': 560, 'n_min_trajs': 280, 'n_nonempty_hist': {0: 0, 1: 0, 2: 1000}, 'n_both_nonempty': 1000, 'n_ttest_run': 901, 'n_significant': {0.05: 900, 0.01: 890, 0.001: 871}, 'frac_significant': {0.05: 0.9988901220865705, 0.01: 0.9877913429522752, 0.001: 0.9667036625971143}}}}"
2,8,32,results/sirl_ljts/tversky_proj_1785774370.pth,"{'laptop (computer_dist)': {'n_pairs': 1000, 'n_max_trajs': 56, 'n_min_trajs': 448, 'n_nonempty_hist': {0: 0, 1: 0, 2: 1000}, 'n_both_nonempty': 1000, 'n_ttest_run': 869, 'n_significant': {0.05: 850, 0.01: 849, 0.001: 677}, 'frac_significant': {0.05: 0.9781357882623706, 0.01: 0.9769850402761795, 0.001: 0.7790563866513234}}, 'upright (joint_up)': {'n_pairs': 1000, 'n_max_trajs': 560, 'n_min_trajs': 280, 'n_nonempty_hist': {0: 0, 1: 0, 2: 1000}, 'n_both_nonempty': 1000, 'n_ttest_run': 744, 'n_significant': {0.05: 715, 0.01: 646, 0.001: 621}, 'frac_significant': {0.05: 0.9610215053763441, 0.01: 0.8682795698924731, 0.001: 0.8346774193548387}}}","{'sim_only': {'laptop (computer_dist)': {'n_pairs': 1000, 'n_max_trajs': 56, 'n_min_trajs': 448, 'n_nonempty_hist': {0: 0, 1: 0, 2: 1000}, 'n_both_nonempty': 1000, 'n_ttest_run': 869, 'n_significant': {0.05: 850, 0.01: 849, 0.001: 677}, 'frac_significant': {0.05: 0.9781357882623706, 0.01: 0.9769850402761795, 0.001: 0.7790563866513234}}, 'upright (joint_up)': {'n_pairs': 1000, 'n_max_trajs': 560, 'n_min_trajs': 280, 'n_nonempty_hist': {0: 0, 1: 0, 2: 1000}, 'n_both_nonempty': 1000, 'n_ttest_run': 744, 'n_significant': {0.05: 715, 0.01: 646, 0.001: 621}, 'frac_significant': {0.05: 0.9610215053763441, 0.01: 0.8682795698924731, 0.001: 0.8346774193548387}}}}"
0,8,64,results/sirl_ljts/tversky_proj_1785774375.pth,"{'laptop (computer_dist)': {'n_pairs': 1000, 'n_max_trajs': 56, 'n_min_trajs': 448, 'n_nonempty_hist': {0: 0, 1: 0, 2: 1000}, 'n_both_nonempty': 1000, 'n_ttest_run': 921, 'n_significant': {0.05: 823, 0.01: 739, 0.001: 648}, 'frac_significant': {0.05: 0.8935939196525515, 0.01: 0.8023887079261672, 0.001: 0.7035830618892508}}, 'upright (joint_up)': {'n_pairs': 1000, 'n_max_trajs': 560, 'n_min_trajs': 280, 'n_nonempty_hist': {0: 0, 1: 0, 2: 1000}, 'n_both_nonempty': 1000, 'n_ttest_run': 822, 'n_significant': {0.05: 784, 0.01: 718, 0.001: 634}, 'frac_significant': {0.05: 0.9537712895377128, 0.01: 0.8734793187347932, 0.001: 0.7712895377128953}}}","{'sim_only': {'laptop (computer_dist)': {'n_pairs': 1000, 'n_max_trajs': 56, 'n_min_trajs': 448, 'n_nonempty_hist': {0: 0, 1: 0, 2: 1000}, 'n_both_nonempty': 1000, 'n_ttest_run': 921, 'n_significant': {0.05: 823, 0.01: 739, 0.001: 648}, 'frac_significant': {0.05: 0.8935939196525515, 0.01: 0.8023887079261672, 0.001: 0.7035830618892508}}, 'upright (joint_up)': {'n_pairs': 1000, 'n_max_trajs': 560, 'n_min_trajs': 280, 'n_nonempty_hist': {0: 0, 1: 0, 2: 1000}, 'n_both_nonempty': 1000, 'n_ttest_run': 822, 'n_significant': {0.05: 784, 0.01: 718, 0.001: 634}, 'frac_significant': {0.05: 0.9537712895377128, 0.01: 0.8734793187347932, 0.001: 0.7712895377128953}}}}"
1,8,64,results/sirl_ljts/tversky_proj_1785774380.pth,"{'laptop (computer_dist)': {'n_pairs': 1000, 'n_max_trajs': 56, 'n_min_trajs': 448, 'n_nonempty_hist': {0: 0, 1: 0, 2: 1000}, 'n_both_nonempty': 1000, 'n_ttest_run': 902, 'n_significant': {0.05: 763, 0.01: 745, 0.001: 630}, 'frac_significant': {0.05: 0.8458980044345898, 0.01: 0.8259423503325942, 0.001: 0.6984478935698448}}, 'upright (joint_up)': {'n_pairs': 1000, 'n_max_trajs': 560, 'n_min_trajs': 280, 'n_nonempty_hist': {0: 0, 1: 0, 2: 1000}, 'n_both_nonempty': 1000, 'n_ttest_run': 911, 'n_significant': {0.05: 815, 0.01: 650, 0.001: 535}, 'frac_significant': {0.05: 0.8946212952799122, 0.01: 0.7135016465422612, 0.001: 0.5872667398463227}}}","{'sim_only': {'laptop (computer_dist)': {'n_pairs': 1000, 'n_max_trajs': 56, 'n_min_trajs': 448, 'n_nonempty_hist': {0: 0, 1: 0, 2: 1000}, 'n_both_nonempty': 1000, 'n_ttest_run': 902, 'n_significant': {0.05: 763, 0.01: 745, 0.001: 630}, 'frac_significant': {0.05: 0.8458980044345898, 0.01: 0.8259423503325942, 0.001: 0.6984478935698448}}, 'upright (joint_up)': {'n_pairs': 1000, 'n_max_trajs': 560, 'n_min_trajs': 280, 'n_nonempty_hist': {0: 0, 1: 0, 2: 1000}, 'n_both_nonempty': 1000, 'n_ttest_run': 911, 'n_significant': {0.05: 815, 0.01: 650, 0.001: 535}, 'frac_significant': {0.05: 0.8946212952799122, 0.01: 0.7135016465422612, 0.001: 0.5872667398463227}}}}"
2,8,64,results/sirl_ljts/tversky_proj_1785774386.pth,"{'laptop (computer_dist)': {'n_pairs': 1000, 'n_max_trajs': 56, 'n_min_trajs': 448, 'n_nonempty_hist': {0: 0, 1: 0, 2: 1000}, 'n_both_nonempty': 1000, 'n_ttest_run': 780, 'n_significant': {0.05: 738, 0.01: 691, 0.001: 542}, 'frac_significant': {0.05: 0.9461538461538461, 0.01: 0.8858974358974359, 0.001: 0.6948717948717948}}, 'upright (joint_up)': {'n_pairs': 1000, 'n_max_trajs': 560, 'n_min_trajs': 280, 'n_nonempty_hist': {0: 0, 1: 0, 2: 1000}, 'n_both_nonempty': 1000, 'n_ttest_run': 795, 'n_significant': {0.05: 755, 0.01: 660, 0.001: 537}, 'frac_significant': {0.05: 0.949685534591195, 0.01: 0.8301886792452831, 0.001: 0.6754716981132075}}}","{'sim_only': {'laptop (computer_dist)': {'n_pairs': 1000, 'n_max_trajs': 56, 'n_min_trajs': 448, 'n_nonempty_hist': {0: 0, 1: 0, 2: 1000}, 'n_both_nonempty': 1000, 'n_ttest_run': 780, 'n_significant': {0.05: 738, 0.01: 691, 0.001: 542}, 'frac_significant': {0.05: 0.9461538461538461, 0.01: 0.8858974358974359, 0.001: 0.6948717948717948}}, 'upright (joint_up)': {'n_pairs': 1000, 'n_max_trajs': 560, 'n_min_trajs': 280, 'n_nonempty_hist': {0: 0, 1: 0, 2: 1000}, 'n_both_nonempty': 1000, 'n_ttest_run': 795, 'n_significant': {0.05: 755, 0.01: 660, 0.001: 537}, 'frac_significant': {0.05: 0.949685534591195, 0.01: 0.8301886792452831, 0.001: 0.6754716981132075}}}}"
0,8,128,results/sirl_ljts/tversky_proj_1785774391.pth,"{'laptop (computer_dist)': {'n_pairs': 1000, 'n_max_trajs': 56, 'n_min_trajs': 448, 'n_nonempty_hist': {0: 0, 1: 0, 2: 1000}, 'n_both_nonempty': 1000, 'n_ttest_run': 832, 'n_significant': {0.05: 798, 0.01: 727, 0.001: 562}, 'frac_significant': {0.05: 0.9591346153846154, 0.01: 0.8737980769230769, 0.001: 0.6754807692307693}}, 'upright (joint_up)': {'n_pairs': 1000, 'n_max_trajs': 560, 'n_min_trajs': 280, 'n_nonempty_hist': {0: 0, 1: 0, 2: 1000}, 'n_both_nonempty': 1000, 'n_ttest_run': 890, 'n_significant': {0.05: 857, 0.01: 818, 0.001: 652}, 'frac_significant': {0.05: 0.9629213483146067, 0.01: 0.9191011235955057, 0.001: 0.7325842696629213}}}","{'sim_only': {'laptop (computer_dist)': {'n_pairs': 1000, 'n_max_trajs': 56, 'n_min_trajs': 448, 'n_nonempty_hist': {0: 0, 1: 0, 2: 1000}, 'n_both_nonempty': 1000, 'n_ttest_run': 832, 'n_significant': {0.05: 798, 0.01: 727, 0.001: 562}, 'frac_significant': {0.05: 0.9591346153846154, 0.01: 0.8737980769230769, 0.001: 0.6754807692307693}}, 'upright (joint_up)': {'n_pairs': 1000, 'n_max_trajs': 560, 'n_min_trajs': 280, 'n_nonempty_hist': {0: 0, 1: 0, 2: 1000}, 'n_both_nonempty': 1000, 'n_ttest_run': 890, 'n_significant': {0.05: 857, 0.01: 818, 0.001: 652}, 'frac_significant': {0.05: 0.9629213483146067, 0.01: 0.9191011235955057, 0.001: 0.7325842696629213}}}}"
1,8,128,results/sirl_ljts/tversky_proj_1785774396.pth,"{'laptop (computer_dist)': {'n_pairs': 1000, 'n_max_trajs': 56, 'n_min_trajs': 448, 'n_nonempty_hist': {0: 0, 1: 0, 2: 1000}, 'n_both_nonempty': 1000, 'n_ttest_run': 913, 'n_significant': {0.05: 858, 0.01: 794, 0.001: 571}, 'frac_significant': {0.05: 0.9397590361445783, 0.01: 0.8696604600219058, 0.001: 0.6254107338444688}}, 'upright (joint_up)': {'n_pairs': 1000, 'n_max_trajs': 560, 'n_min_trajs': 280, 'n_nonempty_hist': {0: 0, 1: 0, 2: 1000}, 'n_both_nonempty': 1000, 'n_ttest_run': 795, 'n_significant': {0.05: 769, 0.01: 656, 0.001: 554}, 'frac_significant': {0.05: 0.9672955974842767, 0.01: 0.8251572327044026, 0.001: 0.6968553459119496}}}","{'sim_only': {'laptop (computer_dist)': {'n_pairs': 1000, 'n_max_trajs': 56, 'n_min_trajs': 448, 'n_nonempty_hist': {0: 0, 1: 0, 2: 1000}, 'n_both_nonempty': 1000, 'n_ttest_run': 913, 'n_significant': {0.05: 858, 0.01: 794, 0.001: 571}, 'frac_significant': {0.05: 0.9397590361445783, 0.01: 0.8696604600219058, 0.001: 0.6254107338444688}}, 'upright (joint_up)': {'n_pairs': 1000, 'n_max_trajs': 560, 'n_min_trajs': 280, 'n_nonempty_hist': {0: 0, 1: 0, 2: 1000}, 'n_both_nonempty': 1000, 'n_ttest_run': 795, 'n_significant': {0.05: 769, 0.01: 656, 0.001: 554}, 'frac_significant': {0.05: 0.9672955974842767, 0.01: 0.8251572327044026, 0.001: 0.6968553459119496}}}}"
2,8,128,results/sirl_ljts/tversky_proj_1785774402.pth,"{'laptop (computer_dist)': {'n_pairs': 1000, 'n_max_trajs': 56, 'n_min_trajs': 448, 'n_nonempty_hist': {0: 0, 1: 0, 2: 1000}, 'n_both_nonempty': 1000, 'n_ttest_run': 802, 'n_significant': {0.05: 730, 0.01: 721, 0.001: 604}, 'frac_significant': {0.05: 0.9102244389027432, 0.01: 0.899002493765586, 0.001: 0.7531172069825436}}, 'upright (joint_up)': {'n_pairs': 1000, 'n_max_trajs': 560, 'n_min_trajs': 280, 'n_nonempty_hist': {0: 0, 1: 0, 2: 1000}, 'n_both_nonempty': 1000, 'n_ttest_run': 896, 'n_significant': {0.05: 876, 0.01: 834, 0.001: 645}, 'frac_significant': {0.05: 0.9776785714285714, 0.01: 0.9308035714285714, 0.001: 0.7198660714285714}}}","{'sim_only': {'laptop (computer_dist)': {'n_pairs': 1000, 'n_max_trajs': 56, 'n_min_trajs': 448, 'n_nonempty_hist': {0: 0, 1: 0, 2: 1000}, 'n_both_nonempty': 1000, 'n_ttest_run': 802, 'n_significant': {0.05: 730, 0.01: 721, 0.001: 604}, 'frac_significant': {0.05: 0.9102244389027432, 0.01: 0.899002493765586, 0.001: 0.7531172069825436}}, 'upright (joint_up)': {'n_pairs': 1000, 'n_max_trajs': 560, 'n_min_trajs': 280, 'n_nonempty_hist': {0: 0, 1: 0, 2: 1000}, 'n_both_nonempty': 1000, 'n_ttest_run': 896, 'n_significant': {0.05: 876, 0.01: 834, 0.001: 645}, 'frac_significant': {0.05: 0.9776785714285714, 0.01: 0.9308035714285714, 0.001: 0.7198660714285714}}}}"
0,8,256,results/sirl_ljts/tversky_proj_1785774407.pth,"{'laptop (computer_dist)': {'n_pairs': 1000, 'n_max_trajs': 56, 'n_min_trajs': 448, 'n_nonempty_hist': {0: 0, 1: 0, 2: 1000}, 'n_both_nonempty': 1000, 'n_ttest_run': 779, 'n_significant': {0.05: 680, 0.01: 654, 0.001: 550}, 'frac_significant': {0.05: 0.8729139922978177, 0.01: 0.8395378690629012, 0.001: 0.7060333761232349}}, 'upright (joint_up)': {'n_pairs': 1000, 'n_max_trajs': 560, 'n_min_trajs': 280, 'n_nonempty_hist': {0: 0, 1: 0, 2: 1000}, 'n_both_nonempty': 1000, 'n_ttest_run': 976, 'n_significant': {0.05: 944, 0.01: 861, 0.001: 635}, 'frac_significant': {0.05: 0.9672131147540983, 0.01: 0.882172131147541, 0.001: 0.6506147540983607}}}","{'sim_only': {'laptop (computer_dist)': {'n_pairs': 1000, 'n_max_trajs': 56, 'n_min_trajs': 448, 'n_nonempty_hist': {0: 0, 1: 0, 2: 1000}, 'n_both_nonempty': 1000, 'n_ttest_run': 779, 'n_significant': {0.05: 680, 0.01: 654, 0.001: 550}, 'frac_significant': {0.05: 0.8729139922978177, 0.01: 0.8395378690629012, 0.001: 0.7060333761232349}}, 'upright (joint_up)': {'n_pairs': 1000, 'n_max_trajs': 560, 'n_min_trajs': 280, 'n_nonempty_hist': {0: 0, 1: 0, 2: 1000}, 'n_both_nonempty': 1000, 'n_ttest_run': 976, 'n_significant': {0.05: 944, 0.01: 861, 0.001: 635}, 'frac_significant': {0.05: 0.9672131147540983, 0.01: 0.882172131147541, 0.001: 0.6506147540983607}}}}"
1,8,256,results/sirl_ljts/tversky_proj_1785774413.pth,"{'laptop (computer_dist)': {'n_pairs': 1000, 'n_max_trajs': 56, 'n_min_trajs': 448, 'n_nonempty_hist': {0: 0, 1: 0, 2: 1000}, 'n_both_nonempty': 1000, 'n_ttest_run': 943, 'n_significant': {0.05: 887, 0.01: 696, 0.001: 566}, 'frac_significant': {0.05: 0.9406150583244963, 0.01: 0.7380699893955461, 0.001: 0.6002120890774125}}, 'upright (joint_up)': {'n_pairs': 1000, 'n_max_trajs': 560, 'n_min_trajs': 280, 'n_nonempty_hist': {0: 0, 1: 0, 2: 1000}, 'n_both_nonempty': 1000, 'n_ttest_run': 870, 'n_significant': {0.05: 855, 0.01: 793, 0.001: 727}, 'frac_significant': {0.05: 0.9827586206896551, 0.01: 0.9114942528735632, 0.001: 0.835632183908046}}}","{'sim_only': {'laptop (computer_dist)': {'n_pairs': 1000, 'n_max_trajs': 56, 'n_min_trajs': 448, 'n_nonempty_hist': {0: 0, 1: 0, 2: 1000}, 'n_both_nonempty': 1000, 'n_ttest_run': 943, 'n_significant': {0.05: 887, 0.01: 696, 0.001: 566}, 'frac_significant': {0.05: 0.9406150583244963, 0.01: 0.7380699893955461, 0.001: 0.6002120890774125}}, 'upright (joint_up)': {'n_pairs': 1000, 'n_max_trajs': 560, 'n_min_trajs': 280, 'n_nonempty_hist': {0: 0, 1: 0, 2: 1000}, 'n_both_nonempty': 1000, 'n_ttest_run': 870, 'n_significant': {0.05: 855, 0.01: 793, 0.001: 727}, 'frac_significant': {0.05: 0.9827586206896551, 0.01: 0.9114942528735632, 0.001: 0.835632183908046}}}}"
2,8,256,results/sirl_ljts/tversky_proj_1785774418.pth,"{'laptop (computer_dist)': {'n_pairs': 1000, 'n_max_trajs': 56, 'n_min_trajs': 448, 'n_nonempty_hist': {0: 0, 1: 0, 2: 1000}, 'n_both_nonempty': 1000, 'n_ttest_run': 839, 'n_significant': {0.05: 789, 0.01: 784, 0.001: 649}, 'frac_significant': {0.05: 0.9404052443384983, 0.01: 0.9344457687723481, 0.001: 0.7735399284862932}}, 'upright (joint_up)': {'n_pairs': 1000, 'n_max_trajs': 560, 'n_min_trajs': 280, 'n_nonempty_hist': {0: 0, 1: 0, 2: 1000}, 'n_both_nonempty': 1000, 'n_ttest_run': 847, 'n_significant': {0.05: 797, 0.01: 690, 0.001: 591}, 'frac_significant': {0.05: 0.9409681227863046, 0.01: 0.8146399055489965, 0.001: 0.6977567886658795}}}","{'sim_only': {'laptop (computer_dist)': {'n_pairs': 1000, 'n_max_trajs': 56, 'n_min_trajs': 448, 'n_nonempty_hist': {0: 0, 1: 0, 2: 1000}, 'n_both_nonempty': 1000, 'n_ttest_run': 839, 'n_significant': {0.05: 789, 0.01: 784, 0.001: 649}, 'frac_significant': {0.05: 0.9404052443384983, 0.01: 0.9344457687723481, 0.001: 0.7735399284862932}}, 'upright (joint_up)': {'n_pairs': 1000, 'n_max_trajs': 560, 'n_min_trajs': 280, 'n_nonempty_hist': {0: 0, 1: 0, 2: 1000}, 'n_both_nonempty': 1000, 'n_ttest_run': 847, 'n_significant': {0.05: 797, 0.01: 690, 0.001: 591}, 'frac_significant': {0.05: 0.9409681227863046, 0.01: 0.8146399055489965, 0.001: 0.6977567886658795}}}}"
0,10,2,results/sirl_ljts/tversky_proj_1785774423.pth,"{'laptop (computer_dist)': {'n_pairs': 1000, 'n_max_trajs': 56, 'n_min_trajs': 448, 'n_nonempty_hist': {0: 274, 1: 284, 2: 442}, 'n_both_nonempty': 442, 'n_ttest_run': 0, 'n_significant': {0.05: 0, 0.01: 0, 0.001: 0}, 'frac_significant': {0.05: 0.0, 0.01: 0.0, 0.001: 0.0}}, 'upright (joint_up)': {'n_pairs': 1000, 'n_max_trajs': 560, 'n_min_trajs': 280, 'n_nonempty_hist': {0: 393, 1: 293, 2: 314}, 'n_both_nonempty': 314, 'n_ttest_run': 314, 'n_significant': {0.05: 0, 0.01: 0, 0.001: 0}, 'frac_significant': {0.05: 0.0, 0.01: 0.0, 0.001: 0.0}}}","{'sim_only': {'laptop (computer_dist)': {'n_pairs': 1000, 'n_max_trajs': 56, 'n_min_trajs': 448, 'n_nonempty_hist': {0: 274, 1: 284, 2: 442}, 'n_both_nonempty': 442, 'n_ttest_run': 0, 'n_significant': {0.05: 0, 0.01: 0, 0.001: 0}, 'frac_significant': {0.05: 0.0, 0.01: 0.0, 0.001: 0.0}}, 'upright (joint_up)': {'n_pairs': 1000, 'n_max_trajs': 560, 'n_min_trajs': 280, 'n_nonempty_hist': {0: 393, 1: 293, 2: 314}, 'n_both_nonempty': 314, 'n_ttest_run': 314, 'n_significant': {0.05: 0, 0.01: 0, 0.001: 0}, 'frac_significant': {0.05: 0.0, 0.01: 0.0, 0.001: 0.0}}}}"
1,10,2,results/sirl_ljts/tversky_proj_1785774427.pth,"{'laptop (computer_dist)': {'n_pairs': 1000, 'n_max_trajs': 56, 'n_min_trajs': 448, 'n_nonempty_hist': {0: 265, 1: 492, 2: 243}, 'n_both_nonempty': 243, 'n_ttest_run': 243, 'n_significant': {0.05: 85, 0.01: 85, 0.001: 85}, 'frac_significant': {0.05: 0.3497942386831276, 0.01: 0.3497942386831276, 0.001: 0.3497942386831276}}, 'upright (joint_up)': {'n_pairs': 1000, 'n_max_trajs': 560, 'n_min_trajs': 280, 'n_nonempty_hist': {0: 290, 1: 493, 2: 217}, 'n_both_nonempty': 217, 'n_ttest_run': 217, 'n_significant': {0.05: 0, 0.01: 0, 0.001: 0}, 'frac_significant': {0.05: 0.0, 0.01: 0.0, 0.001: 0.0}}}","{'sim_only': {'laptop (computer_dist)': {'n_pairs': 1000, 'n_max_trajs': 56, 'n_min_trajs': 448, 'n_nonempty_hist': {0: 265, 1: 492, 2: 243}, 'n_both_nonempty': 243, 'n_ttest_run': 243, 'n_significant': {0.05: 85, 0.01: 85, 0.001: 85}, 'frac_significant': {0.05: 0.3497942386831276, 0.01: 0.3497942386831276, 0.001: 0.3497942386831276}}, 'upright (joint_up)': {'n_pairs': 1000, 'n_max_trajs': 560, 'n_min_trajs': 280, 'n_nonempty_hist': {0: 290, 1: 493, 2: 217}, 'n_both_nonempty': 217, 'n_ttest_run': 217, 'n_significant': {0.05: 0, 0.01: 0, 0.001: 0}, 'frac_significant': {0.05: 0.0, 0.01: 0.0, 0.001: 0.0}}}}"
2,10,2,results/sirl_ljts/tversky_proj_1785774431.pth,"{'laptop (computer_dist)': {'n_pairs': 1000, 'n_max_trajs': 56, 'n_min_trajs': 448, 'n_nonempty_hist': {0: 237, 1: 748, 2: 15}, 'n_both_nonempty': 15, 'n_ttest_run': 15, 'n_significant': {0.05: 15, 0.01: 15, 0.001: 0}, 'frac_significant': {0.05: 1.0, 0.01: 1.0, 0.001: 0.0}}, 'upright (joint_up)': {'n_pairs': 1000, 'n_max_trajs': 560, 'n_min_trajs': 280, 'n_nonempty_hist': {0: 311, 1: 645, 2: 44}, 'n_both_nonempty': 44, 'n_ttest_run': 44, 'n_significant': {0.05: 0, 0.01: 0, 0.001: 0}, 'frac_significant': {0.05: 0.0, 0.01: 0.0, 0.001: 0.0}}}","{'sim_only': {'laptop (computer_dist)': {'n_pairs': 1000, 'n_max_trajs': 56, 'n_min_trajs': 448, 'n_nonempty_hist': {0: 237, 1: 748, 2: 15}, 'n_both_nonempty': 15, 'n_ttest_run': 15, 'n_significant': {0.05: 15, 0.01: 15, 0.001: 0}, 'frac_significant': {0.05: 1.0, 0.01: 1.0, 0.001: 0.0}}, 'upright (joint_up)': {'n_pairs': 1000, 'n_max_trajs': 560, 'n_min_trajs': 280, 'n_nonempty_hist': {0: 311, 1: 645, 2: 44}, 'n_both_nonempty': 44, 'n_ttest_run': 44, 'n_significant': {0.05: 0, 0.01: 0, 0.001: 0}, 'frac_significant': {0.05: 0.0, 0.01: 0.0, 0.001: 0.0}}}}"
0,10,4,results/sirl_ljts/tversky_proj_1785774435.pth,"{'laptop (computer_dist)': {'n_pairs': 1000, 'n_max_trajs': 56, 'n_min_trajs': 448, 'n_nonempty_hist': {0: 118, 1: 562, 2: 320}, 'n_both_nonempty': 320, 'n_ttest_run': 287, 'n_significant': {0.05: 0, 0.01: 0, 0.001: 0}, 'frac_significant': {0.05: 0.0, 0.01: 0.0, 0.001: 0.0}}, 'upright (joint_up)': {'n_pairs': 1000, 'n_max_trajs': 560, 'n_min_trajs': 280, 'n_nonempty_hist': {0: 182, 1: 580, 2: 238}, 'n_both_nonempty': 238, 'n_ttest_run': 238, 'n_significant': {0.05: 0, 0.01: 0, 0.001: 0}, 'frac_significant': {0.05: 0.0, 0.01: 0.0, 0.001: 0.0}}}","{'sim_only': {'laptop (computer_dist)': {'n_pairs': 1000, 'n_max_trajs': 56, 'n_min_trajs': 448, 'n_nonempty_hist': {0: 118, 1: 562, 2: 320}, 'n_both_nonempty': 320, 'n_ttest_run': 287, 'n_significant': {0.05: 0, 0.01: 0, 0.001: 0}, 'frac_significant': {0.05: 0.0, 0.01: 0.0, 0.001: 0.0}}, 'upright (joint_up)': {'n_pairs': 1000, 'n_max_trajs': 560, 'n_min_trajs': 280, 'n_nonempty_hist': {0: 182, 1: 580, 2: 238}, 'n_both_nonempty': 238, 'n_ttest_run': 238, 'n_significant': {0.05: 0, 0.01: 0, 0.001: 0}, 'frac_significant': {0.05: 0.0, 0.01: 0.0, 0.001: 0.0}}}}"
1,10,4,results/sirl_ljts/tversky_proj_1785774439.pth,"{'laptop (computer_dist)': {'n_pairs': 1000, 'n_max_trajs': 56, 'n_min_trajs': 448, 'n_nonempty_hist': {0: 284, 1: 100, 2: 616}, 'n_both_nonempty': 616, 'n_ttest_run': 616, 'n_significant': {0.05: 553, 0.01: 553, 0.001: 534}, 'frac_significant': {0.05: 0.8977272727272727, 0.01: 0.8977272727272727, 0.001: 0.8668831168831169}}, 'upright (joint_up)': {'n_pairs': 1000, 'n_max_trajs': 560, 'n_min_trajs': 280, 'n_nonempty_hist': {0: 343, 1: 147, 2: 510}, 'n_both_nonempty': 510, 'n_ttest_run': 510, 'n_significant': {0.05: 199, 0.01: 82, 0.001: 16}, 'frac_significant': {0.05: 0.39019607843137255, 0.01: 0.1607843137254902, 0.001: 0.03137254901960784}}}","{'sim_only': {'laptop (computer_dist)': {'n_pairs': 1000, 'n_max_trajs': 56, 'n_min_trajs': 448, 'n_nonempty_hist': {0: 284, 1: 100, 2: 616}, 'n_both_nonempty': 616, 'n_ttest_run': 616, 'n_significant': {0.05: 553, 0.01: 553, 0.001: 534}, 'frac_significant': {0.05: 0.8977272727272727, 0.01: 0.8977272727272727, 0.001: 0.8668831168831169}}, 'upright (joint_up)': {'n_pairs': 1000, 'n_max_trajs': 560, 'n_min_trajs': 280, 'n_nonempty_hist': {0: 343, 1: 147, 2: 510}, 'n_both_nonempty': 510, 'n_ttest_run': 510, 'n_significant': {0.05: 199, 0.01: 82, 0.001: 16}, 'frac_significant': {0.05: 0.39019607843137255, 0.01: 0.1607843137254902, 0.001: 0.03137254901960784}}}}"
2,10,4,results/sirl_ljts/tversky_proj_1785774443.pth,"{'laptop (computer_dist)': {'n_pairs': 1000, 'n_max_trajs': 56, 'n_min_trajs': 448, 'n_nonempty_hist': {0: 174, 1: 128, 2: 698}, 'n_both_nonempty': 698, 'n_ttest_run': 698, 'n_significant': {0.05: 185, 0.01: 143, 0.001: 0}, 'frac_significant': {0.05: 0.26504297994269344, 0.01: 0.20487106017191978, 0.001: 0.0}}, 'upright (joint_up)': {'n_pairs': 1000, 'n_max_trajs': 560, 'n_min_trajs': 280, 'n_nonempty_hist': {0: 236, 1: 177, 2: 587}, 'n_both_nonempty': 587, 'n_ttest_run': 587, 'n_significant': {0.05: 64, 0.01: 62, 0.001: 0}, 'frac_significant': {0.05: 0.10902896081771721, 0.01: 0.10562180579216354, 0.001: 0.0}}}","{'sim_only': {'laptop (computer_dist)': {'n_pairs': 1000, 'n_max_trajs': 56, 'n_min_trajs': 448, 'n_nonempty_hist': {0: 174, 1: 128, 2: 698}, 'n_both_nonempty': 698, 'n_ttest_run': 698, 'n_significant': {0.05: 185, 0.01: 143, 0.001: 0}, 'frac_significant': {0.05: 0.26504297994269344, 0.01: 0.20487106017191978, 0.001: 0.0}}, 'upright (joint_up)': {'n_pairs': 1000, 'n_max_trajs': 560, 'n_min_trajs': 280, 'n_nonempty_hist': {0: 236, 1: 177, 2: 587}, 'n_both_nonempty': 587, 'n_ttest_run': 587, 'n_significant': {0.05: 64, 0.01: 62, 0.001: 0}, 'frac_significant': {0.05: 0.10902896081771721, 0.01: 0.10562180579216354, 0.001: 0.0}}}}"
0,10,8,results/sirl_ljts/tversky_proj_1785774448.pth,"{'laptop (computer_dist)': {'n_pairs': 1000, 'n_max_trajs': 56, 'n_min_trajs': 448, 'n_nonempty_hist': {0: 81, 1: 144, 2: 775}, 'n_both_nonempty': 775, 'n_ttest_run': 775, 'n_significant': {0.05: 327, 0.01: 310, 0.001: 226}, 'frac_significant': {0.05: 0.42193548387096774, 0.01: 0.4, 0.001: 0.29161290322580646}}, 'upright (joint_up)': {'n_pairs': 1000, 'n_max_trajs': 560, 'n_min_trajs': 280, 'n_nonempty_hist': {0: 155, 1: 103, 2: 742}, 'n_both_nonempty': 742, 'n_ttest_run': 742, 'n_significant': {0.05: 210, 0.01: 46, 0.001: 3}, 'frac_significant': {0.05: 0.2830188679245283, 0.01: 0.06199460916442048, 0.001: 0.004043126684636119}}}","{'sim_only': {'laptop (computer_dist)': {'n_pairs': 1000, 'n_max_trajs': 56, 'n_min_trajs': 448, 'n_nonempty_hist': {0: 81, 1: 144, 2: 775}, 'n_both_nonempty': 775, 'n_ttest_run': 775, 'n_significant': {0.05: 327, 0.01: 310, 0.001: 226}, 'frac_significant': {0.05: 0.42193548387096774, 0.01: 0.4, 0.001: 0.29161290322580646}}, 'upright (joint_up)': {'n_pairs': 1000, 'n_max_trajs': 560, 'n_min_trajs': 280, 'n_nonempty_hist': {0: 155, 1: 103, 2: 742}, 'n_both_nonempty': 742, 'n_ttest_run': 742, 'n_significant': {0.05: 210, 0.01: 46, 0.001: 3}, 'frac_significant': {0.05: 0.2830188679245283, 0.01: 0.06199460916442048, 0.001: 0.004043126684636119}}}}"
1,10,8,results/sirl_ljts/tversky_proj_1785774452.pth,"{'laptop (computer_dist)': {'n_pairs': 1000, 'n_max_trajs': 56, 'n_min_trajs': 448, 'n_nonempty_hist': {0: 100, 1: 118, 2: 782}, 'n_both_nonempty': 782, 'n_ttest_run': 781, 'n_significant': {0.05: 583, 0.01: 560, 0.001: 78}, 'frac_significant': {0.05: 0.7464788732394366, 0.01: 0.7170294494238156, 0.001: 0.0998719590268886}}, 'upright (joint_up)': {'n_pairs': 1000, 'n_max_trajs': 560, 'n_min_trajs': 280, 'n_nonempty_hist': {0: 227, 1: 75, 2: 698}, 'n_both_nonempty': 698, 'n_ttest_run': 698, 'n_significant': {0.05: 161, 0.01: 73, 0.001: 2}, 'frac_significant': {0.05: 0.23065902578796563, 0.01: 0.10458452722063037, 0.001: 0.0028653295128939827}}}","{'sim_only': {'laptop (computer_dist)': {'n_pairs': 1000, 'n_max_trajs': 56, 'n_min_trajs': 448, 'n_nonempty_hist': {0: 100, 1: 118, 2: 782}, 'n_both_nonempty': 782, 'n_ttest_run': 781, 'n_significant': {0.05: 583, 0.01: 560, 0.001: 78}, 'frac_significant': {0.05: 0.7464788732394366, 0.01: 0.7170294494238156, 0.001: 0.0998719590268886}}, 'upright (joint_up)': {'n_pairs': 1000, 'n_max_trajs': 560, 'n_min_trajs': 280, 'n_nonempty_hist': {0: 227, 1: 75, 2: 698}, 'n_both_nonempty': 698, 'n_ttest_run': 698, 'n_significant': {0.05: 161, 0.01: 73, 0.001: 2}, 'frac_significant': {0.05: 0.23065902578796563, 0.01: 0.10458452722063037, 0.001: 0.0028653295128939827}}}}"
2,10,8,results/sirl_ljts/tversky_proj_1785774457.pth,"{'laptop (computer_dist)': {'n_pairs': 1000, 'n_max_trajs': 56, 'n_min_trajs': 448, 'n_nonempty_hist': {0: 72, 1: 121, 2: 807}, 'n_both_nonempty': 807, 'n_ttest_run': 807, 'n_significant': {0.05: 291, 0.01: 186, 0.001: 110}, 'frac_significant': {0.05: 0.36059479553903345, 0.01: 0.23048327137546468, 0.001: 0.13630731102850063}}, 'upright (joint_up)': {'n_pairs': 1000, 'n_max_trajs': 560, 'n_min_trajs': 280, 'n_nonempty_hist': {0: 157, 1: 89, 2: 754}, 'n_both_nonempty': 754, 'n_ttest_run': 754, 'n_significant': {0.05: 106, 0.01: 6, 0.001: 0}, 'frac_significant': {0.05: 0.14058355437665782, 0.01: 0.007957559681697613, 0.001: 0.0}}}","{'sim_only': {'laptop (computer_dist)': {'n_pairs': 1000, 'n_max_trajs': 56, 'n_min_trajs': 448, 'n_nonempty_hist': {0: 72, 1: 121, 2: 807}, 'n_both_nonempty': 807, 'n_ttest_run': 807, 'n_significant': {0.05: 291, 0.01: 186, 0.001: 110}, 'frac_significant': {0.05: 0.36059479553903345, 0.01: 0.23048327137546468, 0.001: 0.13630731102850063}}, 'upright (joint_up)': {'n_pairs': 1000, 'n_max_trajs': 560, 'n_min_trajs': 280, 'n_nonempty_hist': {0: 157, 1: 89, 2: 754}, 'n_both_nonempty': 754, 'n_ttest_run': 754, 'n_significant': {0.05: 106, 0.01: 6, 0.001: 0}, 'frac_significant': {0.05: 0.14058355437665782, 0.01: 0.007957559681697613, 0.001: 0.0}}}}"
0,10,16,results/sirl_ljts/tversky_proj_1785774462.pth,"{'laptop (computer_dist)': {'n_pairs': 1000, 'n_max_trajs': 56, 'n_min_trajs': 448, 'n_nonempty_hist': {0: 16, 1: 39, 2: 945}, 'n_both_nonempty': 945, 'n_ttest_run': 945, 'n_significant': {0.05: 344, 0.01: 330, 0.001: 280}, 'frac_significant': {0.05: 0.364021164021164, 0.01: 0.3492063492063492, 0.001: 0.2962962962962963}}, 'upright (joint_up)': {'n_pairs': 1000, 'n_max_trajs': 560, 'n_min_trajs': 280, 'n_nonempty_hist': {0: 130, 1: 34, 2: 836}, 'n_both_nonempty': 836, 'n_ttest_run': 836, 'n_significant': {0.05: 147, 0.01: 23, 0.001: 0}, 'frac_significant': {0.05: 0.17583732057416268, 0.01: 0.02751196172248804, 0.001: 0.0}}}","{'sim_only': {'laptop (computer_dist)': {'n_pairs': 1000, 'n_max_trajs': 56, 'n_min_trajs': 448, 'n_nonempty_hist': {0: 16, 1: 39, 2: 945}, 'n_both_nonempty': 945, 'n_ttest_run': 945, 'n_significant': {0.05: 344, 0.01: 330, 0.001: 280}, 'frac_significant': {0.05: 0.364021164021164, 0.01: 0.3492063492063492, 0.001: 0.2962962962962963}}, 'upright (joint_up)': {'n_pairs': 1000, 'n_max_trajs': 560, 'n_min_trajs': 280, 'n_nonempty_hist': {0: 130, 1: 34, 2: 836}, 'n_both_nonempty': 836, 'n_ttest_run': 836, 'n_significant': {0.05: 147, 0.01: 23, 0.001: 0}, 'frac_significant': {0.05: 0.17583732057416268, 0.01: 0.02751196172248804, 0.001: 0.0}}}}"
1,10,16,results/sirl_ljts/tversky_proj_1785774466.pth,"{'laptop (computer_dist)': {'n_pairs': 1000, 'n_max_trajs': 56, 'n_min_trajs': 448, 'n_nonempty_hist': {0: 30, 1: 20, 2: 950}, 'n_both_nonempty': 950, 'n_ttest_run': 877, 'n_significant': {0.05: 282, 0.01: 232, 0.001: 114}, 'frac_significant': {0.05: 0.3215507411630559, 0.01: 0.2645381984036488, 0.001: 0.12998859749144812}}, 'upright (joint_up)': {'n_pairs': 1000, 'n_max_trajs': 560, 'n_min_trajs': 280, 'n_nonempty_hist': {0: 100, 1: 23, 2: 877}, 'n_both_nonempty': 877, 'n_ttest_run': 877, 'n_significant': {0.05: 144, 0.01: 17, 0.001: 0}, 'frac_significant': {0.05: 0.16419612314709237, 0.01: 0.019384264538198404, 0.001: 0.0}}}","{'sim_only': {'laptop (computer_dist)': {'n_pairs': 1000, 'n_max_trajs': 56, 'n_min_trajs': 448, 'n_nonempty_hist': {0: 30, 1: 20, 2: 950}, 'n_both_nonempty': 950, 'n_ttest_run': 877, 'n_significant': {0.05: 282, 0.01: 232, 0.001: 114}, 'frac_significant': {0.05: 0.3215507411630559, 0.01: 0.2645381984036488, 0.001: 0.12998859749144812}}, 'upright (joint_up)': {'n_pairs': 1000, 'n_max_trajs': 560, 'n_min_trajs': 280, 'n_nonempty_hist': {0: 100, 1: 23, 2: 877}, 'n_both_nonempty': 877, 'n_ttest_run': 877, 'n_significant': {0.05: 144, 0.01: 17, 0.001: 0}, 'frac_significant': {0.05: 0.16419612314709237, 0.01: 0.019384264538198404, 0.001: 0.0}}}}"
2,10,16,results/sirl_ljts/tversky_proj_1785774471.pth,"{'laptop (computer_dist)': {'n_pairs': 1000, 'n_max_trajs': 56, 'n_min_trajs': 448, 'n_nonempty_hist': {0: 94, 1: 0, 2: 906}, 'n_both_nonempty': 906, 'n_ttest_run': 855, 'n_significant': {0.05: 498, 0.01: 472, 0.001: 306}, 'frac_significant': {0.05: 0.5824561403508772, 0.01: 0.552046783625731, 0.001: 0.35789473684210527}}, 'upright (joint_up)': {'n_pairs': 1000, 'n_max_trajs': 560, 'n_min_trajs': 280, 'n_nonempty_hist': {0: 104, 1: 0, 2: 896}, 'n_both_nonempty': 896, 'n_ttest_run': 896, 'n_significant': {0.05: 203, 0.01: 92, 0.001: 9}, 'frac_significant': {0.05: 0.2265625, 0.01: 0.10267857142857142, 0.001: 0.010044642857142858}}}","{'sim_only': {'laptop (computer_dist)': {'n_pairs': 1000, 'n_max_trajs': 56, 'n_min_trajs': 448, 'n_nonempty_hist': {0: 94, 1: 0, 2: 906}, 'n_both_nonempty': 906, 'n_ttest_run': 855, 'n_significant': {0.05: 498, 0.01: 472, 0.001: 306}, 'frac_significant': {0.05: 0.5824561403508772, 0.01: 0.552046783625731, 0.001: 0.35789473684210527}}, 'upright (joint_up)': {'n_pairs': 1000, 'n_max_trajs': 560, 'n_min_trajs': 280, 'n_nonempty_hist': {0: 104, 1: 0, 2: 896}, 'n_both_nonempty': 896, 'n_ttest_run': 896, 'n_significant': {0.05: 203, 0.01: 92, 0.001: 9}, 'frac_significant': {0.05: 0.2265625, 0.01: 0.10267857142857142, 0.001: 0.010044642857142858}}}}"
0,10,32,results/sirl_ljts/tversky_proj_1785774477.pth,"{'laptop (computer_dist)': {'n_pairs': 1000, 'n_max_trajs': 56, 'n_min_trajs': 448, 'n_nonempty_hist': {0: 44, 1: 0, 2: 956}, 'n_both_nonempty': 956, 'n_ttest_run': 901, 'n_significant': {0.05: 516, 0.01: 415, 0.001: 366}, 'frac_significant': {0.05: 0.5726970033296337, 0.01: 0.46059933407325193, 0.001: 0.40621531631520535}}, 'upright (joint_up)': {'n_pairs': 1000, 'n_max_trajs': 560, 'n_min_trajs': 280, 'n_nonempty_hist': {0: 97, 1: 0, 2: 903}, 'n_both_nonempty': 903, 'n_ttest_run': 903, 'n_significant': {0.05: 116, 0.01: 14, 0.001: 0}, 'frac_significant': {0.05: 0.12846068660022147, 0.01: 0.015503875968992248, 0.001: 0.0}}}","{'sim_only': {'laptop (computer_dist)': {'n_pairs': 1000, 'n_max_trajs': 56, 'n_min_trajs': 448, 'n_nonempty_hist': {0: 44, 1: 0, 2: 956}, 'n_both_nonempty': 956, 'n_ttest_run': 901, 'n_significant': {0.05: 516, 0.01: 415, 0.001: 366}, 'frac_significant': {0.05: 0.5726970033296337, 0.01: 0.46059933407325193, 0.001: 0.40621531631520535}}, 'upright (joint_up)': {'n_pairs': 1000, 'n_max_trajs': 560, 'n_min_trajs': 280, 'n_nonempty_hist': {0: 97, 1: 0, 2: 903}, 'n_both_nonempty': 903, 'n_ttest_run': 903, 'n_significant': {0.05: 116, 0.01: 14, 0.001: 0}, 'frac_significant': {0.05: 0.12846068660022147, 0.01: 0.015503875968992248, 0.001: 0.0}}}}"
1,10,32,results/sirl_ljts/tversky_proj_1785774482.pth,"{'laptop (computer_dist)': {'n_pairs': 1000, 'n_max_trajs': 56, 'n_min_trajs': 448, 'n_nonempty_hist': {0: 50, 1: 0, 2: 950}, 'n_both_nonempty': 950, 'n_ttest_run': 864, 'n_significant': {0.05: 504, 0.01: 422, 0.001: 362}, 'frac_significant': {0.05: 0.5833333333333334, 0.01: 0.48842592592592593, 0.001: 0.41898148148148145}}, 'upright (joint_up)': {'n_pairs': 1000, 'n_max_trajs': 560, 'n_min_trajs': 280, 'n_nonempty_hist': {0: 107, 1: 0, 2: 893}, 'n_both_nonempty': 893, 'n_ttest_run': 893, 'n_significant': {0.05: 215, 0.01: 75, 0.001: 3}, 'frac_significant': {0.05: 0.24076147816349383, 0.01: 0.083986562150056, 0.001: 0.0033594624860022394}}}","{'sim_only': {'laptop (computer_dist)': {'n_pairs': 1000, 'n_max_trajs': 56, 'n_min_trajs': 448, 'n_nonempty_hist': {0: 50, 1: 0, 2: 950}, 'n_both_nonempty': 950, 'n_ttest_run': 864, 'n_significant': {0.05: 504, 0.01: 422, 0.001: 362}, 'frac_significant': {0.05: 0.5833333333333334, 0.01: 0.48842592592592593, 0.001: 0.41898148148148145}}, 'upright (joint_up)': {'n_pairs': 1000, 'n_max_trajs': 560, 'n_min_trajs': 280, 'n_nonempty_hist': {0: 107, 1: 0, 2: 893}, 'n_both_nonempty': 893, 'n_ttest_run': 893, 'n_significant': {0.05: 215, 0.01: 75, 0.001: 3}, 'frac_significant': {0.05: 0.24076147816349383, 0.01: 0.083986562150056, 0.001: 0.0033594624860022394}}}}"
2,10,32,results/sirl_ljts/tversky_proj_1785774487.pth,"{'laptop (computer_dist)': {'n_pairs': 1000, 'n_max_trajs': 56, 'n_min_trajs': 448, 'n_nonempty_hist': {0: 23, 1: 0, 2: 977}, 'n_both_nonempty': 977, 'n_ttest_run': 884, 'n_significant': {0.05: 381, 0.01: 355, 0.001: 299}, 'frac_significant': {0.05: 0.4309954751131222, 0.01: 0.40158371040723984, 0.001: 0.3382352941176471}}, 'upright (joint_up)': {'n_pairs': 1000, 'n_max_trajs': 560, 'n_min_trajs': 280, 'n_nonempty_hist': {0: 72, 1: 0, 2: 928}, 'n_both_nonempty': 928, 'n_ttest_run': 928, 'n_significant': {0.05: 167, 0.01: 21, 0.001: 8}, 'frac_significant': {0.05: 0.17995689655172414, 0.01: 0.022629310344827586, 0.001: 0.008620689655172414}}}","{'sim_only': {'laptop (computer_dist)': {'n_pairs': 1000, 'n_max_trajs': 56, 'n_min_trajs': 448, 'n_nonempty_hist': {0: 23, 1: 0, 2: 977}, 'n_both_nonempty': 977, 'n_ttest_run': 884, 'n_significant': {0.05: 381, 0.01: 355, 0.001: 299}, 'frac_significant': {0.05: 0.4309954751131222, 0.01: 0.40158371040723984, 0.001: 0.3382352941176471}}, 'upright (joint_up)': {'n_pairs': 1000, 'n_max_trajs': 560, 'n_min_trajs': 280, 'n_nonempty_hist': {0: 72, 1: 0, 2: 928}, 'n_both_nonempty': 928, 'n_ttest_run': 928, 'n_significant': {0.05: 167, 0.01: 21, 0.001: 8}, 'frac_significant': {0.05: 0.17995689655172414, 0.01: 0.022629310344827586, 0.001: 0.008620689655172414}}}}"
0,10,64,results/sirl_ljts/tversky_proj_1785774492.pth,"{'laptop (computer_dist)': {'n_pairs': 1000, 'n_max_trajs': 56, 'n_min_trajs': 448, 'n_nonempty_hist': {0: 36, 1: 0, 2: 964}, 'n_both_nonempty': 964, 'n_ttest_run': 853, 'n_significant': {0.05: 499, 0.01: 396, 0.001: 231}, 'frac_significant': {0.05: 0.5849941383352872, 0.01: 0.4642438452520516, 0.001: 0.2708089097303634}}, 'upright (joint_up)': {'n_pairs': 1000, 'n_max_trajs': 560, 'n_min_trajs': 280, 'n_nonempty_hist': {0: 92, 1: 0, 2: 908}, 'n_both_nonempty': 908, 'n_ttest_run': 907, 'n_significant': {0.05: 183, 0.01: 52, 0.001: 1}, 'frac_significant': {0.05: 0.20176405733186328, 0.01: 0.05733186328555678, 0.001: 0.0011025358324145535}}}","{'sim_only': {'laptop (computer_dist)': {'n_pairs': 1000, 'n_max_trajs': 56, 'n_min_trajs': 448, 'n_nonempty_hist': {0: 36, 1: 0, 2: 964}, 'n_both_nonempty': 964, 'n_ttest_run': 853, 'n_significant': {0.05: 499, 0.01: 396, 0.001: 231}, 'frac_significant': {0.05: 0.5849941383352872, 0.01: 0.4642438452520516, 0.001: 0.2708089097303634}}, 'upright (joint_up)': {'n_pairs': 1000, 'n_max_trajs': 560, 'n_min_trajs': 280, 'n_nonempty_hist': {0: 92, 1: 0, 2: 908}, 'n_both_nonempty': 908, 'n_ttest_run': 907, 'n_significant': {0.05: 183, 0.01: 52, 0.001: 1}, 'frac_significant': {0.05: 0.20176405733186328, 0.01: 0.05733186328555678, 0.001: 0.0011025358324145535}}}}"
1,10,64,results/sirl_ljts/tversky_proj_1785774497.pth,"{'laptop (computer_dist)': {'n_pairs': 1000, 'n_max_trajs': 56, 'n_min_trajs': 448, 'n_nonempty_hist': {0: 28, 1: 0, 2: 972}, 'n_both_nonempty': 972, 'n_ttest_run': 851, 'n_significant': {0.05: 443, 0.01: 291, 0.001: 241}, 'frac_significant': {0.05: 0.5205640423031728, 0.01: 0.3419506462984724, 0.001: 0.28319623971797886}}, 'upright (joint_up)': {'n_pairs': 1000, 'n_max_trajs': 560, 'n_min_trajs': 280, 'n_nonempty_hist': {0: 94, 1: 0, 2: 906}, 'n_both_nonempty': 906, 'n_ttest_run': 906, 'n_significant': {0.05: 188, 0.01: 65, 0.001: 0}, 'frac_significant': {0.05: 0.20750551876379691, 0.01: 0.0717439293598234, 0.001: 0.0}}}","{'sim_only': {'laptop (computer_dist)': {'n_pairs': 1000, 'n_max_trajs': 56, 'n_min_trajs': 448, 'n_nonempty_hist': {0: 28, 1: 0, 2: 972}, 'n_both_nonempty': 972, 'n_ttest_run': 851, 'n_significant': {0.05: 443, 0.01: 291, 0.001: 241}, 'frac_significant': {0.05: 0.5205640423031728, 0.01: 0.3419506462984724, 0.001: 0.28319623971797886}}, 'upright (joint_up)': {'n_pairs': 1000, 'n_max_trajs': 560, 'n_min_trajs': 280, 'n_nonempty_hist': {0: 94, 1: 0, 2: 906}, 'n_both_nonempty': 906, 'n_ttest_run': 906, 'n_significant': {0.05: 188, 0.01: 65, 0.001: 0}, 'frac_significant': {0.05: 0.20750551876379691, 0.01: 0.0717439293598234, 0.001: 0.0}}}}"
2,10,64,results/sirl_ljts/tversky_proj_1785774502.pth,"{'laptop (computer_dist)': {'n_pairs': 1000, 'n_max_trajs': 56, 'n_min_trajs': 448, 'n_nonempty_hist': {0: 30, 1: 0, 2: 970}, 'n_both_nonempty': 970, 'n_ttest_run': 863, 'n_significant': {0.05: 451, 0.01: 387, 0.001: 314}, 'frac_significant': {0.05: 0.522595596755504, 0.01: 0.4484356894553882, 0.001: 0.3638470451911935}}, 'upright (joint_up)': {'n_pairs': 1000, 'n_max_trajs': 560, 'n_min_trajs': 280, 'n_nonempty_hist': {0: 72, 1: 0, 2: 928}, 'n_both_nonempty': 928, 'n_ttest_run': 928, 'n_significant': {0.05: 175, 0.01: 17, 0.001: 0}, 'frac_significant': {0.05: 0.18857758620689655, 0.01: 0.018318965517241378, 0.001: 0.0}}}","{'sim_only': {'laptop (computer_dist)': {'n_pairs': 1000, 'n_max_trajs': 56, 'n_min_trajs': 448, 'n_nonempty_hist': {0: 30, 1: 0, 2: 970}, 'n_both_nonempty': 970, 'n_ttest_run': 863, 'n_significant': {0.05: 451, 0.01: 387, 0.001: 314}, 'frac_significant': {0.05: 0.522595596755504, 0.01: 0.4484356894553882, 0.001: 0.3638470451911935}}, 'upright (joint_up)': {'n_pairs': 1000, 'n_max_trajs': 560, 'n_min_trajs': 280, 'n_nonempty_hist': {0: 72, 1: 0, 2: 928}, 'n_both_nonempty': 928, 'n_ttest_run': 928, 'n_significant': {0.05: 175, 0.01: 17, 0.001: 0}, 'frac_significant': {0.05: 0.18857758620689655, 0.01: 0.018318965517241378, 0.001: 0.0}}}}"
0,10,128,results/sirl_ljts/tversky_proj_1785774508.pth,"{'laptop (computer_dist)': {'n_pairs': 1000, 'n_max_trajs': 56, 'n_min_trajs': 448, 'n_nonempty_hist': {0: 31, 1: 0, 2: 969}, 'n_both_nonempty': 969, 'n_ttest_run': 823, 'n_significant': {0.05: 418, 0.01: 392, 0.001: 375}, 'frac_significant': {0.05: 0.5078979343863913, 0.01: 0.47630619684082626, 0.001: 0.4556500607533414}}, 'upright (joint_up)': {'n_pairs': 1000, 'n_max_trajs': 560, 'n_min_trajs': 280, 'n_nonempty_hist': {0: 99, 1: 0, 2: 901}, 'n_both_nonempty': 901, 'n_ttest_run': 901, 'n_significant': {0.05: 193, 0.01: 100, 0.001: 5}, 'frac_significant': {0.05: 0.2142064372918979, 0.01: 0.11098779134295228, 0.001: 0.005549389567147614}}}","{'sim_only': {'laptop (computer_dist)': {'n_pairs': 1000, 'n_max_trajs': 56, 'n_min_trajs': 448, 'n_nonempty_hist': {0: 31, 1: 0, 2: 969}, 'n_both_nonempty': 969, 'n_ttest_run': 823, 'n_significant': {0.05: 418, 0.01: 392, 0.001: 375}, 'frac_significant': {0.05: 0.5078979343863913, 0.01: 0.47630619684082626, 0.001: 0.4556500607533414}}, 'upright (joint_up)': {'n_pairs': 1000, 'n_max_trajs': 560, 'n_min_trajs': 280, 'n_nonempty_hist': {0: 99, 1: 0, 2: 901}, 'n_both_nonempty': 901, 'n_ttest_run': 901, 'n_significant': {0.05: 193, 0.01: 100, 0.001: 5}, 'frac_significant': {0.05: 0.2142064372918979, 0.01: 0.11098779134295228, 0.001: 0.005549389567147614}}}}"
1,10,128,results/sirl_ljts/tversky_proj_1785774513.pth,"{'laptop (computer_dist)': {'n_pairs': 1000, 'n_max_trajs': 56, 'n_min_trajs': 448, 'n_nonempty_hist': {0: 29, 1: 0, 2: 971}, 'n_both_nonempty': 971, 'n_ttest_run': 863, 'n_significant': {0.05: 426, 0.01: 367, 0.001: 337}, 'frac_significant': {0.05: 0.4936268829663963, 0.01: 0.42526071842410196, 0.001: 0.3904982618771727}}, 'upright (joint_up)': {'n_pairs': 1000, 'n_max_trajs': 560, 'n_min_trajs': 280, 'n_nonempty_hist': {0: 87, 1: 0, 2: 913}, 'n_both_nonempty': 913, 'n_ttest_run': 913, 'n_significant': {0.05: 178, 0.01: 55, 0.001: 7}, 'frac_significant': {0.05: 0.1949616648411829, 0.01: 0.060240963855421686, 0.001: 0.007667031763417305}}}","{'sim_only': {'laptop (computer_dist)': {'n_pairs': 1000, 'n_max_trajs': 56, 'n_min_trajs': 448, 'n_nonempty_hist': {0: 29, 1: 0, 2: 971}, 'n_both_nonempty': 971, 'n_ttest_run': 863, 'n_significant': {0.05: 426, 0.01: 367, 0.001: 337}, 'frac_significant': {0.05: 0.4936268829663963, 0.01: 0.42526071842410196, 0.001: 0.3904982618771727}}, 'upright (joint_up)': {'n_pairs': 1000, 'n_max_trajs': 560, 'n_min_trajs': 280, 'n_nonempty_hist': {0: 87, 1: 0, 2: 913}, 'n_both_nonempty': 913, 'n_ttest_run': 913, 'n_significant': {0.05: 178, 0.01: 55, 0.001: 7}, 'frac_significant': {0.05: 0.1949616648411829, 0.01: 0.060240963855421686, 0.001: 0.007667031763417305}}}}"
2,10,128,results/sirl_ljts/tversky_proj_1785774518.pth,"{'laptop (computer_dist)': {'n_pairs': 1000, 'n_max_trajs': 56, 'n_min_trajs': 448, 'n_nonempty_hist': {0: 15, 1: 0, 2: 985}, 'n_both_nonempty': 985, 'n_ttest_run': 853, 'n_significant': {0.05: 371, 0.01: 283, 0.001: 163}, 'frac_significant': {0.05: 0.4349355216881594, 0.01: 0.33177022274325907, 0.001: 0.1910902696365768}}, 'upright (joint_up)': {'n_pairs': 1000, 'n_max_trajs': 560, 'n_min_trajs': 280, 'n_nonempty_hist': {0: 68, 1: 0, 2: 932}, 'n_both_nonempty': 932, 'n_ttest_run': 932, 'n_significant': {0.05: 123, 0.01: 29, 0.001: 1}, 'frac_significant': {0.05: 0.13197424892703863, 0.01: 0.03111587982832618, 0.001: 0.001072961373390558}}}","{'sim_only': {'laptop (computer_dist)': {'n_pairs': 1000, 'n_max_trajs': 56, 'n_min_trajs': 448, 'n_nonempty_hist': {0: 15, 1: 0, 2: 985}, 'n_both_nonempty': 985, 'n_ttest_run': 853, 'n_significant': {0.05: 371, 0.01: 283, 0.001: 163}, 'frac_significant': {0.05: 0.4349355216881594, 0.01: 0.33177022274325907, 0.001: 0.1910902696365768}}, 'upright (joint_up)': {'n_pairs': 1000, 'n_max_trajs': 560, 'n_min_trajs': 280, 'n_nonempty_hist': {0: 68, 1: 0, 2: 932}, 'n_both_nonempty': 932, 'n_ttest_run': 932, 'n_significant': {0.05: 123, 0.01: 29, 0.001: 1}, 'frac_significant': {0.05: 0.13197424892703863, 0.01: 0.03111587982832618, 0.001: 0.001072961373390558}}}}"
0,10,256,results/sirl_ljts/tversky_proj_1785774524.pth,"{'laptop (computer_dist)': {'n_pairs': 1000, 'n_max_trajs': 56, 'n_min_trajs': 448, 'n_nonempty_hist': {0: 59, 1: 0, 2: 941}, 'n_both_nonempty': 941, 'n_ttest_run': 755, 'n_significant': {0.05: 435, 0.01: 386, 0.001: 207}, 'frac_significant': {0.05: 0.5761589403973509, 0.01: 0.5112582781456954, 0.001: 0.27417218543046357}}, 'upright (joint_up)': {'n_pairs': 1000, 'n_max_trajs': 560, 'n_min_trajs': 280, 'n_nonempty_hist': {0: 101, 1: 0, 2: 899}, 'n_both_nonempty': 899, 'n_ttest_run': 899, 'n_significant': {0.05: 171, 0.01: 63, 0.001: 2}, 'frac_significant': {0.05: 0.19021134593993325, 0.01: 0.07007786429365963, 0.001: 0.002224694104560623}}}","{'sim_only': {'laptop (computer_dist)': {'n_pairs': 1000, 'n_max_trajs': 56, 'n_min_trajs': 448, 'n_nonempty_hist': {0: 59, 1: 0, 2: 941}, 'n_both_nonempty': 941, 'n_ttest_run': 755, 'n_significant': {0.05: 435, 0.01: 386, 0.001: 207}, 'frac_significant': {0.05: 0.5761589403973509, 0.01: 0.5112582781456954, 0.001: 0.27417218543046357}}, 'upright (joint_up)': {'n_pairs': 1000, 'n_max_trajs': 560, 'n_min_trajs': 280, 'n_nonempty_hist': {0: 101, 1: 0, 2: 899}, 'n_both_nonempty': 899, 'n_ttest_run': 899, 'n_significant': {0.05: 171, 0.01: 63, 0.001: 2}, 'frac_significant': {0.05: 0.19021134593993325, 0.01: 0.07007786429365963, 0.001: 0.002224694104560623}}}}"
1,10,256,results/sirl_ljts/tversky_proj_1785774529.pth,"{'laptop (computer_dist)': {'n_pairs': 1000, 'n_max_trajs': 56, 'n_min_trajs': 448, 'n_nonempty_hist': {0: 20, 1: 0, 2: 980}, 'n_both_nonempty': 980, 'n_ttest_run': 835, 'n_significant': {0.05: 419, 0.01: 395, 0.001: 356}, 'frac_significant': {0.05: 0.5017964071856288, 0.01: 0.47305389221556887, 0.001: 0.42634730538922155}}, 'upright (joint_up)': {'n_pairs': 1000, 'n_max_trajs': 560, 'n_min_trajs': 280, 'n_nonempty_hist': {0: 66, 1: 0, 2: 934}, 'n_both_nonempty': 934, 'n_ttest_run': 934, 'n_significant': {0.05: 178, 0.01: 57, 0.001: 6}, 'frac_significant': {0.05: 0.1905781584582441, 0.01: 0.061027837259100645, 0.001: 0.006423982869379015}}}","{'sim_only': {'laptop (computer_dist)': {'n_pairs': 1000, 'n_max_trajs': 56, 'n_min_trajs': 448, 'n_nonempty_hist': {0: 20, 1: 0, 2: 980}, 'n_both_nonempty': 980, 'n_ttest_run': 835, 'n_significant': {0.05: 419, 0.01: 395, 0.001: 356}, 'frac_significant': {0.05: 0.5017964071856288, 0.01: 0.47305389221556887, 0.001: 0.42634730538922155}}, 'upright (joint_up)': {'n_pairs': 1000, 'n_max_trajs': 560, 'n_min_trajs': 280, 'n_nonempty_hist': {0: 66, 1: 0, 2: 934}, 'n_both_nonempty': 934, 'n_ttest_run': 934, 'n_significant': {0.05: 178, 0.01: 57, 0.001: 6}, 'frac_significant': {0.05: 0.1905781584582441, 0.01: 0.061027837259100645, 0.001: 0.006423982869379015}}}}"
2,10,256,results/sirl_ljts/tversky_proj_1785774535.pth,"{'laptop (computer_dist)': {'n_pairs': 1000, 'n_max_trajs': 56, 'n_min_trajs': 448, 'n_nonempty_hist': {0: 22, 1: 0, 2: 978}, 'n_both_nonempty': 978, 'n_ttest_run': 805, 'n_significant': {0.05: 369, 0.01: 340, 0.001: 153}, 'frac_significant': {0.05: 0.4583850931677019, 0.01: 0.422360248447205, 0.001: 0.19006211180124225}}, 'upright (joint_up)': {'n_pairs': 1000, 'n_max_trajs': 560, 'n_min_trajs': 280, 'n_nonempty_hist': {0: 71, 1: 0, 2: 929}, 'n_both_nonempty': 929, 'n_ttest_run': 929, 'n_significant': {0.05: 140, 0.01: 40, 0.001: 0}, 'frac_significant': {0.05: 0.15069967707212056, 0.01: 0.04305705059203445, 0.001: 0.0}}}","{'sim_only': {'laptop (computer_dist)': {'n_pairs': 1000, 'n_max_trajs': 56, 'n_min_trajs': 448, 'n_nonempty_hist': {0: 22, 1: 0, 2: 978}, 'n_both_nonempty': 978, 'n_ttest_run': 805, 'n_significant': {0.05: 369, 0.01: 340, 0.001: 153}, 'frac_significant': {0.05: 0.4583850931677019, 0.01: 0.422360248447205, 0.001: 0.19006211180124225}}, 'upright (joint_up)': {'n_pairs': 1000, 'n_max_trajs': 560, 'n_min_trajs': 280, 'n_nonempty_hist': {0: 71, 1: 0, 2: 929}, 'n_both_nonempty': 929, 'n_ttest_run': 929, 'n_significant': {0.05: 140, 0.01: 40, 0.001: 0}, 'frac_significant': {0.05: 0.15069967707212056, 0.01: 0.04305705059203445, 0.001: 0.0}}}}"
