seed,latent_dim,fbank_size,ckpt_path,wandb_run_url,query_sim_only,query
0,2,2,results/sirl_ts/sirl_ts_1786637149.pth,https://wandb.ai/m1randa-massachusetts-institute-of-technology/tversky-sirl/runs/j6fp94gn,"{'laptop (computer_dist)': {'n_pairs': 1000, 'n_max_trajs': 56, 'n_min_trajs': 448, 'n_nonempty_hist': {0: 448, 1: 38, 2: 514}, 'n_both_nonempty': 514, 'n_ttest_run': 514, 'n_significant': {0.05: 440, 0.01: 440, 0.001: 0}, 'frac_significant': {0.05: 0.8560311284046692, 0.01: 0.8560311284046692, 0.001: 0.0}}, 'upright (joint_up)': {'n_pairs': 1000, 'n_max_trajs': 560, 'n_min_trajs': 280, 'n_nonempty_hist': {0: 580, 1: 16, 2: 404}, 'n_both_nonempty': 404, 'n_ttest_run': 404, 'n_significant': {0.05: 257, 0.01: 0, 0.001: 0}, 'frac_significant': {0.05: 0.6361386138613861, 0.01: 0.0, 0.001: 0.0}}}","{'sim_only': {'laptop (computer_dist)': {'n_pairs': 1000, 'n_max_trajs': 56, 'n_min_trajs': 448, 'n_nonempty_hist': {0: 448, 1: 38, 2: 514}, 'n_both_nonempty': 514, 'n_ttest_run': 514, 'n_significant': {0.05: 440, 0.01: 440, 0.001: 0}, 'frac_significant': {0.05: 0.8560311284046692, 0.01: 0.8560311284046692, 0.001: 0.0}}, 'upright (joint_up)': {'n_pairs': 1000, 'n_max_trajs': 560, 'n_min_trajs': 280, 'n_nonempty_hist': {0: 580, 1: 16, 2: 404}, 'n_both_nonempty': 404, 'n_ttest_run': 404, 'n_significant': {0.05: 257, 0.01: 0, 0.001: 0}, 'frac_significant': {0.05: 0.6361386138613861, 0.01: 0.0, 0.001: 0.0}}}}"
1,2,2,results/sirl_ts/sirl_ts_1786637166.pth,https://wandb.ai/m1randa-massachusetts-institute-of-technology/tversky-sirl/runs/emslct1u,"{'laptop (computer_dist)': {'n_pairs': 1000, 'n_max_trajs': 56, 'n_min_trajs': 448, 'n_nonempty_hist': {0: 395, 1: 173, 2: 432}, 'n_both_nonempty': 432, 'n_ttest_run': 432, 'n_significant': {0.05: 355, 0.01: 355, 0.001: 0}, 'frac_significant': {0.05: 0.8217592592592593, 0.01: 0.8217592592592593, 0.001: 0.0}}, 'upright (joint_up)': {'n_pairs': 1000, 'n_max_trajs': 560, 'n_min_trajs': 280, 'n_nonempty_hist': {0: 442, 1: 65, 2: 493}, 'n_both_nonempty': 493, 'n_ttest_run': 493, 'n_significant': {0.05: 0, 0.01: 0, 0.001: 0}, 'frac_significant': {0.05: 0.0, 0.01: 0.0, 0.001: 0.0}}}","{'sim_only': {'laptop (computer_dist)': {'n_pairs': 1000, 'n_max_trajs': 56, 'n_min_trajs': 448, 'n_nonempty_hist': {0: 395, 1: 173, 2: 432}, 'n_both_nonempty': 432, 'n_ttest_run': 432, 'n_significant': {0.05: 355, 0.01: 355, 0.001: 0}, 'frac_significant': {0.05: 0.8217592592592593, 0.01: 0.8217592592592593, 0.001: 0.0}}, 'upright (joint_up)': {'n_pairs': 1000, 'n_max_trajs': 560, 'n_min_trajs': 280, 'n_nonempty_hist': {0: 442, 1: 65, 2: 493}, 'n_both_nonempty': 493, 'n_ttest_run': 493, 'n_significant': {0.05: 0, 0.01: 0, 0.001: 0}, 'frac_significant': {0.05: 0.0, 0.01: 0.0, 0.001: 0.0}}}}"
2,2,2,results/sirl_ts/sirl_ts_1786637183.pth,https://wandb.ai/m1randa-massachusetts-institute-of-technology/tversky-sirl/runs/n5vdbfp2,"{'laptop (computer_dist)': {'n_pairs': 1000, 'n_max_trajs': 56, 'n_min_trajs': 448, 'n_nonempty_hist': {0: 390, 1: 24, 2: 586}, 'n_both_nonempty': 586, 'n_ttest_run': 586, 'n_significant': {0.05: 510, 0.01: 510, 0.001: 510}, 'frac_significant': {0.05: 0.8703071672354948, 0.01: 0.8703071672354948, 0.001: 0.8703071672354948}}, 'upright (joint_up)': {'n_pairs': 1000, 'n_max_trajs': 560, 'n_min_trajs': 280, 'n_nonempty_hist': {0: 512, 1: 15, 2: 473}, 'n_both_nonempty': 473, 'n_ttest_run': 473, 'n_significant': {0.05: 0, 0.01: 0, 0.001: 0}, 'frac_significant': {0.05: 0.0, 0.01: 0.0, 0.001: 0.0}}}","{'sim_only': {'laptop (computer_dist)': {'n_pairs': 1000, 'n_max_trajs': 56, 'n_min_trajs': 448, 'n_nonempty_hist': {0: 390, 1: 24, 2: 586}, 'n_both_nonempty': 586, 'n_ttest_run': 586, 'n_significant': {0.05: 510, 0.01: 510, 0.001: 510}, 'frac_significant': {0.05: 0.8703071672354948, 0.01: 0.8703071672354948, 0.001: 0.8703071672354948}}, 'upright (joint_up)': {'n_pairs': 1000, 'n_max_trajs': 560, 'n_min_trajs': 280, 'n_nonempty_hist': {0: 512, 1: 15, 2: 473}, 'n_both_nonempty': 473, 'n_ttest_run': 473, 'n_significant': {0.05: 0, 0.01: 0, 0.001: 0}, 'frac_significant': {0.05: 0.0, 0.01: 0.0, 0.001: 0.0}}}}"
0,2,4,results/sirl_ts/sirl_ts_1786637199.pth,https://wandb.ai/m1randa-massachusetts-institute-of-technology/tversky-sirl/runs/83d30c0j,"{'laptop (computer_dist)': {'n_pairs': 1000, 'n_max_trajs': 56, 'n_min_trajs': 448, 'n_nonempty_hist': {0: 194, 1: 321, 2: 485}, 'n_both_nonempty': 485, 'n_ttest_run': 485, 'n_significant': {0.05: 0, 0.01: 0, 0.001: 0}, 'frac_significant': {0.05: 0.0, 0.01: 0.0, 0.001: 0.0}}, 'upright (joint_up)': {'n_pairs': 1000, 'n_max_trajs': 560, 'n_min_trajs': 280, 'n_nonempty_hist': {0: 387, 1: 143, 2: 470}, 'n_both_nonempty': 470, 'n_ttest_run': 470, 'n_significant': {0.05: 393, 0.01: 393, 0.001: 393}, 'frac_significant': {0.05: 0.8361702127659575, 0.01: 0.8361702127659575, 0.001: 0.8361702127659575}}}","{'sim_only': {'laptop (computer_dist)': {'n_pairs': 1000, 'n_max_trajs': 56, 'n_min_trajs': 448, 'n_nonempty_hist': {0: 194, 1: 321, 2: 485}, 'n_both_nonempty': 485, 'n_ttest_run': 485, 'n_significant': {0.05: 0, 0.01: 0, 0.001: 0}, 'frac_significant': {0.05: 0.0, 0.01: 0.0, 0.001: 0.0}}, 'upright (joint_up)': {'n_pairs': 1000, 'n_max_trajs': 560, 'n_min_trajs': 280, 'n_nonempty_hist': {0: 387, 1: 143, 2: 470}, 'n_both_nonempty': 470, 'n_ttest_run': 470, 'n_significant': {0.05: 393, 0.01: 393, 0.001: 393}, 'frac_significant': {0.05: 0.8361702127659575, 0.01: 0.8361702127659575, 0.001: 0.8361702127659575}}}}"
1,2,4,results/sirl_ts/sirl_ts_1786637215.pth,https://wandb.ai/m1randa-massachusetts-institute-of-technology/tversky-sirl/runs/l3f0vrit,"{'laptop (computer_dist)': {'n_pairs': 1000, 'n_max_trajs': 56, 'n_min_trajs': 448, 'n_nonempty_hist': {0: 213, 1: 330, 2: 457}, 'n_both_nonempty': 457, 'n_ttest_run': 457, 'n_significant': {0.05: 432, 0.01: 0, 0.001: 0}, 'frac_significant': {0.05: 0.9452954048140044, 0.01: 0.0, 0.001: 0.0}}, 'upright (joint_up)': {'n_pairs': 1000, 'n_max_trajs': 560, 'n_min_trajs': 280, 'n_nonempty_hist': {0: 372, 1: 216, 2: 412}, 'n_both_nonempty': 412, 'n_ttest_run': 412, 'n_significant': {0.05: 354, 0.01: 0, 0.001: 0}, 'frac_significant': {0.05: 0.8592233009708737, 0.01: 0.0, 0.001: 0.0}}}","{'sim_only': {'laptop (computer_dist)': {'n_pairs': 1000, 'n_max_trajs': 56, 'n_min_trajs': 448, 'n_nonempty_hist': {0: 213, 1: 330, 2: 457}, 'n_both_nonempty': 457, 'n_ttest_run': 457, 'n_significant': {0.05: 432, 0.01: 0, 0.001: 0}, 'frac_significant': {0.05: 0.9452954048140044, 0.01: 0.0, 0.001: 0.0}}, 'upright (joint_up)': {'n_pairs': 1000, 'n_max_trajs': 560, 'n_min_trajs': 280, 'n_nonempty_hist': {0: 372, 1: 216, 2: 412}, 'n_both_nonempty': 412, 'n_ttest_run': 412, 'n_significant': {0.05: 354, 0.01: 0, 0.001: 0}, 'frac_significant': {0.05: 0.8592233009708737, 0.01: 0.0, 0.001: 0.0}}}}"
2,2,4,results/sirl_ts/sirl_ts_1786637231.pth,https://wandb.ai/m1randa-massachusetts-institute-of-technology/tversky-sirl/runs/z6lmgbac,"{'laptop (computer_dist)': {'n_pairs': 1000, 'n_max_trajs': 56, 'n_min_trajs': 448, 'n_nonempty_hist': {0: 392, 1: 148, 2: 460}, 'n_both_nonempty': 460, 'n_ttest_run': 460, 'n_significant': {0.05: 118, 0.01: 118, 0.001: 118}, 'frac_significant': {0.05: 0.2565217391304348, 0.01: 0.2565217391304348, 0.001: 0.2565217391304348}}, 'upright (joint_up)': {'n_pairs': 1000, 'n_max_trajs': 560, 'n_min_trajs': 280, 'n_nonempty_hist': {0: 420, 1: 98, 2: 482}, 'n_both_nonempty': 482, 'n_ttest_run': 482, 'n_significant': {0.05: 0, 0.01: 0, 0.001: 0}, 'frac_significant': {0.05: 0.0, 0.01: 0.0, 0.001: 0.0}}}","{'sim_only': {'laptop (computer_dist)': {'n_pairs': 1000, 'n_max_trajs': 56, 'n_min_trajs': 448, 'n_nonempty_hist': {0: 392, 1: 148, 2: 460}, 'n_both_nonempty': 460, 'n_ttest_run': 460, 'n_significant': {0.05: 118, 0.01: 118, 0.001: 118}, 'frac_significant': {0.05: 0.2565217391304348, 0.01: 0.2565217391304348, 0.001: 0.2565217391304348}}, 'upright (joint_up)': {'n_pairs': 1000, 'n_max_trajs': 560, 'n_min_trajs': 280, 'n_nonempty_hist': {0: 420, 1: 98, 2: 482}, 'n_both_nonempty': 482, 'n_ttest_run': 482, 'n_significant': {0.05: 0, 0.01: 0, 0.001: 0}, 'frac_significant': {0.05: 0.0, 0.01: 0.0, 0.001: 0.0}}}}"
0,2,8,results/sirl_ts/sirl_ts_1786637248.pth,https://wandb.ai/m1randa-massachusetts-institute-of-technology/tversky-sirl/runs/n5e6yq3d,"{'laptop (computer_dist)': {'n_pairs': 1000, 'n_max_trajs': 56, 'n_min_trajs': 448, 'n_nonempty_hist': {0: 49, 1: 111, 2: 840}, 'n_both_nonempty': 840, 'n_ttest_run': 840, 'n_significant': {0.05: 751, 0.01: 751, 0.001: 409}, 'frac_significant': {0.05: 0.8940476190476191, 0.01: 0.8940476190476191, 0.001: 0.4869047619047619}}, 'upright (joint_up)': {'n_pairs': 1000, 'n_max_trajs': 560, 'n_min_trajs': 280, 'n_nonempty_hist': {0: 213, 1: 111, 2: 676}, 'n_both_nonempty': 676, 'n_ttest_run': 673, 'n_significant': {0.05: 457, 0.01: 312, 0.001: 153}, 'frac_significant': {0.05: 0.6790490341753344, 0.01: 0.4635958395245171, 0.001: 0.22734026745913818}}}","{'sim_only': {'laptop (computer_dist)': {'n_pairs': 1000, 'n_max_trajs': 56, 'n_min_trajs': 448, 'n_nonempty_hist': {0: 49, 1: 111, 2: 840}, 'n_both_nonempty': 840, 'n_ttest_run': 840, 'n_significant': {0.05: 751, 0.01: 751, 0.001: 409}, 'frac_significant': {0.05: 0.8940476190476191, 0.01: 0.8940476190476191, 0.001: 0.4869047619047619}}, 'upright (joint_up)': {'n_pairs': 1000, 'n_max_trajs': 560, 'n_min_trajs': 280, 'n_nonempty_hist': {0: 213, 1: 111, 2: 676}, 'n_both_nonempty': 676, 'n_ttest_run': 673, 'n_significant': {0.05: 457, 0.01: 312, 0.001: 153}, 'frac_significant': {0.05: 0.6790490341753344, 0.01: 0.4635958395245171, 0.001: 0.22734026745913818}}}}"
1,2,8,results/sirl_ts/sirl_ts_1786637265.pth,https://wandb.ai/m1randa-massachusetts-institute-of-technology/tversky-sirl/runs/2hfiwxqo,"{'laptop (computer_dist)': {'n_pairs': 1000, 'n_max_trajs': 56, 'n_min_trajs': 448, 'n_nonempty_hist': {0: 195, 1: 316, 2: 489}, 'n_both_nonempty': 489, 'n_ttest_run': 489, 'n_significant': {0.05: 12, 0.01: 12, 0.001: 12}, 'frac_significant': {0.05: 0.024539877300613498, 0.01: 0.024539877300613498, 0.001: 0.024539877300613498}}, 'upright (joint_up)': {'n_pairs': 1000, 'n_max_trajs': 560, 'n_min_trajs': 280, 'n_nonempty_hist': {0: 275, 1: 81, 2: 644}, 'n_both_nonempty': 644, 'n_ttest_run': 644, 'n_significant': {0.05: 564, 0.01: 521, 0.001: 0}, 'frac_significant': {0.05: 0.8757763975155279, 0.01: 0.8090062111801242, 0.001: 0.0}}}","{'sim_only': {'laptop (computer_dist)': {'n_pairs': 1000, 'n_max_trajs': 56, 'n_min_trajs': 448, 'n_nonempty_hist': {0: 195, 1: 316, 2: 489}, 'n_both_nonempty': 489, 'n_ttest_run': 489, 'n_significant': {0.05: 12, 0.01: 12, 0.001: 12}, 'frac_significant': {0.05: 0.024539877300613498, 0.01: 0.024539877300613498, 0.001: 0.024539877300613498}}, 'upright (joint_up)': {'n_pairs': 1000, 'n_max_trajs': 560, 'n_min_trajs': 280, 'n_nonempty_hist': {0: 275, 1: 81, 2: 644}, 'n_both_nonempty': 644, 'n_ttest_run': 644, 'n_significant': {0.05: 564, 0.01: 521, 0.001: 0}, 'frac_significant': {0.05: 0.8757763975155279, 0.01: 0.8090062111801242, 0.001: 0.0}}}}"
2,2,8,results/sirl_ts/sirl_ts_1786637281.pth,https://wandb.ai/m1randa-massachusetts-institute-of-technology/tversky-sirl/runs/l7g6x7wc,"{'laptop (computer_dist)': {'n_pairs': 1000, 'n_max_trajs': 56, 'n_min_trajs': 448, 'n_nonempty_hist': {0: 107, 1: 149, 2: 744}, 'n_both_nonempty': 744, 'n_ttest_run': 744, 'n_significant': {0.05: 382, 0.01: 108, 0.001: 41}, 'frac_significant': {0.05: 0.5134408602150538, 0.01: 0.14516129032258066, 0.001: 0.05510752688172043}}, 'upright (joint_up)': {'n_pairs': 1000, 'n_max_trajs': 560, 'n_min_trajs': 280, 'n_nonempty_hist': {0: 203, 1: 99, 2: 698}, 'n_both_nonempty': 698, 'n_ttest_run': 698, 'n_significant': {0.05: 495, 0.01: 315, 0.001: 235}, 'frac_significant': {0.05: 0.7091690544412608, 0.01: 0.4512893982808023, 0.001: 0.336676217765043}}}","{'sim_only': {'laptop (computer_dist)': {'n_pairs': 1000, 'n_max_trajs': 56, 'n_min_trajs': 448, 'n_nonempty_hist': {0: 107, 1: 149, 2: 744}, 'n_both_nonempty': 744, 'n_ttest_run': 744, 'n_significant': {0.05: 382, 0.01: 108, 0.001: 41}, 'frac_significant': {0.05: 0.5134408602150538, 0.01: 0.14516129032258066, 0.001: 0.05510752688172043}}, 'upright (joint_up)': {'n_pairs': 1000, 'n_max_trajs': 560, 'n_min_trajs': 280, 'n_nonempty_hist': {0: 203, 1: 99, 2: 698}, 'n_both_nonempty': 698, 'n_ttest_run': 698, 'n_significant': {0.05: 495, 0.01: 315, 0.001: 235}, 'frac_significant': {0.05: 0.7091690544412608, 0.01: 0.4512893982808023, 0.001: 0.336676217765043}}}}"
0,2,16,results/sirl_ts/sirl_ts_1786637299.pth,https://wandb.ai/m1randa-massachusetts-institute-of-technology/tversky-sirl/runs/j4yqph9c,"{'laptop (computer_dist)': {'n_pairs': 1000, 'n_max_trajs': 56, 'n_min_trajs': 448, 'n_nonempty_hist': {0: 184, 1: 68, 2: 748}, 'n_both_nonempty': 748, 'n_ttest_run': 748, 'n_significant': {0.05: 341, 0.01: 341, 0.001: 0}, 'frac_significant': {0.05: 0.45588235294117646, 0.01: 0.45588235294117646, 0.001: 0.0}}, 'upright (joint_up)': {'n_pairs': 1000, 'n_max_trajs': 560, 'n_min_trajs': 280, 'n_nonempty_hist': {0: 261, 1: 19, 2: 720}, 'n_both_nonempty': 720, 'n_ttest_run': 720, 'n_significant': {0.05: 465, 0.01: 465, 0.001: 465}, 'frac_significant': {0.05: 0.6458333333333334, 0.01: 0.6458333333333334, 0.001: 0.6458333333333334}}}","{'sim_only': {'laptop (computer_dist)': {'n_pairs': 1000, 'n_max_trajs': 56, 'n_min_trajs': 448, 'n_nonempty_hist': {0: 184, 1: 68, 2: 748}, 'n_both_nonempty': 748, 'n_ttest_run': 748, 'n_significant': {0.05: 341, 0.01: 341, 0.001: 0}, 'frac_significant': {0.05: 0.45588235294117646, 0.01: 0.45588235294117646, 0.001: 0.0}}, 'upright (joint_up)': {'n_pairs': 1000, 'n_max_trajs': 560, 'n_min_trajs': 280, 'n_nonempty_hist': {0: 261, 1: 19, 2: 720}, 'n_both_nonempty': 720, 'n_ttest_run': 720, 'n_significant': {0.05: 465, 0.01: 465, 0.001: 465}, 'frac_significant': {0.05: 0.6458333333333334, 0.01: 0.6458333333333334, 0.001: 0.6458333333333334}}}}"
1,2,16,results/sirl_ts/sirl_ts_1786637315.pth,https://wandb.ai/m1randa-massachusetts-institute-of-technology/tversky-sirl/runs/q02ql5s0,"{'laptop (computer_dist)': {'n_pairs': 1000, 'n_max_trajs': 56, 'n_min_trajs': 448, 'n_nonempty_hist': {0: 184, 1: 50, 2: 766}, 'n_both_nonempty': 766, 'n_ttest_run': 766, 'n_significant': {0.05: 229, 0.01: 226, 0.001: 3}, 'frac_significant': {0.05: 0.2989556135770235, 0.01: 0.2950391644908616, 0.001: 0.0039164490861618795}}, 'upright (joint_up)': {'n_pairs': 1000, 'n_max_trajs': 560, 'n_min_trajs': 280, 'n_nonempty_hist': {0: 300, 1: 29, 2: 671}, 'n_both_nonempty': 671, 'n_ttest_run': 671, 'n_significant': {0.05: 449, 0.01: 419, 0.001: 18}, 'frac_significant': {0.05: 0.669150521609538, 0.01: 0.624441132637854, 0.001: 0.026825633383010434}}}","{'sim_only': {'laptop (computer_dist)': {'n_pairs': 1000, 'n_max_trajs': 56, 'n_min_trajs': 448, 'n_nonempty_hist': {0: 184, 1: 50, 2: 766}, 'n_both_nonempty': 766, 'n_ttest_run': 766, 'n_significant': {0.05: 229, 0.01: 226, 0.001: 3}, 'frac_significant': {0.05: 0.2989556135770235, 0.01: 0.2950391644908616, 0.001: 0.0039164490861618795}}, 'upright (joint_up)': {'n_pairs': 1000, 'n_max_trajs': 560, 'n_min_trajs': 280, 'n_nonempty_hist': {0: 300, 1: 29, 2: 671}, 'n_both_nonempty': 671, 'n_ttest_run': 671, 'n_significant': {0.05: 449, 0.01: 419, 0.001: 18}, 'frac_significant': {0.05: 0.669150521609538, 0.01: 0.624441132637854, 0.001: 0.026825633383010434}}}}"
2,2,16,results/sirl_ts/sirl_ts_1786637331.pth,https://wandb.ai/m1randa-massachusetts-institute-of-technology/tversky-sirl/runs/ncrgdwo6,"{'laptop (computer_dist)': {'n_pairs': 1000, 'n_max_trajs': 56, 'n_min_trajs': 448, 'n_nonempty_hist': {0: 86, 1: 142, 2: 772}, 'n_both_nonempty': 772, 'n_ttest_run': 772, 'n_significant': {0.05: 445, 0.01: 375, 0.001: 0}, 'frac_significant': {0.05: 0.5764248704663213, 0.01: 0.48575129533678757, 0.001: 0.0}}, 'upright (joint_up)': {'n_pairs': 1000, 'n_max_trajs': 560, 'n_min_trajs': 280, 'n_nonempty_hist': {0: 65, 1: 91, 2: 844}, 'n_both_nonempty': 844, 'n_ttest_run': 844, 'n_significant': {0.05: 669, 0.01: 653, 0.001: 553}, 'frac_significant': {0.05: 0.792654028436019, 0.01: 0.773696682464455, 0.001: 0.6552132701421801}}}","{'sim_only': {'laptop (computer_dist)': {'n_pairs': 1000, 'n_max_trajs': 56, 'n_min_trajs': 448, 'n_nonempty_hist': {0: 86, 1: 142, 2: 772}, 'n_both_nonempty': 772, 'n_ttest_run': 772, 'n_significant': {0.05: 445, 0.01: 375, 0.001: 0}, 'frac_significant': {0.05: 0.5764248704663213, 0.01: 0.48575129533678757, 0.001: 0.0}}, 'upright (joint_up)': {'n_pairs': 1000, 'n_max_trajs': 560, 'n_min_trajs': 280, 'n_nonempty_hist': {0: 65, 1: 91, 2: 844}, 'n_both_nonempty': 844, 'n_ttest_run': 844, 'n_significant': {0.05: 669, 0.01: 653, 0.001: 553}, 'frac_significant': {0.05: 0.792654028436019, 0.01: 0.773696682464455, 0.001: 0.6552132701421801}}}}"
0,2,32,results/sirl_ts/sirl_ts_1786637348.pth,https://wandb.ai/m1randa-massachusetts-institute-of-technology/tversky-sirl/runs/opky1zma,"{'laptop (computer_dist)': {'n_pairs': 1000, 'n_max_trajs': 56, 'n_min_trajs': 448, 'n_nonempty_hist': {0: 285, 1: 76, 2: 639}, 'n_both_nonempty': 639, 'n_ttest_run': 639, 'n_significant': {0.05: 95, 0.01: 92, 0.001: 69}, 'frac_significant': {0.05: 0.1486697965571205, 0.01: 0.14397496087636932, 0.001: 0.107981220657277}}, 'upright (joint_up)': {'n_pairs': 1000, 'n_max_trajs': 560, 'n_min_trajs': 280, 'n_nonempty_hist': {0: 383, 1: 19, 2: 598}, 'n_both_nonempty': 598, 'n_ttest_run': 598, 'n_significant': {0.05: 0, 0.01: 0, 0.001: 0}, 'frac_significant': {0.05: 0.0, 0.01: 0.0, 0.001: 0.0}}}","{'sim_only': {'laptop (computer_dist)': {'n_pairs': 1000, 'n_max_trajs': 56, 'n_min_trajs': 448, 'n_nonempty_hist': {0: 285, 1: 76, 2: 639}, 'n_both_nonempty': 639, 'n_ttest_run': 639, 'n_significant': {0.05: 95, 0.01: 92, 0.001: 69}, 'frac_significant': {0.05: 0.1486697965571205, 0.01: 0.14397496087636932, 0.001: 0.107981220657277}}, 'upright (joint_up)': {'n_pairs': 1000, 'n_max_trajs': 560, 'n_min_trajs': 280, 'n_nonempty_hist': {0: 383, 1: 19, 2: 598}, 'n_both_nonempty': 598, 'n_ttest_run': 598, 'n_significant': {0.05: 0, 0.01: 0, 0.001: 0}, 'frac_significant': {0.05: 0.0, 0.01: 0.0, 0.001: 0.0}}}}"
1,2,32,results/sirl_ts/sirl_ts_1786637364.pth,https://wandb.ai/m1randa-massachusetts-institute-of-technology/tversky-sirl/runs/5jxdmo27,"{'laptop (computer_dist)': {'n_pairs': 1000, 'n_max_trajs': 56, 'n_min_trajs': 448, 'n_nonempty_hist': {0: 121, 1: 186, 2: 693}, 'n_both_nonempty': 693, 'n_ttest_run': 693, 'n_significant': {0.05: 321, 0.01: 285, 0.001: 199}, 'frac_significant': {0.05: 0.46320346320346323, 0.01: 0.41125541125541126, 0.001: 0.28715728715728717}}, 'upright (joint_up)': {'n_pairs': 1000, 'n_max_trajs': 560, 'n_min_trajs': 280, 'n_nonempty_hist': {0: 196, 1: 105, 2: 699}, 'n_both_nonempty': 699, 'n_ttest_run': 699, 'n_significant': {0.05: 453, 0.01: 1, 0.001: 0}, 'frac_significant': {0.05: 0.648068669527897, 0.01: 0.001430615164520744, 0.001: 0.0}}}","{'sim_only': {'laptop (computer_dist)': {'n_pairs': 1000, 'n_max_trajs': 56, 'n_min_trajs': 448, 'n_nonempty_hist': {0: 121, 1: 186, 2: 693}, 'n_both_nonempty': 693, 'n_ttest_run': 693, 'n_significant': {0.05: 321, 0.01: 285, 0.001: 199}, 'frac_significant': {0.05: 0.46320346320346323, 0.01: 0.41125541125541126, 0.001: 0.28715728715728717}}, 'upright (joint_up)': {'n_pairs': 1000, 'n_max_trajs': 560, 'n_min_trajs': 280, 'n_nonempty_hist': {0: 196, 1: 105, 2: 699}, 'n_both_nonempty': 699, 'n_ttest_run': 699, 'n_significant': {0.05: 453, 0.01: 1, 0.001: 0}, 'frac_significant': {0.05: 0.648068669527897, 0.01: 0.001430615164520744, 0.001: 0.0}}}}"
2,2,32,results/sirl_ts/sirl_ts_1786637381.pth,https://wandb.ai/m1randa-massachusetts-institute-of-technology/tversky-sirl/runs/1lgjve3g,"{'laptop (computer_dist)': {'n_pairs': 1000, 'n_max_trajs': 56, 'n_min_trajs': 448, 'n_nonempty_hist': {0: 476, 1: 17, 2: 507}, 'n_both_nonempty': 507, 'n_ttest_run': 507, 'n_significant': {0.05: 176, 0.01: 0, 0.001: 0}, 'frac_significant': {0.05: 0.34714003944773175, 0.01: 0.0, 0.001: 0.0}}, 'upright (joint_up)': {'n_pairs': 1000, 'n_max_trajs': 560, 'n_min_trajs': 280, 'n_nonempty_hist': {0: 441, 1: 21, 2: 538}, 'n_both_nonempty': 538, 'n_ttest_run': 538, 'n_significant': {0.05: 322, 0.01: 0, 0.001: 0}, 'frac_significant': {0.05: 0.5985130111524164, 0.01: 0.0, 0.001: 0.0}}}","{'sim_only': {'laptop (computer_dist)': {'n_pairs': 1000, 'n_max_trajs': 56, 'n_min_trajs': 448, 'n_nonempty_hist': {0: 476, 1: 17, 2: 507}, 'n_both_nonempty': 507, 'n_ttest_run': 507, 'n_significant': {0.05: 176, 0.01: 0, 0.001: 0}, 'frac_significant': {0.05: 0.34714003944773175, 0.01: 0.0, 0.001: 0.0}}, 'upright (joint_up)': {'n_pairs': 1000, 'n_max_trajs': 560, 'n_min_trajs': 280, 'n_nonempty_hist': {0: 441, 1: 21, 2: 538}, 'n_both_nonempty': 538, 'n_ttest_run': 538, 'n_significant': {0.05: 322, 0.01: 0, 0.001: 0}, 'frac_significant': {0.05: 0.5985130111524164, 0.01: 0.0, 0.001: 0.0}}}}"
0,2,64,results/sirl_ts/sirl_ts_1786637398.pth,https://wandb.ai/m1randa-massachusetts-institute-of-technology/tversky-sirl/runs/kmwwsyve,"{'laptop (computer_dist)': {'n_pairs': 1000, 'n_max_trajs': 56, 'n_min_trajs': 448, 'n_nonempty_hist': {0: 315, 1: 131, 2: 554}, 'n_both_nonempty': 554, 'n_ttest_run': 554, 'n_significant': {0.05: 131, 0.01: 109, 0.001: 0}, 'frac_significant': {0.05: 0.2364620938628159, 0.01: 0.1967509025270758, 0.001: 0.0}}, 'upright (joint_up)': {'n_pairs': 1000, 'n_max_trajs': 560, 'n_min_trajs': 280, 'n_nonempty_hist': {0: 324, 1: 32, 2: 644}, 'n_both_nonempty': 644, 'n_ttest_run': 644, 'n_significant': {0.05: 338, 0.01: 277, 0.001: 0}, 'frac_significant': {0.05: 0.5248447204968945, 0.01: 0.4301242236024845, 0.001: 0.0}}}","{'sim_only': {'laptop (computer_dist)': {'n_pairs': 1000, 'n_max_trajs': 56, 'n_min_trajs': 448, 'n_nonempty_hist': {0: 315, 1: 131, 2: 554}, 'n_both_nonempty': 554, 'n_ttest_run': 554, 'n_significant': {0.05: 131, 0.01: 109, 0.001: 0}, 'frac_significant': {0.05: 0.2364620938628159, 0.01: 0.1967509025270758, 0.001: 0.0}}, 'upright (joint_up)': {'n_pairs': 1000, 'n_max_trajs': 560, 'n_min_trajs': 280, 'n_nonempty_hist': {0: 324, 1: 32, 2: 644}, 'n_both_nonempty': 644, 'n_ttest_run': 644, 'n_significant': {0.05: 338, 0.01: 277, 0.001: 0}, 'frac_significant': {0.05: 0.5248447204968945, 0.01: 0.4301242236024845, 0.001: 0.0}}}}"
1,2,64,results/sirl_ts/sirl_ts_1786637415.pth,https://wandb.ai/m1randa-massachusetts-institute-of-technology/tversky-sirl/runs/g2z3fq2m,"{'laptop (computer_dist)': {'n_pairs': 1000, 'n_max_trajs': 56, 'n_min_trajs': 448, 'n_nonempty_hist': {0: 334, 1: 212, 2: 454}, 'n_both_nonempty': 454, 'n_ttest_run': 454, 'n_significant': {0.05: 83, 0.01: 37, 0.001: 0}, 'frac_significant': {0.05: 0.1828193832599119, 0.01: 0.08149779735682819, 0.001: 0.0}}, 'upright (joint_up)': {'n_pairs': 1000, 'n_max_trajs': 560, 'n_min_trajs': 280, 'n_nonempty_hist': {0: 389, 1: 70, 2: 541}, 'n_both_nonempty': 541, 'n_ttest_run': 311, 'n_significant': {0.05: 246, 0.01: 246, 0.001: 246}, 'frac_significant': {0.05: 0.7909967845659164, 0.01: 0.7909967845659164, 0.001: 0.7909967845659164}}}","{'sim_only': {'laptop (computer_dist)': {'n_pairs': 1000, 'n_max_trajs': 56, 'n_min_trajs': 448, 'n_nonempty_hist': {0: 334, 1: 212, 2: 454}, 'n_both_nonempty': 454, 'n_ttest_run': 454, 'n_significant': {0.05: 83, 0.01: 37, 0.001: 0}, 'frac_significant': {0.05: 0.1828193832599119, 0.01: 0.08149779735682819, 0.001: 0.0}}, 'upright (joint_up)': {'n_pairs': 1000, 'n_max_trajs': 560, 'n_min_trajs': 280, 'n_nonempty_hist': {0: 389, 1: 70, 2: 541}, 'n_both_nonempty': 541, 'n_ttest_run': 311, 'n_significant': {0.05: 246, 0.01: 246, 0.001: 246}, 'frac_significant': {0.05: 0.7909967845659164, 0.01: 0.7909967845659164, 0.001: 0.7909967845659164}}}}"
2,2,64,results/sirl_ts/sirl_ts_1786637431.pth,https://wandb.ai/m1randa-massachusetts-institute-of-technology/tversky-sirl/runs/507g92td,"{'laptop (computer_dist)': {'n_pairs': 1000, 'n_max_trajs': 56, 'n_min_trajs': 448, 'n_nonempty_hist': {0: 218, 1: 23, 2: 759}, 'n_both_nonempty': 759, 'n_ttest_run': 759, 'n_significant': {0.05: 4, 0.01: 0, 0.001: 0}, 'frac_significant': {0.05: 0.005270092226613966, 0.01: 0.0, 0.001: 0.0}}, 'upright (joint_up)': {'n_pairs': 1000, 'n_max_trajs': 560, 'n_min_trajs': 280, 'n_nonempty_hist': {0: 335, 1: 15, 2: 650}, 'n_both_nonempty': 650, 'n_ttest_run': 650, 'n_significant': {0.05: 0, 0.01: 0, 0.001: 0}, 'frac_significant': {0.05: 0.0, 0.01: 0.0, 0.001: 0.0}}}","{'sim_only': {'laptop (computer_dist)': {'n_pairs': 1000, 'n_max_trajs': 56, 'n_min_trajs': 448, 'n_nonempty_hist': {0: 218, 1: 23, 2: 759}, 'n_both_nonempty': 759, 'n_ttest_run': 759, 'n_significant': {0.05: 4, 0.01: 0, 0.001: 0}, 'frac_significant': {0.05: 0.005270092226613966, 0.01: 0.0, 0.001: 0.0}}, 'upright (joint_up)': {'n_pairs': 1000, 'n_max_trajs': 560, 'n_min_trajs': 280, 'n_nonempty_hist': {0: 335, 1: 15, 2: 650}, 'n_both_nonempty': 650, 'n_ttest_run': 650, 'n_significant': {0.05: 0, 0.01: 0, 0.001: 0}, 'frac_significant': {0.05: 0.0, 0.01: 0.0, 0.001: 0.0}}}}"
0,2,128,results/sirl_ts/sirl_ts_1786637447.pth,https://wandb.ai/m1randa-massachusetts-institute-of-technology/tversky-sirl/runs/7aocgswv,"{'laptop (computer_dist)': {'n_pairs': 1000, 'n_max_trajs': 56, 'n_min_trajs': 448, 'n_nonempty_hist': {0: 203, 1: 18, 2: 779}, 'n_both_nonempty': 779, 'n_ttest_run': 779, 'n_significant': {0.05: 0, 0.01: 0, 0.001: 0}, 'frac_significant': {0.05: 0.0, 0.01: 0.0, 0.001: 0.0}}, 'upright (joint_up)': {'n_pairs': 1000, 'n_max_trajs': 560, 'n_min_trajs': 280, 'n_nonempty_hist': {0: 276, 1: 16, 2: 708}, 'n_both_nonempty': 708, 'n_ttest_run': 708, 'n_significant': {0.05: 0, 0.01: 0, 0.001: 0}, 'frac_significant': {0.05: 0.0, 0.01: 0.0, 0.001: 0.0}}}","{'sim_only': {'laptop (computer_dist)': {'n_pairs': 1000, 'n_max_trajs': 56, 'n_min_trajs': 448, 'n_nonempty_hist': {0: 203, 1: 18, 2: 779}, 'n_both_nonempty': 779, 'n_ttest_run': 779, 'n_significant': {0.05: 0, 0.01: 0, 0.001: 0}, 'frac_significant': {0.05: 0.0, 0.01: 0.0, 0.001: 0.0}}, 'upright (joint_up)': {'n_pairs': 1000, 'n_max_trajs': 560, 'n_min_trajs': 280, 'n_nonempty_hist': {0: 276, 1: 16, 2: 708}, 'n_both_nonempty': 708, 'n_ttest_run': 708, 'n_significant': {0.05: 0, 0.01: 0, 0.001: 0}, 'frac_significant': {0.05: 0.0, 0.01: 0.0, 0.001: 0.0}}}}"
1,2,128,results/sirl_ts/sirl_ts_1786637465.pth,https://wandb.ai/m1randa-massachusetts-institute-of-technology/tversky-sirl/runs/ro7lctcp,"{'laptop (computer_dist)': {'n_pairs': 1000, 'n_max_trajs': 56, 'n_min_trajs': 448, 'n_nonempty_hist': {0: 227, 1: 126, 2: 647}, 'n_both_nonempty': 647, 'n_ttest_run': 573, 'n_significant': {0.05: 63, 0.01: 53, 0.001: 52}, 'frac_significant': {0.05: 0.1099476439790576, 0.01: 0.0924956369982548, 0.001: 0.09075043630017451}}, 'upright (joint_up)': {'n_pairs': 1000, 'n_max_trajs': 560, 'n_min_trajs': 280, 'n_nonempty_hist': {0: 291, 1: 67, 2: 642}, 'n_both_nonempty': 642, 'n_ttest_run': 642, 'n_significant': {0.05: 0, 0.01: 0, 0.001: 0}, 'frac_significant': {0.05: 0.0, 0.01: 0.0, 0.001: 0.0}}}","{'sim_only': {'laptop (computer_dist)': {'n_pairs': 1000, 'n_max_trajs': 56, 'n_min_trajs': 448, 'n_nonempty_hist': {0: 227, 1: 126, 2: 647}, 'n_both_nonempty': 647, 'n_ttest_run': 573, 'n_significant': {0.05: 63, 0.01: 53, 0.001: 52}, 'frac_significant': {0.05: 0.1099476439790576, 0.01: 0.0924956369982548, 0.001: 0.09075043630017451}}, 'upright (joint_up)': {'n_pairs': 1000, 'n_max_trajs': 560, 'n_min_trajs': 280, 'n_nonempty_hist': {0: 291, 1: 67, 2: 642}, 'n_both_nonempty': 642, 'n_ttest_run': 642, 'n_significant': {0.05: 0, 0.01: 0, 0.001: 0}, 'frac_significant': {0.05: 0.0, 0.01: 0.0, 0.001: 0.0}}}}"
2,2,128,results/sirl_ts/sirl_ts_1786637482.pth,https://wandb.ai/m1randa-massachusetts-institute-of-technology/tversky-sirl/runs/ih29caeb,"{'laptop (computer_dist)': {'n_pairs': 1000, 'n_max_trajs': 56, 'n_min_trajs': 448, 'n_nonempty_hist': {0: 52, 1: 23, 2: 925}, 'n_both_nonempty': 925, 'n_ttest_run': 898, 'n_significant': {0.05: 495, 0.01: 491, 0.001: 489}, 'frac_significant': {0.05: 0.5512249443207127, 0.01: 0.5467706013363028, 0.001: 0.544543429844098}}, 'upright (joint_up)': {'n_pairs': 1000, 'n_max_trajs': 560, 'n_min_trajs': 280, 'n_nonempty_hist': {0: 65, 1: 7, 2: 928}, 'n_both_nonempty': 928, 'n_ttest_run': 928, 'n_significant': {0.05: 234, 0.01: 7, 0.001: 0}, 'frac_significant': {0.05: 0.2521551724137931, 0.01: 0.007543103448275862, 0.001: 0.0}}}","{'sim_only': {'laptop (computer_dist)': {'n_pairs': 1000, 'n_max_trajs': 56, 'n_min_trajs': 448, 'n_nonempty_hist': {0: 52, 1: 23, 2: 925}, 'n_both_nonempty': 925, 'n_ttest_run': 898, 'n_significant': {0.05: 495, 0.01: 491, 0.001: 489}, 'frac_significant': {0.05: 0.5512249443207127, 0.01: 0.5467706013363028, 0.001: 0.544543429844098}}, 'upright (joint_up)': {'n_pairs': 1000, 'n_max_trajs': 560, 'n_min_trajs': 280, 'n_nonempty_hist': {0: 65, 1: 7, 2: 928}, 'n_both_nonempty': 928, 'n_ttest_run': 928, 'n_significant': {0.05: 234, 0.01: 7, 0.001: 0}, 'frac_significant': {0.05: 0.2521551724137931, 0.01: 0.007543103448275862, 0.001: 0.0}}}}"
0,2,256,results/sirl_ts/sirl_ts_1786637498.pth,https://wandb.ai/m1randa-massachusetts-institute-of-technology/tversky-sirl/runs/ql05caqs,"{'laptop (computer_dist)': {'n_pairs': 1000, 'n_max_trajs': 56, 'n_min_trajs': 448, 'n_nonempty_hist': {0: 162, 1: 0, 2: 838}, 'n_both_nonempty': 838, 'n_ttest_run': 838, 'n_significant': {0.05: 618, 0.01: 476, 0.001: 396}, 'frac_significant': {0.05: 0.7374701670644391, 0.01: 0.568019093078759, 0.001: 0.47255369928400953}}, 'upright (joint_up)': {'n_pairs': 1000, 'n_max_trajs': 560, 'n_min_trajs': 280, 'n_nonempty_hist': {0: 242, 1: 0, 2: 758}, 'n_both_nonempty': 758, 'n_ttest_run': 727, 'n_significant': {0.05: 50, 0.01: 0, 0.001: 0}, 'frac_significant': {0.05: 0.0687757909215956, 0.01: 0.0, 0.001: 0.0}}}","{'sim_only': {'laptop (computer_dist)': {'n_pairs': 1000, 'n_max_trajs': 56, 'n_min_trajs': 448, 'n_nonempty_hist': {0: 162, 1: 0, 2: 838}, 'n_both_nonempty': 838, 'n_ttest_run': 838, 'n_significant': {0.05: 618, 0.01: 476, 0.001: 396}, 'frac_significant': {0.05: 0.7374701670644391, 0.01: 0.568019093078759, 0.001: 0.47255369928400953}}, 'upright (joint_up)': {'n_pairs': 1000, 'n_max_trajs': 560, 'n_min_trajs': 280, 'n_nonempty_hist': {0: 242, 1: 0, 2: 758}, 'n_both_nonempty': 758, 'n_ttest_run': 727, 'n_significant': {0.05: 50, 0.01: 0, 0.001: 0}, 'frac_significant': {0.05: 0.0687757909215956, 0.01: 0.0, 0.001: 0.0}}}}"
1,2,256,results/sirl_ts/sirl_ts_1786637516.pth,https://wandb.ai/m1randa-massachusetts-institute-of-technology/tversky-sirl/runs/ze6bzlf0,"{'laptop (computer_dist)': {'n_pairs': 1000, 'n_max_trajs': 56, 'n_min_trajs': 448, 'n_nonempty_hist': {0: 130, 1: 0, 2: 870}, 'n_both_nonempty': 870, 'n_ttest_run': 870, 'n_significant': {0.05: 368, 0.01: 69, 0.001: 54}, 'frac_significant': {0.05: 0.42298850574712643, 0.01: 0.07931034482758621, 0.001: 0.06206896551724138}}, 'upright (joint_up)': {'n_pairs': 1000, 'n_max_trajs': 560, 'n_min_trajs': 280, 'n_nonempty_hist': {0: 243, 1: 0, 2: 757}, 'n_both_nonempty': 757, 'n_ttest_run': 757, 'n_significant': {0.05: 83, 0.01: 23, 0.001: 0}, 'frac_significant': {0.05: 0.1096433289299868, 0.01: 0.03038309114927345, 0.001: 0.0}}}","{'sim_only': {'laptop (computer_dist)': {'n_pairs': 1000, 'n_max_trajs': 56, 'n_min_trajs': 448, 'n_nonempty_hist': {0: 130, 1: 0, 2: 870}, 'n_both_nonempty': 870, 'n_ttest_run': 870, 'n_significant': {0.05: 368, 0.01: 69, 0.001: 54}, 'frac_significant': {0.05: 0.42298850574712643, 0.01: 0.07931034482758621, 0.001: 0.06206896551724138}}, 'upright (joint_up)': {'n_pairs': 1000, 'n_max_trajs': 560, 'n_min_trajs': 280, 'n_nonempty_hist': {0: 243, 1: 0, 2: 757}, 'n_both_nonempty': 757, 'n_ttest_run': 757, 'n_significant': {0.05: 83, 0.01: 23, 0.001: 0}, 'frac_significant': {0.05: 0.1096433289299868, 0.01: 0.03038309114927345, 0.001: 0.0}}}}"
2,2,256,results/sirl_ts/sirl_ts_1786637534.pth,https://wandb.ai/m1randa-massachusetts-institute-of-technology/tversky-sirl/runs/gg84e97i,"{'laptop (computer_dist)': {'n_pairs': 1000, 'n_max_trajs': 56, 'n_min_trajs': 448, 'n_nonempty_hist': {0: 171, 1: 0, 2: 829}, 'n_both_nonempty': 829, 'n_ttest_run': 829, 'n_significant': {0.05: 364, 0.01: 251, 0.001: 236}, 'frac_significant': {0.05: 0.4390832328106152, 0.01: 0.3027744270205066, 0.001: 0.28468033775633295}}, 'upright (joint_up)': {'n_pairs': 1000, 'n_max_trajs': 560, 'n_min_trajs': 280, 'n_nonempty_hist': {0: 141, 1: 0, 2: 859}, 'n_both_nonempty': 859, 'n_ttest_run': 846, 'n_significant': {0.05: 426, 0.01: 380, 0.001: 375}, 'frac_significant': {0.05: 0.5035460992907801, 0.01: 0.4491725768321513, 0.001: 0.4432624113475177}}}","{'sim_only': {'laptop (computer_dist)': {'n_pairs': 1000, 'n_max_trajs': 56, 'n_min_trajs': 448, 'n_nonempty_hist': {0: 171, 1: 0, 2: 829}, 'n_both_nonempty': 829, 'n_ttest_run': 829, 'n_significant': {0.05: 364, 0.01: 251, 0.001: 236}, 'frac_significant': {0.05: 0.4390832328106152, 0.01: 0.3027744270205066, 0.001: 0.28468033775633295}}, 'upright (joint_up)': {'n_pairs': 1000, 'n_max_trajs': 560, 'n_min_trajs': 280, 'n_nonempty_hist': {0: 141, 1: 0, 2: 859}, 'n_both_nonempty': 859, 'n_ttest_run': 846, 'n_significant': {0.05: 426, 0.01: 380, 0.001: 375}, 'frac_significant': {0.05: 0.5035460992907801, 0.01: 0.4491725768321513, 0.001: 0.4432624113475177}}}}"
0,4,2,results/sirl_ts/sirl_ts_1786637553.pth,https://wandb.ai/m1randa-massachusetts-institute-of-technology/tversky-sirl/runs/ygifh4h4,"{'laptop (computer_dist)': {'n_pairs': 1000, 'n_max_trajs': 56, 'n_min_trajs': 448, 'n_nonempty_hist': {0: 422, 1: 576, 2: 2}, 'n_both_nonempty': 2, 'n_ttest_run': 0, 'n_significant': {0.05: 0, 0.01: 0, 0.001: 0}, 'frac_significant': {0.05: 0.0, 0.01: 0.0, 0.001: 0.0}}, 'upright (joint_up)': {'n_pairs': 1000, 'n_max_trajs': 560, 'n_min_trajs': 280, 'n_nonempty_hist': {0: 454, 1: 546, 2: 0}, 'n_both_nonempty': 0, 'n_ttest_run': 0, 'n_significant': {0.05: 0, 0.01: 0, 0.001: 0}, 'frac_significant': {0.05: 0.0, 0.01: 0.0, 0.001: 0.0}}}","{'sim_only': {'laptop (computer_dist)': {'n_pairs': 1000, 'n_max_trajs': 56, 'n_min_trajs': 448, 'n_nonempty_hist': {0: 422, 1: 576, 2: 2}, 'n_both_nonempty': 2, 'n_ttest_run': 0, 'n_significant': {0.05: 0, 0.01: 0, 0.001: 0}, 'frac_significant': {0.05: 0.0, 0.01: 0.0, 0.001: 0.0}}, 'upright (joint_up)': {'n_pairs': 1000, 'n_max_trajs': 560, 'n_min_trajs': 280, 'n_nonempty_hist': {0: 454, 1: 546, 2: 0}, 'n_both_nonempty': 0, 'n_ttest_run': 0, 'n_significant': {0.05: 0, 0.01: 0, 0.001: 0}, 'frac_significant': {0.05: 0.0, 0.01: 0.0, 0.001: 0.0}}}}"
1,4,2,results/sirl_ts/sirl_ts_1786637567.pth,https://wandb.ai/m1randa-massachusetts-institute-of-technology/tversky-sirl/runs/eme8jyyd,"{'laptop (computer_dist)': {'n_pairs': 1000, 'n_max_trajs': 56, 'n_min_trajs': 448, 'n_nonempty_hist': {0: 456, 1: 544, 2: 0}, 'n_both_nonempty': 0, 'n_ttest_run': 0, 'n_significant': {0.05: 0, 0.01: 0, 0.001: 0}, 'frac_significant': {0.05: 0.0, 0.01: 0.0, 0.001: 0.0}}, 'upright (joint_up)': {'n_pairs': 1000, 'n_max_trajs': 560, 'n_min_trajs': 280, 'n_nonempty_hist': {0: 449, 1: 550, 2: 1}, 'n_both_nonempty': 1, 'n_ttest_run': 1, 'n_significant': {0.05: 0, 0.01: 0, 0.001: 0}, 'frac_significant': {0.05: 0.0, 0.01: 0.0, 0.001: 0.0}}}","{'sim_only': {'laptop (computer_dist)': {'n_pairs': 1000, 'n_max_trajs': 56, 'n_min_trajs': 448, 'n_nonempty_hist': {0: 456, 1: 544, 2: 0}, 'n_both_nonempty': 0, 'n_ttest_run': 0, 'n_significant': {0.05: 0, 0.01: 0, 0.001: 0}, 'frac_significant': {0.05: 0.0, 0.01: 0.0, 0.001: 0.0}}, 'upright (joint_up)': {'n_pairs': 1000, 'n_max_trajs': 560, 'n_min_trajs': 280, 'n_nonempty_hist': {0: 449, 1: 550, 2: 1}, 'n_both_nonempty': 1, 'n_ttest_run': 1, 'n_significant': {0.05: 0, 0.01: 0, 0.001: 0}, 'frac_significant': {0.05: 0.0, 0.01: 0.0, 0.001: 0.0}}}}"
2,4,2,results/sirl_ts/sirl_ts_1786637581.pth,https://wandb.ai/m1randa-massachusetts-institute-of-technology/tversky-sirl/runs/30m7chde,"{'laptop (computer_dist)': {'n_pairs': 1000, 'n_max_trajs': 56, 'n_min_trajs': 448, 'n_nonempty_hist': {0: 402, 1: 15, 2: 583}, 'n_both_nonempty': 583, 'n_ttest_run': 583, 'n_significant': {0.05: 476, 0.01: 476, 0.001: 476}, 'frac_significant': {0.05: 0.8164665523156089, 0.01: 0.8164665523156089, 0.001: 0.8164665523156089}}, 'upright (joint_up)': {'n_pairs': 1000, 'n_max_trajs': 560, 'n_min_trajs': 280, 'n_nonempty_hist': {0: 485, 1: 34, 2: 481}, 'n_both_nonempty': 481, 'n_ttest_run': 481, 'n_significant': {0.05: 0, 0.01: 0, 0.001: 0}, 'frac_significant': {0.05: 0.0, 0.01: 0.0, 0.001: 0.0}}}","{'sim_only': {'laptop (computer_dist)': {'n_pairs': 1000, 'n_max_trajs': 56, 'n_min_trajs': 448, 'n_nonempty_hist': {0: 402, 1: 15, 2: 583}, 'n_both_nonempty': 583, 'n_ttest_run': 583, 'n_significant': {0.05: 476, 0.01: 476, 0.001: 476}, 'frac_significant': {0.05: 0.8164665523156089, 0.01: 0.8164665523156089, 0.001: 0.8164665523156089}}, 'upright (joint_up)': {'n_pairs': 1000, 'n_max_trajs': 560, 'n_min_trajs': 280, 'n_nonempty_hist': {0: 485, 1: 34, 2: 481}, 'n_both_nonempty': 481, 'n_ttest_run': 481, 'n_significant': {0.05: 0, 0.01: 0, 0.001: 0}, 'frac_significant': {0.05: 0.0, 0.01: 0.0, 0.001: 0.0}}}}"
0,4,4,results/sirl_ts/sirl_ts_1786637597.pth,https://wandb.ai/m1randa-massachusetts-institute-of-technology/tversky-sirl/runs/mhc05esl,"{'laptop (computer_dist)': {'n_pairs': 1000, 'n_max_trajs': 56, 'n_min_trajs': 448, 'n_nonempty_hist': {0: 85, 1: 368, 2: 547}, 'n_both_nonempty': 547, 'n_ttest_run': 547, 'n_significant': {0.05: 513, 0.01: 164, 0.001: 3}, 'frac_significant': {0.05: 0.9378427787934186, 0.01: 0.29981718464351004, 0.001: 0.005484460694698354}}, 'upright (joint_up)': {'n_pairs': 1000, 'n_max_trajs': 560, 'n_min_trajs': 280, 'n_nonempty_hist': {0: 213, 1: 360, 2: 427}, 'n_both_nonempty': 427, 'n_ttest_run': 427, 'n_significant': {0.05: 41, 0.01: 41, 0.001: 23}, 'frac_significant': {0.05: 0.09601873536299765, 0.01: 0.09601873536299765, 0.001: 0.053864168618266976}}}","{'sim_only': {'laptop (computer_dist)': {'n_pairs': 1000, 'n_max_trajs': 56, 'n_min_trajs': 448, 'n_nonempty_hist': {0: 85, 1: 368, 2: 547}, 'n_both_nonempty': 547, 'n_ttest_run': 547, 'n_significant': {0.05: 513, 0.01: 164, 0.001: 3}, 'frac_significant': {0.05: 0.9378427787934186, 0.01: 0.29981718464351004, 0.001: 0.005484460694698354}}, 'upright (joint_up)': {'n_pairs': 1000, 'n_max_trajs': 560, 'n_min_trajs': 280, 'n_nonempty_hist': {0: 213, 1: 360, 2: 427}, 'n_both_nonempty': 427, 'n_ttest_run': 427, 'n_significant': {0.05: 41, 0.01: 41, 0.001: 23}, 'frac_significant': {0.05: 0.09601873536299765, 0.01: 0.09601873536299765, 0.001: 0.053864168618266976}}}}"
1,4,4,results/sirl_ts/sirl_ts_1786637614.pth,https://wandb.ai/m1randa-massachusetts-institute-of-technology/tversky-sirl/runs/tdwxiwjq,"{'laptop (computer_dist)': {'n_pairs': 1000, 'n_max_trajs': 56, 'n_min_trajs': 448, 'n_nonempty_hist': {0: 96, 1: 546, 2: 358}, 'n_both_nonempty': 358, 'n_ttest_run': 358, 'n_significant': {0.05: 0, 0.01: 0, 0.001: 0}, 'frac_significant': {0.05: 0.0, 0.01: 0.0, 0.001: 0.0}}, 'upright (joint_up)': {'n_pairs': 1000, 'n_max_trajs': 560, 'n_min_trajs': 280, 'n_nonempty_hist': {0: 177, 1: 461, 2: 362}, 'n_both_nonempty': 362, 'n_ttest_run': 362, 'n_significant': {0.05: 0, 0.01: 0, 0.001: 0}, 'frac_significant': {0.05: 0.0, 0.01: 0.0, 0.001: 0.0}}}","{'sim_only': {'laptop (computer_dist)': {'n_pairs': 1000, 'n_max_trajs': 56, 'n_min_trajs': 448, 'n_nonempty_hist': {0: 96, 1: 546, 2: 358}, 'n_both_nonempty': 358, 'n_ttest_run': 358, 'n_significant': {0.05: 0, 0.01: 0, 0.001: 0}, 'frac_significant': {0.05: 0.0, 0.01: 0.0, 0.001: 0.0}}, 'upright (joint_up)': {'n_pairs': 1000, 'n_max_trajs': 560, 'n_min_trajs': 280, 'n_nonempty_hist': {0: 177, 1: 461, 2: 362}, 'n_both_nonempty': 362, 'n_ttest_run': 362, 'n_significant': {0.05: 0, 0.01: 0, 0.001: 0}, 'frac_significant': {0.05: 0.0, 0.01: 0.0, 0.001: 0.0}}}}"
2,4,4,results/sirl_ts/sirl_ts_1786637630.pth,https://wandb.ai/m1randa-massachusetts-institute-of-technology/tversky-sirl/runs/86nprkjo,"{'laptop (computer_dist)': {'n_pairs': 1000, 'n_max_trajs': 56, 'n_min_trajs': 448, 'n_nonempty_hist': {0: 80, 1: 442, 2: 478}, 'n_both_nonempty': 478, 'n_ttest_run': 478, 'n_significant': {0.05: 395, 0.01: 0, 0.001: 0}, 'frac_significant': {0.05: 0.8263598326359832, 0.01: 0.0, 0.001: 0.0}}, 'upright (joint_up)': {'n_pairs': 1000, 'n_max_trajs': 560, 'n_min_trajs': 280, 'n_nonempty_hist': {0: 167, 1: 608, 2: 225}, 'n_both_nonempty': 225, 'n_ttest_run': 225, 'n_significant': {0.05: 0, 0.01: 0, 0.001: 0}, 'frac_significant': {0.05: 0.0, 0.01: 0.0, 0.001: 0.0}}}","{'sim_only': {'laptop (computer_dist)': {'n_pairs': 1000, 'n_max_trajs': 56, 'n_min_trajs': 448, 'n_nonempty_hist': {0: 80, 1: 442, 2: 478}, 'n_both_nonempty': 478, 'n_ttest_run': 478, 'n_significant': {0.05: 395, 0.01: 0, 0.001: 0}, 'frac_significant': {0.05: 0.8263598326359832, 0.01: 0.0, 0.001: 0.0}}, 'upright (joint_up)': {'n_pairs': 1000, 'n_max_trajs': 560, 'n_min_trajs': 280, 'n_nonempty_hist': {0: 167, 1: 608, 2: 225}, 'n_both_nonempty': 225, 'n_ttest_run': 225, 'n_significant': {0.05: 0, 0.01: 0, 0.001: 0}, 'frac_significant': {0.05: 0.0, 0.01: 0.0, 0.001: 0.0}}}}"
0,4,8,results/sirl_ts/sirl_ts_1786637647.pth,https://wandb.ai/m1randa-massachusetts-institute-of-technology/tversky-sirl/runs/ezzugd7i,"{'laptop (computer_dist)': {'n_pairs': 1000, 'n_max_trajs': 56, 'n_min_trajs': 448, 'n_nonempty_hist': {0: 86, 1: 266, 2: 648}, 'n_both_nonempty': 648, 'n_ttest_run': 648, 'n_significant': {0.05: 400, 0.01: 391, 0.001: 0}, 'frac_significant': {0.05: 0.6172839506172839, 0.01: 0.6033950617283951, 0.001: 0.0}}, 'upright (joint_up)': {'n_pairs': 1000, 'n_max_trajs': 560, 'n_min_trajs': 280, 'n_nonempty_hist': {0: 130, 1: 112, 2: 758}, 'n_both_nonempty': 758, 'n_ttest_run': 758, 'n_significant': {0.05: 473, 0.01: 472, 0.001: 462}, 'frac_significant': {0.05: 0.6240105540897097, 0.01: 0.6226912928759895, 0.001: 0.6094986807387863}}}","{'sim_only': {'laptop (computer_dist)': {'n_pairs': 1000, 'n_max_trajs': 56, 'n_min_trajs': 448, 'n_nonempty_hist': {0: 86, 1: 266, 2: 648}, 'n_both_nonempty': 648, 'n_ttest_run': 648, 'n_significant': {0.05: 400, 0.01: 391, 0.001: 0}, 'frac_significant': {0.05: 0.6172839506172839, 0.01: 0.6033950617283951, 0.001: 0.0}}, 'upright (joint_up)': {'n_pairs': 1000, 'n_max_trajs': 560, 'n_min_trajs': 280, 'n_nonempty_hist': {0: 130, 1: 112, 2: 758}, 'n_both_nonempty': 758, 'n_ttest_run': 758, 'n_significant': {0.05: 473, 0.01: 472, 0.001: 462}, 'frac_significant': {0.05: 0.6240105540897097, 0.01: 0.6226912928759895, 0.001: 0.6094986807387863}}}}"
1,4,8,results/sirl_ts/sirl_ts_1786637664.pth,https://wandb.ai/m1randa-massachusetts-institute-of-technology/tversky-sirl/runs/m2io5j74,"{'laptop (computer_dist)': {'n_pairs': 1000, 'n_max_trajs': 56, 'n_min_trajs': 448, 'n_nonempty_hist': {0: 66, 1: 524, 2: 410}, 'n_both_nonempty': 410, 'n_ttest_run': 410, 'n_significant': {0.05: 281, 0.01: 232, 0.001: 139}, 'frac_significant': {0.05: 0.6853658536585366, 0.01: 0.5658536585365853, 0.001: 0.33902439024390246}}, 'upright (joint_up)': {'n_pairs': 1000, 'n_max_trajs': 560, 'n_min_trajs': 280, 'n_nonempty_hist': {0: 190, 1: 192, 2: 618}, 'n_both_nonempty': 618, 'n_ttest_run': 618, 'n_significant': {0.05: 166, 0.01: 10, 0.001: 2}, 'frac_significant': {0.05: 0.2686084142394822, 0.01: 0.016181229773462782, 0.001: 0.003236245954692557}}}","{'sim_only': {'laptop (computer_dist)': {'n_pairs': 1000, 'n_max_trajs': 56, 'n_min_trajs': 448, 'n_nonempty_hist': {0: 66, 1: 524, 2: 410}, 'n_both_nonempty': 410, 'n_ttest_run': 410, 'n_significant': {0.05: 281, 0.01: 232, 0.001: 139}, 'frac_significant': {0.05: 0.6853658536585366, 0.01: 0.5658536585365853, 0.001: 0.33902439024390246}}, 'upright (joint_up)': {'n_pairs': 1000, 'n_max_trajs': 560, 'n_min_trajs': 280, 'n_nonempty_hist': {0: 190, 1: 192, 2: 618}, 'n_both_nonempty': 618, 'n_ttest_run': 618, 'n_significant': {0.05: 166, 0.01: 10, 0.001: 2}, 'frac_significant': {0.05: 0.2686084142394822, 0.01: 0.016181229773462782, 0.001: 0.003236245954692557}}}}"
2,4,8,results/sirl_ts/sirl_ts_1786637681.pth,https://wandb.ai/m1randa-massachusetts-institute-of-technology/tversky-sirl/runs/crl4y21y,"{'laptop (computer_dist)': {'n_pairs': 1000, 'n_max_trajs': 56, 'n_min_trajs': 448, 'n_nonempty_hist': {0: 69, 1: 186, 2: 745}, 'n_both_nonempty': 745, 'n_ttest_run': 743, 'n_significant': {0.05: 547, 0.01: 547, 0.001: 484}, 'frac_significant': {0.05: 0.7362045760430687, 0.01: 0.7362045760430687, 0.001: 0.6514131897711979}}, 'upright (joint_up)': {'n_pairs': 1000, 'n_max_trajs': 560, 'n_min_trajs': 280, 'n_nonempty_hist': {0: 172, 1: 129, 2: 699}, 'n_both_nonempty': 699, 'n_ttest_run': 699, 'n_significant': {0.05: 87, 0.01: 13, 0.001: 0}, 'frac_significant': {0.05: 0.12446351931330472, 0.01: 0.01859799713876967, 0.001: 0.0}}}","{'sim_only': {'laptop (computer_dist)': {'n_pairs': 1000, 'n_max_trajs': 56, 'n_min_trajs': 448, 'n_nonempty_hist': {0: 69, 1: 186, 2: 745}, 'n_both_nonempty': 745, 'n_ttest_run': 743, 'n_significant': {0.05: 547, 0.01: 547, 0.001: 484}, 'frac_significant': {0.05: 0.7362045760430687, 0.01: 0.7362045760430687, 0.001: 0.6514131897711979}}, 'upright (joint_up)': {'n_pairs': 1000, 'n_max_trajs': 560, 'n_min_trajs': 280, 'n_nonempty_hist': {0: 172, 1: 129, 2: 699}, 'n_both_nonempty': 699, 'n_ttest_run': 699, 'n_significant': {0.05: 87, 0.01: 13, 0.001: 0}, 'frac_significant': {0.05: 0.12446351931330472, 0.01: 0.01859799713876967, 0.001: 0.0}}}}"
0,4,16,results/sirl_ts/sirl_ts_1786637699.pth,https://wandb.ai/m1randa-massachusetts-institute-of-technology/tversky-sirl/runs/ycgqb1kn,"{'laptop (computer_dist)': {'n_pairs': 1000, 'n_max_trajs': 56, 'n_min_trajs': 448, 'n_nonempty_hist': {0: 189, 1: 37, 2: 774}, 'n_both_nonempty': 774, 'n_ttest_run': 774, 'n_significant': {0.05: 116, 0.01: 2, 0.001: 1}, 'frac_significant': {0.05: 0.14987080103359174, 0.01: 0.002583979328165375, 0.001: 0.0012919896640826874}}, 'upright (joint_up)': {'n_pairs': 1000, 'n_max_trajs': 560, 'n_min_trajs': 280, 'n_nonempty_hist': {0: 273, 1: 25, 2: 702}, 'n_both_nonempty': 702, 'n_ttest_run': 702, 'n_significant': {0.05: 5, 0.01: 2, 0.001: 0}, 'frac_significant': {0.05: 0.007122507122507123, 0.01: 0.002849002849002849, 0.001: 0.0}}}","{'sim_only': {'laptop (computer_dist)': {'n_pairs': 1000, 'n_max_trajs': 56, 'n_min_trajs': 448, 'n_nonempty_hist': {0: 189, 1: 37, 2: 774}, 'n_both_nonempty': 774, 'n_ttest_run': 774, 'n_significant': {0.05: 116, 0.01: 2, 0.001: 1}, 'frac_significant': {0.05: 0.14987080103359174, 0.01: 0.002583979328165375, 0.001: 0.0012919896640826874}}, 'upright (joint_up)': {'n_pairs': 1000, 'n_max_trajs': 560, 'n_min_trajs': 280, 'n_nonempty_hist': {0: 273, 1: 25, 2: 702}, 'n_both_nonempty': 702, 'n_ttest_run': 702, 'n_significant': {0.05: 5, 0.01: 2, 0.001: 0}, 'frac_significant': {0.05: 0.007122507122507123, 0.01: 0.002849002849002849, 0.001: 0.0}}}}"
1,4,16,results/sirl_ts/sirl_ts_1786637715.pth,https://wandb.ai/m1randa-massachusetts-institute-of-technology/tversky-sirl/runs/tkmzbrdt,"{'laptop (computer_dist)': {'n_pairs': 1000, 'n_max_trajs': 56, 'n_min_trajs': 448, 'n_nonempty_hist': {0: 88, 1: 353, 2: 559}, 'n_both_nonempty': 559, 'n_ttest_run': 559, 'n_significant': {0.05: 64, 0.01: 12, 0.001: 0}, 'frac_significant': {0.05: 0.11449016100178891, 0.01: 0.02146690518783542, 0.001: 0.0}}, 'upright (joint_up)': {'n_pairs': 1000, 'n_max_trajs': 560, 'n_min_trajs': 280, 'n_nonempty_hist': {0: 143, 1: 101, 2: 756}, 'n_both_nonempty': 756, 'n_ttest_run': 756, 'n_significant': {0.05: 189, 0.01: 41, 0.001: 6}, 'frac_significant': {0.05: 0.25, 0.01: 0.05423280423280423, 0.001: 0.007936507936507936}}}","{'sim_only': {'laptop (computer_dist)': {'n_pairs': 1000, 'n_max_trajs': 56, 'n_min_trajs': 448, 'n_nonempty_hist': {0: 88, 1: 353, 2: 559}, 'n_both_nonempty': 559, 'n_ttest_run': 559, 'n_significant': {0.05: 64, 0.01: 12, 0.001: 0}, 'frac_significant': {0.05: 0.11449016100178891, 0.01: 0.02146690518783542, 0.001: 0.0}}, 'upright (joint_up)': {'n_pairs': 1000, 'n_max_trajs': 560, 'n_min_trajs': 280, 'n_nonempty_hist': {0: 143, 1: 101, 2: 756}, 'n_both_nonempty': 756, 'n_ttest_run': 756, 'n_significant': {0.05: 189, 0.01: 41, 0.001: 6}, 'frac_significant': {0.05: 0.25, 0.01: 0.05423280423280423, 0.001: 0.007936507936507936}}}}"
2,4,16,results/sirl_ts/sirl_ts_1786637733.pth,https://wandb.ai/m1randa-massachusetts-institute-of-technology/tversky-sirl/runs/gpivv0pz,"{'laptop (computer_dist)': {'n_pairs': 1000, 'n_max_trajs': 56, 'n_min_trajs': 448, 'n_nonempty_hist': {0: 202, 1: 45, 2: 753}, 'n_both_nonempty': 753, 'n_ttest_run': 753, 'n_significant': {0.05: 474, 0.01: 431, 0.001: 391}, 'frac_significant': {0.05: 0.6294820717131474, 0.01: 0.5723771580345286, 0.001: 0.5192563081009296}}, 'upright (joint_up)': {'n_pairs': 1000, 'n_max_trajs': 560, 'n_min_trajs': 280, 'n_nonempty_hist': {0: 294, 1: 15, 2: 691}, 'n_both_nonempty': 691, 'n_ttest_run': 691, 'n_significant': {0.05: 2, 0.01: 0, 0.001: 0}, 'frac_significant': {0.05: 0.002894356005788712, 0.01: 0.0, 0.001: 0.0}}}","{'sim_only': {'laptop (computer_dist)': {'n_pairs': 1000, 'n_max_trajs': 56, 'n_min_trajs': 448, 'n_nonempty_hist': {0: 202, 1: 45, 2: 753}, 'n_both_nonempty': 753, 'n_ttest_run': 753, 'n_significant': {0.05: 474, 0.01: 431, 0.001: 391}, 'frac_significant': {0.05: 0.6294820717131474, 0.01: 0.5723771580345286, 0.001: 0.5192563081009296}}, 'upright (joint_up)': {'n_pairs': 1000, 'n_max_trajs': 560, 'n_min_trajs': 280, 'n_nonempty_hist': {0: 294, 1: 15, 2: 691}, 'n_both_nonempty': 691, 'n_ttest_run': 691, 'n_significant': {0.05: 2, 0.01: 0, 0.001: 0}, 'frac_significant': {0.05: 0.002894356005788712, 0.01: 0.0, 0.001: 0.0}}}}"
0,4,32,results/sirl_ts/sirl_ts_1786637750.pth,https://wandb.ai/m1randa-massachusetts-institute-of-technology/tversky-sirl/runs/m5b3vxsw,"{'laptop (computer_dist)': {'n_pairs': 1000, 'n_max_trajs': 56, 'n_min_trajs': 448, 'n_nonempty_hist': {0: 102, 1: 70, 2: 828}, 'n_both_nonempty': 828, 'n_ttest_run': 828, 'n_significant': {0.05: 473, 0.01: 159, 0.001: 0}, 'frac_significant': {0.05: 0.571256038647343, 0.01: 0.19202898550724637, 0.001: 0.0}}, 'upright (joint_up)': {'n_pairs': 1000, 'n_max_trajs': 560, 'n_min_trajs': 280, 'n_nonempty_hist': {0: 70, 1: 52, 2: 878}, 'n_both_nonempty': 878, 'n_ttest_run': 878, 'n_significant': {0.05: 14, 0.01: 0, 0.001: 0}, 'frac_significant': {0.05: 0.015945330296127564, 0.01: 0.0, 0.001: 0.0}}}","{'sim_only': {'laptop (computer_dist)': {'n_pairs': 1000, 'n_max_trajs': 56, 'n_min_trajs': 448, 'n_nonempty_hist': {0: 102, 1: 70, 2: 828}, 'n_both_nonempty': 828, 'n_ttest_run': 828, 'n_significant': {0.05: 473, 0.01: 159, 0.001: 0}, 'frac_significant': {0.05: 0.571256038647343, 0.01: 0.19202898550724637, 0.001: 0.0}}, 'upright (joint_up)': {'n_pairs': 1000, 'n_max_trajs': 560, 'n_min_trajs': 280, 'n_nonempty_hist': {0: 70, 1: 52, 2: 878}, 'n_both_nonempty': 878, 'n_ttest_run': 878, 'n_significant': {0.05: 14, 0.01: 0, 0.001: 0}, 'frac_significant': {0.05: 0.015945330296127564, 0.01: 0.0, 0.001: 0.0}}}}"
1,4,32,results/sirl_ts/sirl_ts_1786637767.pth,https://wandb.ai/m1randa-massachusetts-institute-of-technology/tversky-sirl/runs/8u3r1vgg,"{'laptop (computer_dist)': {'n_pairs': 1000, 'n_max_trajs': 56, 'n_min_trajs': 448, 'n_nonempty_hist': {0: 28, 1: 233, 2: 739}, 'n_both_nonempty': 739, 'n_ttest_run': 739, 'n_significant': {0.05: 484, 0.01: 175, 0.001: 0}, 'frac_significant': {0.05: 0.6549391069012178, 0.01: 0.2368064952638701, 0.001: 0.0}}, 'upright (joint_up)': {'n_pairs': 1000, 'n_max_trajs': 560, 'n_min_trajs': 280, 'n_nonempty_hist': {0: 96, 1: 61, 2: 843}, 'n_both_nonempty': 843, 'n_ttest_run': 843, 'n_significant': {0.05: 567, 0.01: 539, 0.001: 112}, 'frac_significant': {0.05: 0.6725978647686833, 0.01: 0.6393831553973903, 0.001: 0.132858837485172}}}","{'sim_only': {'laptop (computer_dist)': {'n_pairs': 1000, 'n_max_trajs': 56, 'n_min_trajs': 448, 'n_nonempty_hist': {0: 28, 1: 233, 2: 739}, 'n_both_nonempty': 739, 'n_ttest_run': 739, 'n_significant': {0.05: 484, 0.01: 175, 0.001: 0}, 'frac_significant': {0.05: 0.6549391069012178, 0.01: 0.2368064952638701, 0.001: 0.0}}, 'upright (joint_up)': {'n_pairs': 1000, 'n_max_trajs': 560, 'n_min_trajs': 280, 'n_nonempty_hist': {0: 96, 1: 61, 2: 843}, 'n_both_nonempty': 843, 'n_ttest_run': 843, 'n_significant': {0.05: 567, 0.01: 539, 0.001: 112}, 'frac_significant': {0.05: 0.6725978647686833, 0.01: 0.6393831553973903, 0.001: 0.132858837485172}}}}"
2,4,32,results/sirl_ts/sirl_ts_1786637783.pth,https://wandb.ai/m1randa-massachusetts-institute-of-technology/tversky-sirl/runs/07b78mxl,"{'laptop (computer_dist)': {'n_pairs': 1000, 'n_max_trajs': 56, 'n_min_trajs': 448, 'n_nonempty_hist': {0: 71, 1: 7, 2: 922}, 'n_both_nonempty': 922, 'n_ttest_run': 922, 'n_significant': {0.05: 307, 0.01: 297, 0.001: 297}, 'frac_significant': {0.05: 0.3329718004338395, 0.01: 0.32212581344902386, 0.001: 0.32212581344902386}}, 'upright (joint_up)': {'n_pairs': 1000, 'n_max_trajs': 560, 'n_min_trajs': 280, 'n_nonempty_hist': {0: 108, 1: 15, 2: 877}, 'n_both_nonempty': 877, 'n_ttest_run': 877, 'n_significant': {0.05: 260, 0.01: 58, 0.001: 0}, 'frac_significant': {0.05: 0.29646522234891676, 0.01: 0.0661345496009122, 0.001: 0.0}}}","{'sim_only': {'laptop (computer_dist)': {'n_pairs': 1000, 'n_max_trajs': 56, 'n_min_trajs': 448, 'n_nonempty_hist': {0: 71, 1: 7, 2: 922}, 'n_both_nonempty': 922, 'n_ttest_run': 922, 'n_significant': {0.05: 307, 0.01: 297, 0.001: 297}, 'frac_significant': {0.05: 0.3329718004338395, 0.01: 0.32212581344902386, 0.001: 0.32212581344902386}}, 'upright (joint_up)': {'n_pairs': 1000, 'n_max_trajs': 560, 'n_min_trajs': 280, 'n_nonempty_hist': {0: 108, 1: 15, 2: 877}, 'n_both_nonempty': 877, 'n_ttest_run': 877, 'n_significant': {0.05: 260, 0.01: 58, 0.001: 0}, 'frac_significant': {0.05: 0.29646522234891676, 0.01: 0.0661345496009122, 0.001: 0.0}}}}"
0,4,64,results/sirl_ts/sirl_ts_1786637800.pth,https://wandb.ai/m1randa-massachusetts-institute-of-technology/tversky-sirl/runs/chm7pj66,"{'laptop (computer_dist)': {'n_pairs': 1000, 'n_max_trajs': 56, 'n_min_trajs': 448, 'n_nonempty_hist': {0: 107, 1: 70, 2: 823}, 'n_both_nonempty': 823, 'n_ttest_run': 823, 'n_significant': {0.05: 121, 0.01: 23, 0.001: 8}, 'frac_significant': {0.05: 0.14702308626974483, 0.01: 0.027946537059538274, 0.001: 0.009720534629404616}}, 'upright (joint_up)': {'n_pairs': 1000, 'n_max_trajs': 560, 'n_min_trajs': 280, 'n_nonempty_hist': {0: 112, 1: 45, 2: 843}, 'n_both_nonempty': 843, 'n_ttest_run': 831, 'n_significant': {0.05: 441, 0.01: 404, 0.001: 29}, 'frac_significant': {0.05: 0.5306859205776173, 0.01: 0.4861612515042118, 0.001: 0.03489771359807461}}}","{'sim_only': {'laptop (computer_dist)': {'n_pairs': 1000, 'n_max_trajs': 56, 'n_min_trajs': 448, 'n_nonempty_hist': {0: 107, 1: 70, 2: 823}, 'n_both_nonempty': 823, 'n_ttest_run': 823, 'n_significant': {0.05: 121, 0.01: 23, 0.001: 8}, 'frac_significant': {0.05: 0.14702308626974483, 0.01: 0.027946537059538274, 0.001: 0.009720534629404616}}, 'upright (joint_up)': {'n_pairs': 1000, 'n_max_trajs': 560, 'n_min_trajs': 280, 'n_nonempty_hist': {0: 112, 1: 45, 2: 843}, 'n_both_nonempty': 843, 'n_ttest_run': 831, 'n_significant': {0.05: 441, 0.01: 404, 0.001: 29}, 'frac_significant': {0.05: 0.5306859205776173, 0.01: 0.4861612515042118, 0.001: 0.03489771359807461}}}}"
1,4,64,results/sirl_ts/sirl_ts_1786637816.pth,https://wandb.ai/m1randa-massachusetts-institute-of-technology/tversky-sirl/runs/3ukkw236,"{'laptop (computer_dist)': {'n_pairs': 1000, 'n_max_trajs': 56, 'n_min_trajs': 448, 'n_nonempty_hist': {0: 79, 1: 185, 2: 736}, 'n_both_nonempty': 736, 'n_ttest_run': 736, 'n_significant': {0.05: 42, 0.01: 10, 0.001: 0}, 'frac_significant': {0.05: 0.057065217391304345, 0.01: 0.01358695652173913, 0.001: 0.0}}, 'upright (joint_up)': {'n_pairs': 1000, 'n_max_trajs': 560, 'n_min_trajs': 280, 'n_nonempty_hist': {0: 19, 1: 47, 2: 934}, 'n_both_nonempty': 934, 'n_ttest_run': 934, 'n_significant': {0.05: 153, 0.01: 28, 0.001: 15}, 'frac_significant': {0.05: 0.16381156316916487, 0.01: 0.029978586723768737, 0.001: 0.016059957173447537}}}","{'sim_only': {'laptop (computer_dist)': {'n_pairs': 1000, 'n_max_trajs': 56, 'n_min_trajs': 448, 'n_nonempty_hist': {0: 79, 1: 185, 2: 736}, 'n_both_nonempty': 736, 'n_ttest_run': 736, 'n_significant': {0.05: 42, 0.01: 10, 0.001: 0}, 'frac_significant': {0.05: 0.057065217391304345, 0.01: 0.01358695652173913, 0.001: 0.0}}, 'upright (joint_up)': {'n_pairs': 1000, 'n_max_trajs': 560, 'n_min_trajs': 280, 'n_nonempty_hist': {0: 19, 1: 47, 2: 934}, 'n_both_nonempty': 934, 'n_ttest_run': 934, 'n_significant': {0.05: 153, 0.01: 28, 0.001: 15}, 'frac_significant': {0.05: 0.16381156316916487, 0.01: 0.029978586723768737, 0.001: 0.016059957173447537}}}}"
2,4,64,results/sirl_ts/sirl_ts_1786637834.pth,https://wandb.ai/m1randa-massachusetts-institute-of-technology/tversky-sirl/runs/y4lbccrg,"{'laptop (computer_dist)': {'n_pairs': 1000, 'n_max_trajs': 56, 'n_min_trajs': 448, 'n_nonempty_hist': {0: 31, 1: 256, 2: 713}, 'n_both_nonempty': 713, 'n_ttest_run': 696, 'n_significant': {0.05: 187, 0.01: 118, 0.001: 37}, 'frac_significant': {0.05: 0.2686781609195402, 0.01: 0.16954022988505746, 0.001: 0.05316091954022988}}, 'upright (joint_up)': {'n_pairs': 1000, 'n_max_trajs': 560, 'n_min_trajs': 280, 'n_nonempty_hist': {0: 64, 1: 65, 2: 871}, 'n_both_nonempty': 871, 'n_ttest_run': 871, 'n_significant': {0.05: 140, 0.01: 27, 0.001: 0}, 'frac_significant': {0.05: 0.16073478760045926, 0.01: 0.030998851894374284, 0.001: 0.0}}}","{'sim_only': {'laptop (computer_dist)': {'n_pairs': 1000, 'n_max_trajs': 56, 'n_min_trajs': 448, 'n_nonempty_hist': {0: 31, 1: 256, 2: 713}, 'n_both_nonempty': 713, 'n_ttest_run': 696, 'n_significant': {0.05: 187, 0.01: 118, 0.001: 37}, 'frac_significant': {0.05: 0.2686781609195402, 0.01: 0.16954022988505746, 0.001: 0.05316091954022988}}, 'upright (joint_up)': {'n_pairs': 1000, 'n_max_trajs': 560, 'n_min_trajs': 280, 'n_nonempty_hist': {0: 64, 1: 65, 2: 871}, 'n_both_nonempty': 871, 'n_ttest_run': 871, 'n_significant': {0.05: 140, 0.01: 27, 0.001: 0}, 'frac_significant': {0.05: 0.16073478760045926, 0.01: 0.030998851894374284, 0.001: 0.0}}}}"
0,4,128,results/sirl_ts/sirl_ts_1786637852.pth,https://wandb.ai/m1randa-massachusetts-institute-of-technology/tversky-sirl/runs/5j3g7syy,"{'laptop (computer_dist)': {'n_pairs': 1000, 'n_max_trajs': 56, 'n_min_trajs': 448, 'n_nonempty_hist': {0: 115, 1: 0, 2: 885}, 'n_both_nonempty': 885, 'n_ttest_run': 884, 'n_significant': {0.05: 709, 0.01: 343, 0.001: 338}, 'frac_significant': {0.05: 0.8020361990950227, 0.01: 0.38800904977375567, 0.001: 0.38235294117647056}}, 'upright (joint_up)': {'n_pairs': 1000, 'n_max_trajs': 560, 'n_min_trajs': 280, 'n_nonempty_hist': {0: 178, 1: 0, 2: 822}, 'n_both_nonempty': 822, 'n_ttest_run': 822, 'n_significant': {0.05: 64, 0.01: 9, 0.001: 0}, 'frac_significant': {0.05: 0.07785888077858881, 0.01: 0.010948905109489052, 0.001: 0.0}}}","{'sim_only': {'laptop (computer_dist)': {'n_pairs': 1000, 'n_max_trajs': 56, 'n_min_trajs': 448, 'n_nonempty_hist': {0: 115, 1: 0, 2: 885}, 'n_both_nonempty': 885, 'n_ttest_run': 884, 'n_significant': {0.05: 709, 0.01: 343, 0.001: 338}, 'frac_significant': {0.05: 0.8020361990950227, 0.01: 0.38800904977375567, 0.001: 0.38235294117647056}}, 'upright (joint_up)': {'n_pairs': 1000, 'n_max_trajs': 560, 'n_min_trajs': 280, 'n_nonempty_hist': {0: 178, 1: 0, 2: 822}, 'n_both_nonempty': 822, 'n_ttest_run': 822, 'n_significant': {0.05: 64, 0.01: 9, 0.001: 0}, 'frac_significant': {0.05: 0.07785888077858881, 0.01: 0.010948905109489052, 0.001: 0.0}}}}"
1,4,128,results/sirl_ts/sirl_ts_1786637870.pth,https://wandb.ai/m1randa-massachusetts-institute-of-technology/tversky-sirl/runs/ry112r21,"{'laptop (computer_dist)': {'n_pairs': 1000, 'n_max_trajs': 56, 'n_min_trajs': 448, 'n_nonempty_hist': {0: 130, 1: 121, 2: 749}, 'n_both_nonempty': 749, 'n_ttest_run': 749, 'n_significant': {0.05: 351, 0.01: 338, 0.001: 292}, 'frac_significant': {0.05: 0.46862483311081443, 0.01: 0.4512683578104139, 0.001: 0.38985313751668893}}, 'upright (joint_up)': {'n_pairs': 1000, 'n_max_trajs': 560, 'n_min_trajs': 280, 'n_nonempty_hist': {0: 208, 1: 37, 2: 755}, 'n_both_nonempty': 755, 'n_ttest_run': 750, 'n_significant': {0.05: 95, 0.01: 93, 0.001: 90}, 'frac_significant': {0.05: 0.12666666666666668, 0.01: 0.124, 0.001: 0.12}}}","{'sim_only': {'laptop (computer_dist)': {'n_pairs': 1000, 'n_max_trajs': 56, 'n_min_trajs': 448, 'n_nonempty_hist': {0: 130, 1: 121, 2: 749}, 'n_both_nonempty': 749, 'n_ttest_run': 749, 'n_significant': {0.05: 351, 0.01: 338, 0.001: 292}, 'frac_significant': {0.05: 0.46862483311081443, 0.01: 0.4512683578104139, 0.001: 0.38985313751668893}}, 'upright (joint_up)': {'n_pairs': 1000, 'n_max_trajs': 560, 'n_min_trajs': 280, 'n_nonempty_hist': {0: 208, 1: 37, 2: 755}, 'n_both_nonempty': 755, 'n_ttest_run': 750, 'n_significant': {0.05: 95, 0.01: 93, 0.001: 90}, 'frac_significant': {0.05: 0.12666666666666668, 0.01: 0.124, 0.001: 0.12}}}}"
2,4,128,results/sirl_ts/sirl_ts_1786637888.pth,https://wandb.ai/m1randa-massachusetts-institute-of-technology/tversky-sirl/runs/2ys18oc4,"{'laptop (computer_dist)': {'n_pairs': 1000, 'n_max_trajs': 56, 'n_min_trajs': 448, 'n_nonempty_hist': {0: 71, 1: 78, 2: 851}, 'n_both_nonempty': 851, 'n_ttest_run': 851, 'n_significant': {0.05: 408, 0.01: 372, 0.001: 186}, 'frac_significant': {0.05: 0.4794359576968273, 0.01: 0.4371327849588719, 0.001: 0.21856639247943596}}, 'upright (joint_up)': {'n_pairs': 1000, 'n_max_trajs': 560, 'n_min_trajs': 280, 'n_nonempty_hist': {0: 69, 1: 103, 2: 828}, 'n_both_nonempty': 828, 'n_ttest_run': 828, 'n_significant': {0.05: 281, 0.01: 23, 0.001: 5}, 'frac_significant': {0.05: 0.3393719806763285, 0.01: 0.027777777777777776, 0.001: 0.006038647342995169}}}","{'sim_only': {'laptop (computer_dist)': {'n_pairs': 1000, 'n_max_trajs': 56, 'n_min_trajs': 448, 'n_nonempty_hist': {0: 71, 1: 78, 2: 851}, 'n_both_nonempty': 851, 'n_ttest_run': 851, 'n_significant': {0.05: 408, 0.01: 372, 0.001: 186}, 'frac_significant': {0.05: 0.4794359576968273, 0.01: 0.4371327849588719, 0.001: 0.21856639247943596}}, 'upright (joint_up)': {'n_pairs': 1000, 'n_max_trajs': 560, 'n_min_trajs': 280, 'n_nonempty_hist': {0: 69, 1: 103, 2: 828}, 'n_both_nonempty': 828, 'n_ttest_run': 828, 'n_significant': {0.05: 281, 0.01: 23, 0.001: 5}, 'frac_significant': {0.05: 0.3393719806763285, 0.01: 0.027777777777777776, 0.001: 0.006038647342995169}}}}"
0,4,256,results/sirl_ts/sirl_ts_1786637908.pth,https://wandb.ai/m1randa-massachusetts-institute-of-technology/tversky-sirl/runs/glabopu0,"{'laptop (computer_dist)': {'n_pairs': 1000, 'n_max_trajs': 56, 'n_min_trajs': 448, 'n_nonempty_hist': {0: 261, 1: 124, 2: 615}, 'n_both_nonempty': 615, 'n_ttest_run': 607, 'n_significant': {0.05: 400, 0.01: 400, 0.001: 325}, 'frac_significant': {0.05: 0.6589785831960461, 0.01: 0.6589785831960461, 0.001: 0.5354200988467874}}, 'upright (joint_up)': {'n_pairs': 1000, 'n_max_trajs': 560, 'n_min_trajs': 280, 'n_nonempty_hist': {0: 373, 1: 53, 2: 574}, 'n_both_nonempty': 574, 'n_ttest_run': 574, 'n_significant': {0.05: 49, 0.01: 19, 0.001: 2}, 'frac_significant': {0.05: 0.08536585365853659, 0.01: 0.033101045296167246, 0.001: 0.003484320557491289}}}","{'sim_only': {'laptop (computer_dist)': {'n_pairs': 1000, 'n_max_trajs': 56, 'n_min_trajs': 448, 'n_nonempty_hist': {0: 261, 1: 124, 2: 615}, 'n_both_nonempty': 615, 'n_ttest_run': 607, 'n_significant': {0.05: 400, 0.01: 400, 0.001: 325}, 'frac_significant': {0.05: 0.6589785831960461, 0.01: 0.6589785831960461, 0.001: 0.5354200988467874}}, 'upright (joint_up)': {'n_pairs': 1000, 'n_max_trajs': 560, 'n_min_trajs': 280, 'n_nonempty_hist': {0: 373, 1: 53, 2: 574}, 'n_both_nonempty': 574, 'n_ttest_run': 574, 'n_significant': {0.05: 49, 0.01: 19, 0.001: 2}, 'frac_significant': {0.05: 0.08536585365853659, 0.01: 0.033101045296167246, 0.001: 0.003484320557491289}}}}"
1,4,256,results/sirl_ts/sirl_ts_1786637926.pth,https://wandb.ai/m1randa-massachusetts-institute-of-technology/tversky-sirl/runs/zf88huk8,"{'laptop (computer_dist)': {'n_pairs': 1000, 'n_max_trajs': 56, 'n_min_trajs': 448, 'n_nonempty_hist': {0: 18, 1: 0, 2: 982}, 'n_both_nonempty': 982, 'n_ttest_run': 982, 'n_significant': {0.05: 401, 0.01: 329, 0.001: 195}, 'frac_significant': {0.05: 0.40835030549898166, 0.01: 0.335030549898167, 0.001: 0.1985743380855397}}, 'upright (joint_up)': {'n_pairs': 1000, 'n_max_trajs': 560, 'n_min_trajs': 280, 'n_nonempty_hist': {0: 27, 1: 0, 2: 973}, 'n_both_nonempty': 973, 'n_ttest_run': 973, 'n_significant': {0.05: 48, 0.01: 7, 0.001: 5}, 'frac_significant': {0.05: 0.04933196300102775, 0.01: 0.007194244604316547, 0.001: 0.0051387461459403904}}}","{'sim_only': {'laptop (computer_dist)': {'n_pairs': 1000, 'n_max_trajs': 56, 'n_min_trajs': 448, 'n_nonempty_hist': {0: 18, 1: 0, 2: 982}, 'n_both_nonempty': 982, 'n_ttest_run': 982, 'n_significant': {0.05: 401, 0.01: 329, 0.001: 195}, 'frac_significant': {0.05: 0.40835030549898166, 0.01: 0.335030549898167, 0.001: 0.1985743380855397}}, 'upright (joint_up)': {'n_pairs': 1000, 'n_max_trajs': 560, 'n_min_trajs': 280, 'n_nonempty_hist': {0: 27, 1: 0, 2: 973}, 'n_both_nonempty': 973, 'n_ttest_run': 973, 'n_significant': {0.05: 48, 0.01: 7, 0.001: 5}, 'frac_significant': {0.05: 0.04933196300102775, 0.01: 0.007194244604316547, 0.001: 0.0051387461459403904}}}}"
2,4,256,results/sirl_ts/sirl_ts_1786637944.pth,https://wandb.ai/m1randa-massachusetts-institute-of-technology/tversky-sirl/runs/iwhhht9q,"{'laptop (computer_dist)': {'n_pairs': 1000, 'n_max_trajs': 56, 'n_min_trajs': 448, 'n_nonempty_hist': {0: 108, 1: 0, 2: 892}, 'n_both_nonempty': 892, 'n_ttest_run': 892, 'n_significant': {0.05: 281, 0.01: 255, 0.001: 83}, 'frac_significant': {0.05: 0.3150224215246637, 0.01: 0.2858744394618834, 0.001: 0.0930493273542601}}, 'upright (joint_up)': {'n_pairs': 1000, 'n_max_trajs': 560, 'n_min_trajs': 280, 'n_nonempty_hist': {0: 99, 1: 0, 2: 901}, 'n_both_nonempty': 901, 'n_ttest_run': 876, 'n_significant': {0.05: 110, 0.01: 91, 0.001: 89}, 'frac_significant': {0.05: 0.12557077625570776, 0.01: 0.10388127853881278, 0.001: 0.10159817351598173}}}","{'sim_only': {'laptop (computer_dist)': {'n_pairs': 1000, 'n_max_trajs': 56, 'n_min_trajs': 448, 'n_nonempty_hist': {0: 108, 1: 0, 2: 892}, 'n_both_nonempty': 892, 'n_ttest_run': 892, 'n_significant': {0.05: 281, 0.01: 255, 0.001: 83}, 'frac_significant': {0.05: 0.3150224215246637, 0.01: 0.2858744394618834, 0.001: 0.0930493273542601}}, 'upright (joint_up)': {'n_pairs': 1000, 'n_max_trajs': 560, 'n_min_trajs': 280, 'n_nonempty_hist': {0: 99, 1: 0, 2: 901}, 'n_both_nonempty': 901, 'n_ttest_run': 876, 'n_significant': {0.05: 110, 0.01: 91, 0.001: 89}, 'frac_significant': {0.05: 0.12557077625570776, 0.01: 0.10388127853881278, 0.001: 0.10159817351598173}}}}"
0,6,2,results/sirl_ts/sirl_ts_1786637962.pth,https://wandb.ai/m1randa-massachusetts-institute-of-technology/tversky-sirl/runs/xffyhggz,"{'laptop (computer_dist)': {'n_pairs': 1000, 'n_max_trajs': 56, 'n_min_trajs': 448, 'n_nonempty_hist': {0: 107, 1: 519, 2: 374}, 'n_both_nonempty': 374, 'n_ttest_run': 374, 'n_significant': {0.05: 0, 0.01: 0, 0.001: 0}, 'frac_significant': {0.05: 0.0, 0.01: 0.0, 0.001: 0.0}}, 'upright (joint_up)': {'n_pairs': 1000, 'n_max_trajs': 560, 'n_min_trajs': 280, 'n_nonempty_hist': {0: 307, 1: 501, 2: 192}, 'n_both_nonempty': 192, 'n_ttest_run': 192, 'n_significant': {0.05: 0, 0.01: 0, 0.001: 0}, 'frac_significant': {0.05: 0.0, 0.01: 0.0, 0.001: 0.0}}}","{'sim_only': {'laptop (computer_dist)': {'n_pairs': 1000, 'n_max_trajs': 56, 'n_min_trajs': 448, 'n_nonempty_hist': {0: 107, 1: 519, 2: 374}, 'n_both_nonempty': 374, 'n_ttest_run': 374, 'n_significant': {0.05: 0, 0.01: 0, 0.001: 0}, 'frac_significant': {0.05: 0.0, 0.01: 0.0, 0.001: 0.0}}, 'upright (joint_up)': {'n_pairs': 1000, 'n_max_trajs': 560, 'n_min_trajs': 280, 'n_nonempty_hist': {0: 307, 1: 501, 2: 192}, 'n_both_nonempty': 192, 'n_ttest_run': 192, 'n_significant': {0.05: 0, 0.01: 0, 0.001: 0}, 'frac_significant': {0.05: 0.0, 0.01: 0.0, 0.001: 0.0}}}}"
1,6,2,results/sirl_ts/sirl_ts_1786637977.pth,https://wandb.ai/m1randa-massachusetts-institute-of-technology/tversky-sirl/runs/pdbu29gg,"{'laptop (computer_dist)': {'n_pairs': 1000, 'n_max_trajs': 56, 'n_min_trajs': 448, 'n_nonempty_hist': {0: 368, 1: 609, 2: 23}, 'n_both_nonempty': 23, 'n_ttest_run': 23, 'n_significant': {0.05: 0, 0.01: 0, 0.001: 0}, 'frac_significant': {0.05: 0.0, 0.01: 0.0, 0.001: 0.0}}, 'upright (joint_up)': {'n_pairs': 1000, 'n_max_trajs': 560, 'n_min_trajs': 280, 'n_nonempty_hist': {0: 392, 1: 601, 2: 7}, 'n_both_nonempty': 7, 'n_ttest_run': 0, 'n_significant': {0.05: 0, 0.01: 0, 0.001: 0}, 'frac_significant': {0.05: 0.0, 0.01: 0.0, 0.001: 0.0}}}","{'sim_only': {'laptop (computer_dist)': {'n_pairs': 1000, 'n_max_trajs': 56, 'n_min_trajs': 448, 'n_nonempty_hist': {0: 368, 1: 609, 2: 23}, 'n_both_nonempty': 23, 'n_ttest_run': 23, 'n_significant': {0.05: 0, 0.01: 0, 0.001: 0}, 'frac_significant': {0.05: 0.0, 0.01: 0.0, 0.001: 0.0}}, 'upright (joint_up)': {'n_pairs': 1000, 'n_max_trajs': 560, 'n_min_trajs': 280, 'n_nonempty_hist': {0: 392, 1: 601, 2: 7}, 'n_both_nonempty': 7, 'n_ttest_run': 0, 'n_significant': {0.05: 0, 0.01: 0, 0.001: 0}, 'frac_significant': {0.05: 0.0, 0.01: 0.0, 0.001: 0.0}}}}"
2,6,2,results/sirl_ts/sirl_ts_1786637993.pth,https://wandb.ai/m1randa-massachusetts-institute-of-technology/tversky-sirl/runs/dm0j9tcq,"{'laptop (computer_dist)': {'n_pairs': 1000, 'n_max_trajs': 56, 'n_min_trajs': 448, 'n_nonempty_hist': {0: 320, 1: 665, 2: 15}, 'n_both_nonempty': 15, 'n_ttest_run': 0, 'n_significant': {0.05: 0, 0.01: 0, 0.001: 0}, 'frac_significant': {0.05: 0.0, 0.01: 0.0, 0.001: 0.0}}, 'upright (joint_up)': {'n_pairs': 1000, 'n_max_trajs': 560, 'n_min_trajs': 280, 'n_nonempty_hist': {0: 309, 1: 645, 2: 46}, 'n_both_nonempty': 46, 'n_ttest_run': 46, 'n_significant': {0.05: 0, 0.01: 0, 0.001: 0}, 'frac_significant': {0.05: 0.0, 0.01: 0.0, 0.001: 0.0}}}","{'sim_only': {'laptop (computer_dist)': {'n_pairs': 1000, 'n_max_trajs': 56, 'n_min_trajs': 448, 'n_nonempty_hist': {0: 320, 1: 665, 2: 15}, 'n_both_nonempty': 15, 'n_ttest_run': 0, 'n_significant': {0.05: 0, 0.01: 0, 0.001: 0}, 'frac_significant': {0.05: 0.0, 0.01: 0.0, 0.001: 0.0}}, 'upright (joint_up)': {'n_pairs': 1000, 'n_max_trajs': 560, 'n_min_trajs': 280, 'n_nonempty_hist': {0: 309, 1: 645, 2: 46}, 'n_both_nonempty': 46, 'n_ttest_run': 46, 'n_significant': {0.05: 0, 0.01: 0, 0.001: 0}, 'frac_significant': {0.05: 0.0, 0.01: 0.0, 0.001: 0.0}}}}"
0,6,4,results/sirl_ts/sirl_ts_1786638007.pth,https://wandb.ai/m1randa-massachusetts-institute-of-technology/tversky-sirl/runs/3igmbgug,"{'laptop (computer_dist)': {'n_pairs': 1000, 'n_max_trajs': 56, 'n_min_trajs': 448, 'n_nonempty_hist': {0: 132, 1: 474, 2: 394}, 'n_both_nonempty': 394, 'n_ttest_run': 394, 'n_significant': {0.05: 338, 0.01: 305, 0.001: 5}, 'frac_significant': {0.05: 0.8578680203045685, 0.01: 0.7741116751269036, 0.001: 0.012690355329949238}}, 'upright (joint_up)': {'n_pairs': 1000, 'n_max_trajs': 560, 'n_min_trajs': 280, 'n_nonempty_hist': {0: 234, 1: 272, 2: 494}, 'n_both_nonempty': 494, 'n_ttest_run': 494, 'n_significant': {0.05: 450, 0.01: 397, 0.001: 215}, 'frac_significant': {0.05: 0.9109311740890689, 0.01: 0.8036437246963563, 0.001: 0.4352226720647773}}}","{'sim_only': {'laptop (computer_dist)': {'n_pairs': 1000, 'n_max_trajs': 56, 'n_min_trajs': 448, 'n_nonempty_hist': {0: 132, 1: 474, 2: 394}, 'n_both_nonempty': 394, 'n_ttest_run': 394, 'n_significant': {0.05: 338, 0.01: 305, 0.001: 5}, 'frac_significant': {0.05: 0.8578680203045685, 0.01: 0.7741116751269036, 0.001: 0.012690355329949238}}, 'upright (joint_up)': {'n_pairs': 1000, 'n_max_trajs': 560, 'n_min_trajs': 280, 'n_nonempty_hist': {0: 234, 1: 272, 2: 494}, 'n_both_nonempty': 494, 'n_ttest_run': 494, 'n_significant': {0.05: 450, 0.01: 397, 0.001: 215}, 'frac_significant': {0.05: 0.9109311740890689, 0.01: 0.8036437246963563, 0.001: 0.4352226720647773}}}}"
1,6,4,results/sirl_ts/sirl_ts_1786638024.pth,https://wandb.ai/m1randa-massachusetts-institute-of-technology/tversky-sirl/runs/bscqxyu9,"{'laptop (computer_dist)': {'n_pairs': 1000, 'n_max_trajs': 56, 'n_min_trajs': 448, 'n_nonempty_hist': {0: 92, 1: 317, 2: 591}, 'n_both_nonempty': 591, 'n_ttest_run': 591, 'n_significant': {0.05: 521, 0.01: 161, 0.001: 0}, 'frac_significant': {0.05: 0.8815566835871405, 0.01: 0.272419627749577, 0.001: 0.0}}, 'upright (joint_up)': {'n_pairs': 1000, 'n_max_trajs': 560, 'n_min_trajs': 280, 'n_nonempty_hist': {0: 189, 1: 324, 2: 487}, 'n_both_nonempty': 487, 'n_ttest_run': 487, 'n_significant': {0.05: 401, 0.01: 401, 0.001: 400}, 'frac_significant': {0.05: 0.8234086242299795, 0.01: 0.8234086242299795, 0.001: 0.8213552361396304}}}","{'sim_only': {'laptop (computer_dist)': {'n_pairs': 1000, 'n_max_trajs': 56, 'n_min_trajs': 448, 'n_nonempty_hist': {0: 92, 1: 317, 2: 591}, 'n_both_nonempty': 591, 'n_ttest_run': 591, 'n_significant': {0.05: 521, 0.01: 161, 0.001: 0}, 'frac_significant': {0.05: 0.8815566835871405, 0.01: 0.272419627749577, 0.001: 0.0}}, 'upright (joint_up)': {'n_pairs': 1000, 'n_max_trajs': 560, 'n_min_trajs': 280, 'n_nonempty_hist': {0: 189, 1: 324, 2: 487}, 'n_both_nonempty': 487, 'n_ttest_run': 487, 'n_significant': {0.05: 401, 0.01: 401, 0.001: 400}, 'frac_significant': {0.05: 0.8234086242299795, 0.01: 0.8234086242299795, 0.001: 0.8213552361396304}}}}"
2,6,4,results/sirl_ts/sirl_ts_1786638040.pth,https://wandb.ai/m1randa-massachusetts-institute-of-technology/tversky-sirl/runs/goahnui8,"{'laptop (computer_dist)': {'n_pairs': 1000, 'n_max_trajs': 56, 'n_min_trajs': 448, 'n_nonempty_hist': {0: 299, 1: 665, 2: 36}, 'n_both_nonempty': 36, 'n_ttest_run': 0, 'n_significant': {0.05: 0, 0.01: 0, 0.001: 0}, 'frac_significant': {0.05: 0.0, 0.01: 0.0, 0.001: 0.0}}, 'upright (joint_up)': {'n_pairs': 1000, 'n_max_trajs': 560, 'n_min_trajs': 280, 'n_nonempty_hist': {0: 309, 1: 674, 2: 17}, 'n_both_nonempty': 17, 'n_ttest_run': 17, 'n_significant': {0.05: 0, 0.01: 0, 0.001: 0}, 'frac_significant': {0.05: 0.0, 0.01: 0.0, 0.001: 0.0}}}","{'sim_only': {'laptop (computer_dist)': {'n_pairs': 1000, 'n_max_trajs': 56, 'n_min_trajs': 448, 'n_nonempty_hist': {0: 299, 1: 665, 2: 36}, 'n_both_nonempty': 36, 'n_ttest_run': 0, 'n_significant': {0.05: 0, 0.01: 0, 0.001: 0}, 'frac_significant': {0.05: 0.0, 0.01: 0.0, 0.001: 0.0}}, 'upright (joint_up)': {'n_pairs': 1000, 'n_max_trajs': 560, 'n_min_trajs': 280, 'n_nonempty_hist': {0: 309, 1: 674, 2: 17}, 'n_both_nonempty': 17, 'n_ttest_run': 17, 'n_significant': {0.05: 0, 0.01: 0, 0.001: 0}, 'frac_significant': {0.05: 0.0, 0.01: 0.0, 0.001: 0.0}}}}"
0,6,8,results/sirl_ts/sirl_ts_1786638054.pth,https://wandb.ai/m1randa-massachusetts-institute-of-technology/tversky-sirl/runs/mpa3r4xt,"{'laptop (computer_dist)': {'n_pairs': 1000, 'n_max_trajs': 56, 'n_min_trajs': 448, 'n_nonempty_hist': {0: 90, 1: 195, 2: 715}, 'n_both_nonempty': 715, 'n_ttest_run': 715, 'n_significant': {0.05: 440, 0.01: 72, 0.001: 10}, 'frac_significant': {0.05: 0.6153846153846154, 0.01: 0.1006993006993007, 0.001: 0.013986013986013986}}, 'upright (joint_up)': {'n_pairs': 1000, 'n_max_trajs': 560, 'n_min_trajs': 280, 'n_nonempty_hist': {0: 164, 1: 52, 2: 784}, 'n_both_nonempty': 784, 'n_ttest_run': 784, 'n_significant': {0.05: 290, 0.01: 77, 0.001: 1}, 'frac_significant': {0.05: 0.36989795918367346, 0.01: 0.09821428571428571, 0.001: 0.0012755102040816326}}}","{'sim_only': {'laptop (computer_dist)': {'n_pairs': 1000, 'n_max_trajs': 56, 'n_min_trajs': 448, 'n_nonempty_hist': {0: 90, 1: 195, 2: 715}, 'n_both_nonempty': 715, 'n_ttest_run': 715, 'n_significant': {0.05: 440, 0.01: 72, 0.001: 10}, 'frac_significant': {0.05: 0.6153846153846154, 0.01: 0.1006993006993007, 0.001: 0.013986013986013986}}, 'upright (joint_up)': {'n_pairs': 1000, 'n_max_trajs': 560, 'n_min_trajs': 280, 'n_nonempty_hist': {0: 164, 1: 52, 2: 784}, 'n_both_nonempty': 784, 'n_ttest_run': 784, 'n_significant': {0.05: 290, 0.01: 77, 0.001: 1}, 'frac_significant': {0.05: 0.36989795918367346, 0.01: 0.09821428571428571, 0.001: 0.0012755102040816326}}}}"
1,6,8,results/sirl_ts/sirl_ts_1786638070.pth,https://wandb.ai/m1randa-massachusetts-institute-of-technology/tversky-sirl/runs/8zag5rfr,"{'laptop (computer_dist)': {'n_pairs': 1000, 'n_max_trajs': 56, 'n_min_trajs': 448, 'n_nonempty_hist': {0: 36, 1: 220, 2: 744}, 'n_both_nonempty': 744, 'n_ttest_run': 744, 'n_significant': {0.05: 535, 0.01: 535, 0.001: 363}, 'frac_significant': {0.05: 0.7190860215053764, 0.01: 0.7190860215053764, 0.001: 0.4879032258064516}}, 'upright (joint_up)': {'n_pairs': 1000, 'n_max_trajs': 560, 'n_min_trajs': 280, 'n_nonempty_hist': {0: 63, 1: 189, 2: 748}, 'n_both_nonempty': 748, 'n_ttest_run': 748, 'n_significant': {0.05: 58, 0.01: 36, 0.001: 2}, 'frac_significant': {0.05: 0.07754010695187166, 0.01: 0.0481283422459893, 0.001: 0.00267379679144385}}}","{'sim_only': {'laptop (computer_dist)': {'n_pairs': 1000, 'n_max_trajs': 56, 'n_min_trajs': 448, 'n_nonempty_hist': {0: 36, 1: 220, 2: 744}, 'n_both_nonempty': 744, 'n_ttest_run': 744, 'n_significant': {0.05: 535, 0.01: 535, 0.001: 363}, 'frac_significant': {0.05: 0.7190860215053764, 0.01: 0.7190860215053764, 0.001: 0.4879032258064516}}, 'upright (joint_up)': {'n_pairs': 1000, 'n_max_trajs': 560, 'n_min_trajs': 280, 'n_nonempty_hist': {0: 63, 1: 189, 2: 748}, 'n_both_nonempty': 748, 'n_ttest_run': 748, 'n_significant': {0.05: 58, 0.01: 36, 0.001: 2}, 'frac_significant': {0.05: 0.07754010695187166, 0.01: 0.0481283422459893, 0.001: 0.00267379679144385}}}}"
2,6,8,results/sirl_ts/sirl_ts_1786638086.pth,https://wandb.ai/m1randa-massachusetts-institute-of-technology/tversky-sirl/runs/ug5r1gud,"{'laptop (computer_dist)': {'n_pairs': 1000, 'n_max_trajs': 56, 'n_min_trajs': 448, 'n_nonempty_hist': {0: 79, 1: 262, 2: 659}, 'n_both_nonempty': 659, 'n_ttest_run': 659, 'n_significant': {0.05: 13, 0.01: 3, 0.001: 0}, 'frac_significant': {0.05: 0.019726858877086494, 0.01: 0.004552352048558422, 0.001: 0.0}}, 'upright (joint_up)': {'n_pairs': 1000, 'n_max_trajs': 560, 'n_min_trajs': 280, 'n_nonempty_hist': {0: 100, 1: 205, 2: 695}, 'n_both_nonempty': 695, 'n_ttest_run': 695, 'n_significant': {0.05: 274, 0.01: 138, 0.001: 18}, 'frac_significant': {0.05: 0.3942446043165468, 0.01: 0.1985611510791367, 0.001: 0.025899280575539568}}}","{'sim_only': {'laptop (computer_dist)': {'n_pairs': 1000, 'n_max_trajs': 56, 'n_min_trajs': 448, 'n_nonempty_hist': {0: 79, 1: 262, 2: 659}, 'n_both_nonempty': 659, 'n_ttest_run': 659, 'n_significant': {0.05: 13, 0.01: 3, 0.001: 0}, 'frac_significant': {0.05: 0.019726858877086494, 0.01: 0.004552352048558422, 0.001: 0.0}}, 'upright (joint_up)': {'n_pairs': 1000, 'n_max_trajs': 560, 'n_min_trajs': 280, 'n_nonempty_hist': {0: 100, 1: 205, 2: 695}, 'n_both_nonempty': 695, 'n_ttest_run': 695, 'n_significant': {0.05: 274, 0.01: 138, 0.001: 18}, 'frac_significant': {0.05: 0.3942446043165468, 0.01: 0.1985611510791367, 0.001: 0.025899280575539568}}}}"
0,6,16,results/sirl_ts/sirl_ts_1786638102.pth,https://wandb.ai/m1randa-massachusetts-institute-of-technology/tversky-sirl/runs/qrcmorzs,"{'laptop (computer_dist)': {'n_pairs': 1000, 'n_max_trajs': 56, 'n_min_trajs': 448, 'n_nonempty_hist': {0: 46, 1: 185, 2: 769}, 'n_both_nonempty': 769, 'n_ttest_run': 769, 'n_significant': {0.05: 622, 0.01: 598, 0.001: 547}, 'frac_significant': {0.05: 0.8088426527958388, 0.01: 0.7776332899869961, 0.001: 0.7113133940182055}}, 'upright (joint_up)': {'n_pairs': 1000, 'n_max_trajs': 560, 'n_min_trajs': 280, 'n_nonempty_hist': {0: 93, 1: 82, 2: 825}, 'n_both_nonempty': 825, 'n_ttest_run': 825, 'n_significant': {0.05: 57, 0.01: 40, 0.001: 36}, 'frac_significant': {0.05: 0.06909090909090909, 0.01: 0.048484848484848485, 0.001: 0.04363636363636364}}}","{'sim_only': {'laptop (computer_dist)': {'n_pairs': 1000, 'n_max_trajs': 56, 'n_min_trajs': 448, 'n_nonempty_hist': {0: 46, 1: 185, 2: 769}, 'n_both_nonempty': 769, 'n_ttest_run': 769, 'n_significant': {0.05: 622, 0.01: 598, 0.001: 547}, 'frac_significant': {0.05: 0.8088426527958388, 0.01: 0.7776332899869961, 0.001: 0.7113133940182055}}, 'upright (joint_up)': {'n_pairs': 1000, 'n_max_trajs': 560, 'n_min_trajs': 280, 'n_nonempty_hist': {0: 93, 1: 82, 2: 825}, 'n_both_nonempty': 825, 'n_ttest_run': 825, 'n_significant': {0.05: 57, 0.01: 40, 0.001: 36}, 'frac_significant': {0.05: 0.06909090909090909, 0.01: 0.048484848484848485, 0.001: 0.04363636363636364}}}}"
1,6,16,results/sirl_ts/sirl_ts_1786638119.pth,https://wandb.ai/m1randa-massachusetts-institute-of-technology/tversky-sirl/runs/0mw3lf9c,"{'laptop (computer_dist)': {'n_pairs': 1000, 'n_max_trajs': 56, 'n_min_trajs': 448, 'n_nonempty_hist': {0: 38, 1: 15, 2: 947}, 'n_both_nonempty': 947, 'n_ttest_run': 750, 'n_significant': {0.05: 587, 0.01: 570, 0.001: 561}, 'frac_significant': {0.05: 0.7826666666666666, 0.01: 0.76, 0.001: 0.748}}, 'upright (joint_up)': {'n_pairs': 1000, 'n_max_trajs': 560, 'n_min_trajs': 280, 'n_nonempty_hist': {0: 105, 1: 28, 2: 867}, 'n_both_nonempty': 867, 'n_ttest_run': 867, 'n_significant': {0.05: 415, 0.01: 106, 0.001: 59}, 'frac_significant': {0.05: 0.4786620530565167, 0.01: 0.12226066897347174, 0.001: 0.06805074971164937}}}","{'sim_only': {'laptop (computer_dist)': {'n_pairs': 1000, 'n_max_trajs': 56, 'n_min_trajs': 448, 'n_nonempty_hist': {0: 38, 1: 15, 2: 947}, 'n_both_nonempty': 947, 'n_ttest_run': 750, 'n_significant': {0.05: 587, 0.01: 570, 0.001: 561}, 'frac_significant': {0.05: 0.7826666666666666, 0.01: 0.76, 0.001: 0.748}}, 'upright (joint_up)': {'n_pairs': 1000, 'n_max_trajs': 560, 'n_min_trajs': 280, 'n_nonempty_hist': {0: 105, 1: 28, 2: 867}, 'n_both_nonempty': 867, 'n_ttest_run': 867, 'n_significant': {0.05: 415, 0.01: 106, 0.001: 59}, 'frac_significant': {0.05: 0.4786620530565167, 0.01: 0.12226066897347174, 0.001: 0.06805074971164937}}}}"
2,6,16,results/sirl_ts/sirl_ts_1786638135.pth,https://wandb.ai/m1randa-massachusetts-institute-of-technology/tversky-sirl/runs/eu1h113y,"{'laptop (computer_dist)': {'n_pairs': 1000, 'n_max_trajs': 56, 'n_min_trajs': 448, 'n_nonempty_hist': {0: 76, 1: 93, 2: 831}, 'n_both_nonempty': 831, 'n_ttest_run': 831, 'n_significant': {0.05: 401, 0.01: 356, 0.001: 314}, 'frac_significant': {0.05: 0.4825511432009627, 0.01: 0.42839951865222625, 0.001: 0.3778580024067389}}, 'upright (joint_up)': {'n_pairs': 1000, 'n_max_trajs': 560, 'n_min_trajs': 280, 'n_nonempty_hist': {0: 114, 1: 44, 2: 842}, 'n_both_nonempty': 842, 'n_ttest_run': 842, 'n_significant': {0.05: 45, 0.01: 1, 0.001: 0}, 'frac_significant': {0.05: 0.05344418052256532, 0.01: 0.0011876484560570072, 0.001: 0.0}}}","{'sim_only': {'laptop (computer_dist)': {'n_pairs': 1000, 'n_max_trajs': 56, 'n_min_trajs': 448, 'n_nonempty_hist': {0: 76, 1: 93, 2: 831}, 'n_both_nonempty': 831, 'n_ttest_run': 831, 'n_significant': {0.05: 401, 0.01: 356, 0.001: 314}, 'frac_significant': {0.05: 0.4825511432009627, 0.01: 0.42839951865222625, 0.001: 0.3778580024067389}}, 'upright (joint_up)': {'n_pairs': 1000, 'n_max_trajs': 560, 'n_min_trajs': 280, 'n_nonempty_hist': {0: 114, 1: 44, 2: 842}, 'n_both_nonempty': 842, 'n_ttest_run': 842, 'n_significant': {0.05: 45, 0.01: 1, 0.001: 0}, 'frac_significant': {0.05: 0.05344418052256532, 0.01: 0.0011876484560570072, 0.001: 0.0}}}}"
0,6,32,results/sirl_ts/sirl_ts_1786638152.pth,https://wandb.ai/m1randa-massachusetts-institute-of-technology/tversky-sirl/runs/oy1sbg65,"{'laptop (computer_dist)': {'n_pairs': 1000, 'n_max_trajs': 56, 'n_min_trajs': 448, 'n_nonempty_hist': {0: 78, 1: 156, 2: 766}, 'n_both_nonempty': 766, 'n_ttest_run': 766, 'n_significant': {0.05: 0, 0.01: 0, 0.001: 0}, 'frac_significant': {0.05: 0.0, 0.01: 0.0, 0.001: 0.0}}, 'upright (joint_up)': {'n_pairs': 1000, 'n_max_trajs': 560, 'n_min_trajs': 280, 'n_nonempty_hist': {0: 81, 1: 52, 2: 867}, 'n_both_nonempty': 867, 'n_ttest_run': 867, 'n_significant': {0.05: 8, 0.01: 0, 0.001: 0}, 'frac_significant': {0.05: 0.00922722029988466, 0.01: 0.0, 0.001: 0.0}}}","{'sim_only': {'laptop (computer_dist)': {'n_pairs': 1000, 'n_max_trajs': 56, 'n_min_trajs': 448, 'n_nonempty_hist': {0: 78, 1: 156, 2: 766}, 'n_both_nonempty': 766, 'n_ttest_run': 766, 'n_significant': {0.05: 0, 0.01: 0, 0.001: 0}, 'frac_significant': {0.05: 0.0, 0.01: 0.0, 0.001: 0.0}}, 'upright (joint_up)': {'n_pairs': 1000, 'n_max_trajs': 560, 'n_min_trajs': 280, 'n_nonempty_hist': {0: 81, 1: 52, 2: 867}, 'n_both_nonempty': 867, 'n_ttest_run': 867, 'n_significant': {0.05: 8, 0.01: 0, 0.001: 0}, 'frac_significant': {0.05: 0.00922722029988466, 0.01: 0.0, 0.001: 0.0}}}}"
1,6,32,results/sirl_ts/sirl_ts_1786638168.pth,https://wandb.ai/m1randa-massachusetts-institute-of-technology/tversky-sirl/runs/sd41og4q,"{'laptop (computer_dist)': {'n_pairs': 1000, 'n_max_trajs': 56, 'n_min_trajs': 448, 'n_nonempty_hist': {0: 99, 1: 37, 2: 864}, 'n_both_nonempty': 864, 'n_ttest_run': 864, 'n_significant': {0.05: 119, 0.01: 44, 0.001: 5}, 'frac_significant': {0.05: 0.13773148148148148, 0.01: 0.05092592592592592, 0.001: 0.005787037037037037}}, 'upright (joint_up)': {'n_pairs': 1000, 'n_max_trajs': 560, 'n_min_trajs': 280, 'n_nonempty_hist': {0: 97, 1: 26, 2: 877}, 'n_both_nonempty': 877, 'n_ttest_run': 877, 'n_significant': {0.05: 257, 0.01: 19, 0.001: 0}, 'frac_significant': {0.05: 0.29304446978335236, 0.01: 0.021664766248574687, 0.001: 0.0}}}","{'sim_only': {'laptop (computer_dist)': {'n_pairs': 1000, 'n_max_trajs': 56, 'n_min_trajs': 448, 'n_nonempty_hist': {0: 99, 1: 37, 2: 864}, 'n_both_nonempty': 864, 'n_ttest_run': 864, 'n_significant': {0.05: 119, 0.01: 44, 0.001: 5}, 'frac_significant': {0.05: 0.13773148148148148, 0.01: 0.05092592592592592, 0.001: 0.005787037037037037}}, 'upright (joint_up)': {'n_pairs': 1000, 'n_max_trajs': 560, 'n_min_trajs': 280, 'n_nonempty_hist': {0: 97, 1: 26, 2: 877}, 'n_both_nonempty': 877, 'n_ttest_run': 877, 'n_significant': {0.05: 257, 0.01: 19, 0.001: 0}, 'frac_significant': {0.05: 0.29304446978335236, 0.01: 0.021664766248574687, 0.001: 0.0}}}}"
2,6,32,results/sirl_ts/sirl_ts_1786638184.pth,https://wandb.ai/m1randa-massachusetts-institute-of-technology/tversky-sirl/runs/ge1sdtea,"{'laptop (computer_dist)': {'n_pairs': 1000, 'n_max_trajs': 56, 'n_min_trajs': 448, 'n_nonempty_hist': {0: 96, 1: 43, 2: 861}, 'n_both_nonempty': 861, 'n_ttest_run': 861, 'n_significant': {0.05: 94, 0.01: 21, 0.001: 0}, 'frac_significant': {0.05: 0.1091753774680604, 0.01: 0.024390243902439025, 0.001: 0.0}}, 'upright (joint_up)': {'n_pairs': 1000, 'n_max_trajs': 560, 'n_min_trajs': 280, 'n_nonempty_hist': {0: 72, 1: 46, 2: 882}, 'n_both_nonempty': 882, 'n_ttest_run': 882, 'n_significant': {0.05: 434, 0.01: 365, 0.001: 31}, 'frac_significant': {0.05: 0.49206349206349204, 0.01: 0.41383219954648526, 0.001: 0.035147392290249435}}}","{'sim_only': {'laptop (computer_dist)': {'n_pairs': 1000, 'n_max_trajs': 56, 'n_min_trajs': 448, 'n_nonempty_hist': {0: 96, 1: 43, 2: 861}, 'n_both_nonempty': 861, 'n_ttest_run': 861, 'n_significant': {0.05: 94, 0.01: 21, 0.001: 0}, 'frac_significant': {0.05: 0.1091753774680604, 0.01: 0.024390243902439025, 0.001: 0.0}}, 'upright (joint_up)': {'n_pairs': 1000, 'n_max_trajs': 560, 'n_min_trajs': 280, 'n_nonempty_hist': {0: 72, 1: 46, 2: 882}, 'n_both_nonempty': 882, 'n_ttest_run': 882, 'n_significant': {0.05: 434, 0.01: 365, 0.001: 31}, 'frac_significant': {0.05: 0.49206349206349204, 0.01: 0.41383219954648526, 0.001: 0.035147392290249435}}}}"
0,6,64,results/sirl_ts/sirl_ts_1786638201.pth,https://wandb.ai/m1randa-massachusetts-institute-of-technology/tversky-sirl/runs/aq07cwgd,"{'laptop (computer_dist)': {'n_pairs': 1000, 'n_max_trajs': 56, 'n_min_trajs': 448, 'n_nonempty_hist': {0: 94, 1: 104, 2: 802}, 'n_both_nonempty': 802, 'n_ttest_run': 802, 'n_significant': {0.05: 417, 0.01: 12, 0.001: 0}, 'frac_significant': {0.05: 0.5199501246882793, 0.01: 0.014962593516209476, 0.001: 0.0}}, 'upright (joint_up)': {'n_pairs': 1000, 'n_max_trajs': 560, 'n_min_trajs': 280, 'n_nonempty_hist': {0: 78, 1: 39, 2: 883}, 'n_both_nonempty': 883, 'n_ttest_run': 883, 'n_significant': {0.05: 384, 0.01: 338, 0.001: 60}, 'frac_significant': {0.05: 0.434881087202718, 0.01: 0.3827859569648924, 0.001: 0.06795016987542468}}}","{'sim_only': {'laptop (computer_dist)': {'n_pairs': 1000, 'n_max_trajs': 56, 'n_min_trajs': 448, 'n_nonempty_hist': {0: 94, 1: 104, 2: 802}, 'n_both_nonempty': 802, 'n_ttest_run': 802, 'n_significant': {0.05: 417, 0.01: 12, 0.001: 0}, 'frac_significant': {0.05: 0.5199501246882793, 0.01: 0.014962593516209476, 0.001: 0.0}}, 'upright (joint_up)': {'n_pairs': 1000, 'n_max_trajs': 560, 'n_min_trajs': 280, 'n_nonempty_hist': {0: 78, 1: 39, 2: 883}, 'n_both_nonempty': 883, 'n_ttest_run': 883, 'n_significant': {0.05: 384, 0.01: 338, 0.001: 60}, 'frac_significant': {0.05: 0.434881087202718, 0.01: 0.3827859569648924, 0.001: 0.06795016987542468}}}}"
1,6,64,results/sirl_ts/sirl_ts_1786638217.pth,https://wandb.ai/m1randa-massachusetts-institute-of-technology/tversky-sirl/runs/d9owji61,"{'laptop (computer_dist)': {'n_pairs': 1000, 'n_max_trajs': 56, 'n_min_trajs': 448, 'n_nonempty_hist': {0: 68, 1: 54, 2: 878}, 'n_both_nonempty': 878, 'n_ttest_run': 878, 'n_significant': {0.05: 507, 0.01: 223, 0.001: 16}, 'frac_significant': {0.05: 0.5774487471526196, 0.01: 0.2539863325740319, 0.001: 0.018223234624145785}}, 'upright (joint_up)': {'n_pairs': 1000, 'n_max_trajs': 560, 'n_min_trajs': 280, 'n_nonempty_hist': {0: 123, 1: 36, 2: 841}, 'n_both_nonempty': 841, 'n_ttest_run': 841, 'n_significant': {0.05: 58, 0.01: 17, 0.001: 3}, 'frac_significant': {0.05: 0.06896551724137931, 0.01: 0.020214030915576695, 0.001: 0.0035671819262782403}}}","{'sim_only': {'laptop (computer_dist)': {'n_pairs': 1000, 'n_max_trajs': 56, 'n_min_trajs': 448, 'n_nonempty_hist': {0: 68, 1: 54, 2: 878}, 'n_both_nonempty': 878, 'n_ttest_run': 878, 'n_significant': {0.05: 507, 0.01: 223, 0.001: 16}, 'frac_significant': {0.05: 0.5774487471526196, 0.01: 0.2539863325740319, 0.001: 0.018223234624145785}}, 'upright (joint_up)': {'n_pairs': 1000, 'n_max_trajs': 560, 'n_min_trajs': 280, 'n_nonempty_hist': {0: 123, 1: 36, 2: 841}, 'n_both_nonempty': 841, 'n_ttest_run': 841, 'n_significant': {0.05: 58, 0.01: 17, 0.001: 3}, 'frac_significant': {0.05: 0.06896551724137931, 0.01: 0.020214030915576695, 0.001: 0.0035671819262782403}}}}"
2,6,64,results/sirl_ts/sirl_ts_1786638235.pth,https://wandb.ai/m1randa-massachusetts-institute-of-technology/tversky-sirl/runs/b0yftm89,"{'laptop (computer_dist)': {'n_pairs': 1000, 'n_max_trajs': 56, 'n_min_trajs': 448, 'n_nonempty_hist': {0: 29, 1: 127, 2: 844}, 'n_both_nonempty': 844, 'n_ttest_run': 844, 'n_significant': {0.05: 30, 0.01: 24, 0.001: 17}, 'frac_significant': {0.05: 0.035545023696682464, 0.01: 0.02843601895734597, 0.001: 0.02014218009478673}}, 'upright (joint_up)': {'n_pairs': 1000, 'n_max_trajs': 560, 'n_min_trajs': 280, 'n_nonempty_hist': {0: 10, 1: 29, 2: 961}, 'n_both_nonempty': 961, 'n_ttest_run': 842, 'n_significant': {0.05: 477, 0.01: 362, 0.001: 328}, 'frac_significant': {0.05: 0.5665083135391924, 0.01: 0.42992874109263657, 0.001: 0.38954869358669836}}}","{'sim_only': {'laptop (computer_dist)': {'n_pairs': 1000, 'n_max_trajs': 56, 'n_min_trajs': 448, 'n_nonempty_hist': {0: 29, 1: 127, 2: 844}, 'n_both_nonempty': 844, 'n_ttest_run': 844, 'n_significant': {0.05: 30, 0.01: 24, 0.001: 17}, 'frac_significant': {0.05: 0.035545023696682464, 0.01: 0.02843601895734597, 0.001: 0.02014218009478673}}, 'upright (joint_up)': {'n_pairs': 1000, 'n_max_trajs': 560, 'n_min_trajs': 280, 'n_nonempty_hist': {0: 10, 1: 29, 2: 961}, 'n_both_nonempty': 961, 'n_ttest_run': 842, 'n_significant': {0.05: 477, 0.01: 362, 0.001: 328}, 'frac_significant': {0.05: 0.5665083135391924, 0.01: 0.42992874109263657, 0.001: 0.38954869358669836}}}}"
0,6,128,results/sirl_ts/sirl_ts_1786638252.pth,https://wandb.ai/m1randa-massachusetts-institute-of-technology/tversky-sirl/runs/pp1ihws9,"{'laptop (computer_dist)': {'n_pairs': 1000, 'n_max_trajs': 56, 'n_min_trajs': 448, 'n_nonempty_hist': {0: 289, 1: 66, 2: 645}, 'n_both_nonempty': 645, 'n_ttest_run': 645, 'n_significant': {0.05: 420, 0.01: 35, 0.001: 0}, 'frac_significant': {0.05: 0.6511627906976745, 0.01: 0.05426356589147287, 0.001: 0.0}}, 'upright (joint_up)': {'n_pairs': 1000, 'n_max_trajs': 560, 'n_min_trajs': 280, 'n_nonempty_hist': {0: 373, 1: 22, 2: 605}, 'n_both_nonempty': 605, 'n_ttest_run': 605, 'n_significant': {0.05: 270, 0.01: 235, 0.001: 57}, 'frac_significant': {0.05: 0.4462809917355372, 0.01: 0.3884297520661157, 0.001: 0.09421487603305785}}}","{'sim_only': {'laptop (computer_dist)': {'n_pairs': 1000, 'n_max_trajs': 56, 'n_min_trajs': 448, 'n_nonempty_hist': {0: 289, 1: 66, 2: 645}, 'n_both_nonempty': 645, 'n_ttest_run': 645, 'n_significant': {0.05: 420, 0.01: 35, 0.001: 0}, 'frac_significant': {0.05: 0.6511627906976745, 0.01: 0.05426356589147287, 0.001: 0.0}}, 'upright (joint_up)': {'n_pairs': 1000, 'n_max_trajs': 560, 'n_min_trajs': 280, 'n_nonempty_hist': {0: 373, 1: 22, 2: 605}, 'n_both_nonempty': 605, 'n_ttest_run': 605, 'n_significant': {0.05: 270, 0.01: 235, 0.001: 57}, 'frac_significant': {0.05: 0.4462809917355372, 0.01: 0.3884297520661157, 0.001: 0.09421487603305785}}}}"
1,6,128,results/sirl_ts/sirl_ts_1786638271.pth,https://wandb.ai/m1randa-massachusetts-institute-of-technology/tversky-sirl/runs/x5zmn7oc,"{'laptop (computer_dist)': {'n_pairs': 1000, 'n_max_trajs': 56, 'n_min_trajs': 448, 'n_nonempty_hist': {0: 13, 1: 152, 2: 835}, 'n_both_nonempty': 835, 'n_ttest_run': 835, 'n_significant': {0.05: 536, 0.01: 465, 0.001: 455}, 'frac_significant': {0.05: 0.6419161676646706, 0.01: 0.5568862275449101, 0.001: 0.5449101796407185}}, 'upright (joint_up)': {'n_pairs': 1000, 'n_max_trajs': 560, 'n_min_trajs': 280, 'n_nonempty_hist': {0: 36, 1: 39, 2: 925}, 'n_both_nonempty': 925, 'n_ttest_run': 925, 'n_significant': {0.05: 175, 0.01: 47, 0.001: 17}, 'frac_significant': {0.05: 0.1891891891891892, 0.01: 0.05081081081081081, 0.001: 0.018378378378378378}}}","{'sim_only': {'laptop (computer_dist)': {'n_pairs': 1000, 'n_max_trajs': 56, 'n_min_trajs': 448, 'n_nonempty_hist': {0: 13, 1: 152, 2: 835}, 'n_both_nonempty': 835, 'n_ttest_run': 835, 'n_significant': {0.05: 536, 0.01: 465, 0.001: 455}, 'frac_significant': {0.05: 0.6419161676646706, 0.01: 0.5568862275449101, 0.001: 0.5449101796407185}}, 'upright (joint_up)': {'n_pairs': 1000, 'n_max_trajs': 560, 'n_min_trajs': 280, 'n_nonempty_hist': {0: 36, 1: 39, 2: 925}, 'n_both_nonempty': 925, 'n_ttest_run': 925, 'n_significant': {0.05: 175, 0.01: 47, 0.001: 17}, 'frac_significant': {0.05: 0.1891891891891892, 0.01: 0.05081081081081081, 0.001: 0.018378378378378378}}}}"
2,6,128,results/sirl_ts/sirl_ts_1786638288.pth,https://wandb.ai/m1randa-massachusetts-institute-of-technology/tversky-sirl/runs/pl5srnwr,"{'laptop (computer_dist)': {'n_pairs': 1000, 'n_max_trajs': 56, 'n_min_trajs': 448, 'n_nonempty_hist': {0: 64, 1: 89, 2: 847}, 'n_both_nonempty': 847, 'n_ttest_run': 803, 'n_significant': {0.05: 133, 0.01: 84, 0.001: 0}, 'frac_significant': {0.05: 0.1656288916562889, 0.01: 0.10460772104607721, 0.001: 0.0}}, 'upright (joint_up)': {'n_pairs': 1000, 'n_max_trajs': 560, 'n_min_trajs': 280, 'n_nonempty_hist': {0: 72, 1: 92, 2: 836}, 'n_both_nonempty': 836, 'n_ttest_run': 836, 'n_significant': {0.05: 74, 0.01: 0, 0.001: 0}, 'frac_significant': {0.05: 0.08851674641148326, 0.01: 0.0, 0.001: 0.0}}}","{'sim_only': {'laptop (computer_dist)': {'n_pairs': 1000, 'n_max_trajs': 56, 'n_min_trajs': 448, 'n_nonempty_hist': {0: 64, 1: 89, 2: 847}, 'n_both_nonempty': 847, 'n_ttest_run': 803, 'n_significant': {0.05: 133, 0.01: 84, 0.001: 0}, 'frac_significant': {0.05: 0.1656288916562889, 0.01: 0.10460772104607721, 0.001: 0.0}}, 'upright (joint_up)': {'n_pairs': 1000, 'n_max_trajs': 560, 'n_min_trajs': 280, 'n_nonempty_hist': {0: 72, 1: 92, 2: 836}, 'n_both_nonempty': 836, 'n_ttest_run': 836, 'n_significant': {0.05: 74, 0.01: 0, 0.001: 0}, 'frac_significant': {0.05: 0.08851674641148326, 0.01: 0.0, 0.001: 0.0}}}}"
0,6,256,results/sirl_ts/sirl_ts_1786638308.pth,https://wandb.ai/m1randa-massachusetts-institute-of-technology/tversky-sirl/runs/rptsjxef,"{'laptop (computer_dist)': {'n_pairs': 1000, 'n_max_trajs': 56, 'n_min_trajs': 448, 'n_nonempty_hist': {0: 85, 1: 0, 2: 915}, 'n_both_nonempty': 915, 'n_ttest_run': 915, 'n_significant': {0.05: 352, 0.01: 274, 0.001: 93}, 'frac_significant': {0.05: 0.3846994535519126, 0.01: 0.2994535519125683, 0.001: 0.10163934426229508}}, 'upright (joint_up)': {'n_pairs': 1000, 'n_max_trajs': 560, 'n_min_trajs': 280, 'n_nonempty_hist': {0: 92, 1: 0, 2: 908}, 'n_both_nonempty': 908, 'n_ttest_run': 908, 'n_significant': {0.05: 363, 0.01: 75, 0.001: 22}, 'frac_significant': {0.05: 0.3997797356828194, 0.01: 0.08259911894273128, 0.001: 0.024229074889867842}}}","{'sim_only': {'laptop (computer_dist)': {'n_pairs': 1000, 'n_max_trajs': 56, 'n_min_trajs': 448, 'n_nonempty_hist': {0: 85, 1: 0, 2: 915}, 'n_both_nonempty': 915, 'n_ttest_run': 915, 'n_significant': {0.05: 352, 0.01: 274, 0.001: 93}, 'frac_significant': {0.05: 0.3846994535519126, 0.01: 0.2994535519125683, 0.001: 0.10163934426229508}}, 'upright (joint_up)': {'n_pairs': 1000, 'n_max_trajs': 560, 'n_min_trajs': 280, 'n_nonempty_hist': {0: 92, 1: 0, 2: 908}, 'n_both_nonempty': 908, 'n_ttest_run': 908, 'n_significant': {0.05: 363, 0.01: 75, 0.001: 22}, 'frac_significant': {0.05: 0.3997797356828194, 0.01: 0.08259911894273128, 0.001: 0.024229074889867842}}}}"
1,6,256,results/sirl_ts/sirl_ts_1786638326.pth,https://wandb.ai/m1randa-massachusetts-institute-of-technology/tversky-sirl/runs/kw80eqyu,"{'laptop (computer_dist)': {'n_pairs': 1000, 'n_max_trajs': 56, 'n_min_trajs': 448, 'n_nonempty_hist': {0: 14, 1: 3, 2: 983}, 'n_both_nonempty': 983, 'n_ttest_run': 983, 'n_significant': {0.05: 487, 0.01: 318, 0.001: 156}, 'frac_significant': {0.05: 0.49542217700915564, 0.01: 0.323499491353001, 0.001: 0.15869786368260427}}, 'upright (joint_up)': {'n_pairs': 1000, 'n_max_trajs': 560, 'n_min_trajs': 280, 'n_nonempty_hist': {0: 20, 1: 1, 2: 979}, 'n_both_nonempty': 979, 'n_ttest_run': 979, 'n_significant': {0.05: 173, 0.01: 56, 0.001: 24}, 'frac_significant': {0.05: 0.1767109295199183, 0.01: 0.05720122574055159, 0.001: 0.024514811031664963}}}","{'sim_only': {'laptop (computer_dist)': {'n_pairs': 1000, 'n_max_trajs': 56, 'n_min_trajs': 448, 'n_nonempty_hist': {0: 14, 1: 3, 2: 983}, 'n_both_nonempty': 983, 'n_ttest_run': 983, 'n_significant': {0.05: 487, 0.01: 318, 0.001: 156}, 'frac_significant': {0.05: 0.49542217700915564, 0.01: 0.323499491353001, 0.001: 0.15869786368260427}}, 'upright (joint_up)': {'n_pairs': 1000, 'n_max_trajs': 560, 'n_min_trajs': 280, 'n_nonempty_hist': {0: 20, 1: 1, 2: 979}, 'n_both_nonempty': 979, 'n_ttest_run': 979, 'n_significant': {0.05: 173, 0.01: 56, 0.001: 24}, 'frac_significant': {0.05: 0.1767109295199183, 0.01: 0.05720122574055159, 0.001: 0.024514811031664963}}}}"
2,6,256,results/sirl_ts/sirl_ts_1786638345.pth,https://wandb.ai/m1randa-massachusetts-institute-of-technology/tversky-sirl/runs/1opgtycx,"{'laptop (computer_dist)': {'n_pairs': 1000, 'n_max_trajs': 56, 'n_min_trajs': 448, 'n_nonempty_hist': {0: 80, 1: 0, 2: 920}, 'n_both_nonempty': 920, 'n_ttest_run': 911, 'n_significant': {0.05: 445, 0.01: 445, 0.001: 445}, 'frac_significant': {0.05: 0.4884742041712404, 0.01: 0.4884742041712404, 0.001: 0.4884742041712404}}, 'upright (joint_up)': {'n_pairs': 1000, 'n_max_trajs': 560, 'n_min_trajs': 280, 'n_nonempty_hist': {0: 95, 1: 0, 2: 905}, 'n_both_nonempty': 905, 'n_ttest_run': 905, 'n_significant': {0.05: 307, 0.01: 217, 0.001: 217}, 'frac_significant': {0.05: 0.3392265193370166, 0.01: 0.23977900552486187, 0.001: 0.23977900552486187}}}","{'sim_only': {'laptop (computer_dist)': {'n_pairs': 1000, 'n_max_trajs': 56, 'n_min_trajs': 448, 'n_nonempty_hist': {0: 80, 1: 0, 2: 920}, 'n_both_nonempty': 920, 'n_ttest_run': 911, 'n_significant': {0.05: 445, 0.01: 445, 0.001: 445}, 'frac_significant': {0.05: 0.4884742041712404, 0.01: 0.4884742041712404, 0.001: 0.4884742041712404}}, 'upright (joint_up)': {'n_pairs': 1000, 'n_max_trajs': 560, 'n_min_trajs': 280, 'n_nonempty_hist': {0: 95, 1: 0, 2: 905}, 'n_both_nonempty': 905, 'n_ttest_run': 905, 'n_significant': {0.05: 307, 0.01: 217, 0.001: 217}, 'frac_significant': {0.05: 0.3392265193370166, 0.01: 0.23977900552486187, 0.001: 0.23977900552486187}}}}"
0,8,2,results/sirl_ts/sirl_ts_1786638364.pth,https://wandb.ai/m1randa-massachusetts-institute-of-technology/tversky-sirl/runs/yq82scgr,"{'laptop (computer_dist)': {'n_pairs': 1000, 'n_max_trajs': 56, 'n_min_trajs': 448, 'n_nonempty_hist': {0: 425, 1: 574, 2: 1}, 'n_both_nonempty': 1, 'n_ttest_run': 0, 'n_significant': {0.05: 0, 0.01: 0, 0.001: 0}, 'frac_significant': {0.05: 0.0, 0.01: 0.0, 0.001: 0.0}}, 'upright (joint_up)': {'n_pairs': 1000, 'n_max_trajs': 560, 'n_min_trajs': 280, 'n_nonempty_hist': {0: 335, 1: 654, 2: 11}, 'n_both_nonempty': 11, 'n_ttest_run': 11, 'n_significant': {0.05: 0, 0.01: 0, 0.001: 0}, 'frac_significant': {0.05: 0.0, 0.01: 0.0, 0.001: 0.0}}}","{'sim_only': {'laptop (computer_dist)': {'n_pairs': 1000, 'n_max_trajs': 56, 'n_min_trajs': 448, 'n_nonempty_hist': {0: 425, 1: 574, 2: 1}, 'n_both_nonempty': 1, 'n_ttest_run': 0, 'n_significant': {0.05: 0, 0.01: 0, 0.001: 0}, 'frac_significant': {0.05: 0.0, 0.01: 0.0, 0.001: 0.0}}, 'upright (joint_up)': {'n_pairs': 1000, 'n_max_trajs': 560, 'n_min_trajs': 280, 'n_nonempty_hist': {0: 335, 1: 654, 2: 11}, 'n_both_nonempty': 11, 'n_ttest_run': 11, 'n_significant': {0.05: 0, 0.01: 0, 0.001: 0}, 'frac_significant': {0.05: 0.0, 0.01: 0.0, 0.001: 0.0}}}}"
1,8,2,results/sirl_ts/sirl_ts_1786638378.pth,https://wandb.ai/m1randa-massachusetts-institute-of-technology/tversky-sirl/runs/38x36cm9,"{'laptop (computer_dist)': {'n_pairs': 1000, 'n_max_trajs': 56, 'n_min_trajs': 448, 'n_nonempty_hist': {0: 396, 1: 601, 2: 3}, 'n_both_nonempty': 3, 'n_ttest_run': 3, 'n_significant': {0.05: 0, 0.01: 0, 0.001: 0}, 'frac_significant': {0.05: 0.0, 0.01: 0.0, 0.001: 0.0}}, 'upright (joint_up)': {'n_pairs': 1000, 'n_max_trajs': 560, 'n_min_trajs': 280, 'n_nonempty_hist': {0: 424, 1: 572, 2: 4}, 'n_both_nonempty': 4, 'n_ttest_run': 4, 'n_significant': {0.05: 0, 0.01: 0, 0.001: 0}, 'frac_significant': {0.05: 0.0, 0.01: 0.0, 0.001: 0.0}}}","{'sim_only': {'laptop (computer_dist)': {'n_pairs': 1000, 'n_max_trajs': 56, 'n_min_trajs': 448, 'n_nonempty_hist': {0: 396, 1: 601, 2: 3}, 'n_both_nonempty': 3, 'n_ttest_run': 3, 'n_significant': {0.05: 0, 0.01: 0, 0.001: 0}, 'frac_significant': {0.05: 0.0, 0.01: 0.0, 0.001: 0.0}}, 'upright (joint_up)': {'n_pairs': 1000, 'n_max_trajs': 560, 'n_min_trajs': 280, 'n_nonempty_hist': {0: 424, 1: 572, 2: 4}, 'n_both_nonempty': 4, 'n_ttest_run': 4, 'n_significant': {0.05: 0, 0.01: 0, 0.001: 0}, 'frac_significant': {0.05: 0.0, 0.01: 0.0, 0.001: 0.0}}}}"
2,8,2,results/sirl_ts/sirl_ts_1786638393.pth,https://wandb.ai/m1randa-massachusetts-institute-of-technology/tversky-sirl/runs/hjiby8ei,"{'laptop (computer_dist)': {'n_pairs': 1000, 'n_max_trajs': 56, 'n_min_trajs': 448, 'n_nonempty_hist': {0: 284, 1: 280, 2: 436}, 'n_both_nonempty': 436, 'n_ttest_run': 436, 'n_significant': {0.05: 381, 0.01: 381, 0.001: 0}, 'frac_significant': {0.05: 0.8738532110091743, 0.01: 0.8738532110091743, 0.001: 0.0}}, 'upright (joint_up)': {'n_pairs': 1000, 'n_max_trajs': 560, 'n_min_trajs': 280, 'n_nonempty_hist': {0: 334, 1: 181, 2: 485}, 'n_both_nonempty': 485, 'n_ttest_run': 485, 'n_significant': {0.05: 0, 0.01: 0, 0.001: 0}, 'frac_significant': {0.05: 0.0, 0.01: 0.0, 0.001: 0.0}}}","{'sim_only': {'laptop (computer_dist)': {'n_pairs': 1000, 'n_max_trajs': 56, 'n_min_trajs': 448, 'n_nonempty_hist': {0: 284, 1: 280, 2: 436}, 'n_both_nonempty': 436, 'n_ttest_run': 436, 'n_significant': {0.05: 381, 0.01: 381, 0.001: 0}, 'frac_significant': {0.05: 0.8738532110091743, 0.01: 0.8738532110091743, 0.001: 0.0}}, 'upright (joint_up)': {'n_pairs': 1000, 'n_max_trajs': 560, 'n_min_trajs': 280, 'n_nonempty_hist': {0: 334, 1: 181, 2: 485}, 'n_both_nonempty': 485, 'n_ttest_run': 485, 'n_significant': {0.05: 0, 0.01: 0, 0.001: 0}, 'frac_significant': {0.05: 0.0, 0.01: 0.0, 0.001: 0.0}}}}"
0,8,4,results/sirl_ts/sirl_ts_1786638409.pth,https://wandb.ai/m1randa-massachusetts-institute-of-technology/tversky-sirl/runs/dia3v231,"{'laptop (computer_dist)': {'n_pairs': 1000, 'n_max_trajs': 56, 'n_min_trajs': 448, 'n_nonempty_hist': {0: 88, 1: 612, 2: 300}, 'n_both_nonempty': 300, 'n_ttest_run': 300, 'n_significant': {0.05: 0, 0.01: 0, 0.001: 0}, 'frac_significant': {0.05: 0.0, 0.01: 0.0, 0.001: 0.0}}, 'upright (joint_up)': {'n_pairs': 1000, 'n_max_trajs': 560, 'n_min_trajs': 280, 'n_nonempty_hist': {0: 159, 1: 430, 2: 411}, 'n_both_nonempty': 411, 'n_ttest_run': 411, 'n_significant': {0.05: 239, 0.01: 160, 0.001: 0}, 'frac_significant': {0.05: 0.5815085158150851, 0.01: 0.38929440389294406, 0.001: 0.0}}}","{'sim_only': {'laptop (computer_dist)': {'n_pairs': 1000, 'n_max_trajs': 56, 'n_min_trajs': 448, 'n_nonempty_hist': {0: 88, 1: 612, 2: 300}, 'n_both_nonempty': 300, 'n_ttest_run': 300, 'n_significant': {0.05: 0, 0.01: 0, 0.001: 0}, 'frac_significant': {0.05: 0.0, 0.01: 0.0, 0.001: 0.0}}, 'upright (joint_up)': {'n_pairs': 1000, 'n_max_trajs': 560, 'n_min_trajs': 280, 'n_nonempty_hist': {0: 159, 1: 430, 2: 411}, 'n_both_nonempty': 411, 'n_ttest_run': 411, 'n_significant': {0.05: 239, 0.01: 160, 0.001: 0}, 'frac_significant': {0.05: 0.5815085158150851, 0.01: 0.38929440389294406, 0.001: 0.0}}}}"
1,8,4,results/sirl_ts/sirl_ts_1786638425.pth,https://wandb.ai/m1randa-massachusetts-institute-of-technology/tversky-sirl/runs/740wawso,"{'laptop (computer_dist)': {'n_pairs': 1000, 'n_max_trajs': 56, 'n_min_trajs': 448, 'n_nonempty_hist': {0: 109, 1: 407, 2: 484}, 'n_both_nonempty': 484, 'n_ttest_run': 484, 'n_significant': {0.05: 380, 0.01: 281, 0.001: 281}, 'frac_significant': {0.05: 0.7851239669421488, 0.01: 0.5805785123966942, 0.001: 0.5805785123966942}}, 'upright (joint_up)': {'n_pairs': 1000, 'n_max_trajs': 560, 'n_min_trajs': 280, 'n_nonempty_hist': {0: 200, 1: 256, 2: 544}, 'n_both_nonempty': 544, 'n_ttest_run': 544, 'n_significant': {0.05: 471, 0.01: 152, 0.001: 152}, 'frac_significant': {0.05: 0.8658088235294118, 0.01: 0.27941176470588236, 0.001: 0.27941176470588236}}}","{'sim_only': {'laptop (computer_dist)': {'n_pairs': 1000, 'n_max_trajs': 56, 'n_min_trajs': 448, 'n_nonempty_hist': {0: 109, 1: 407, 2: 484}, 'n_both_nonempty': 484, 'n_ttest_run': 484, 'n_significant': {0.05: 380, 0.01: 281, 0.001: 281}, 'frac_significant': {0.05: 0.7851239669421488, 0.01: 0.5805785123966942, 0.001: 0.5805785123966942}}, 'upright (joint_up)': {'n_pairs': 1000, 'n_max_trajs': 560, 'n_min_trajs': 280, 'n_nonempty_hist': {0: 200, 1: 256, 2: 544}, 'n_both_nonempty': 544, 'n_ttest_run': 544, 'n_significant': {0.05: 471, 0.01: 152, 0.001: 152}, 'frac_significant': {0.05: 0.8658088235294118, 0.01: 0.27941176470588236, 0.001: 0.27941176470588236}}}}"
2,8,4,results/sirl_ts/sirl_ts_1786638442.pth,https://wandb.ai/m1randa-massachusetts-institute-of-technology/tversky-sirl/runs/8efyv5hb,"{'laptop (computer_dist)': {'n_pairs': 1000, 'n_max_trajs': 56, 'n_min_trajs': 448, 'n_nonempty_hist': {0: 145, 1: 482, 2: 373}, 'n_both_nonempty': 373, 'n_ttest_run': 373, 'n_significant': {0.05: 337, 0.01: 337, 0.001: 335}, 'frac_significant': {0.05: 0.903485254691689, 0.01: 0.903485254691689, 0.001: 0.8981233243967829}}, 'upright (joint_up)': {'n_pairs': 1000, 'n_max_trajs': 560, 'n_min_trajs': 280, 'n_nonempty_hist': {0: 266, 1: 357, 2: 377}, 'n_both_nonempty': 377, 'n_ttest_run': 377, 'n_significant': {0.05: 187, 0.01: 10, 0.001: 0}, 'frac_significant': {0.05: 0.4960212201591512, 0.01: 0.026525198938992044, 0.001: 0.0}}}","{'sim_only': {'laptop (computer_dist)': {'n_pairs': 1000, 'n_max_trajs': 56, 'n_min_trajs': 448, 'n_nonempty_hist': {0: 145, 1: 482, 2: 373}, 'n_both_nonempty': 373, 'n_ttest_run': 373, 'n_significant': {0.05: 337, 0.01: 337, 0.001: 335}, 'frac_significant': {0.05: 0.903485254691689, 0.01: 0.903485254691689, 0.001: 0.8981233243967829}}, 'upright (joint_up)': {'n_pairs': 1000, 'n_max_trajs': 560, 'n_min_trajs': 280, 'n_nonempty_hist': {0: 266, 1: 357, 2: 377}, 'n_both_nonempty': 377, 'n_ttest_run': 377, 'n_significant': {0.05: 187, 0.01: 10, 0.001: 0}, 'frac_significant': {0.05: 0.4960212201591512, 0.01: 0.026525198938992044, 0.001: 0.0}}}}"
0,8,8,results/sirl_ts/sirl_ts_1786638459.pth,https://wandb.ai/m1randa-massachusetts-institute-of-technology/tversky-sirl/runs/daw60b8k,"{'laptop (computer_dist)': {'n_pairs': 1000, 'n_max_trajs': 56, 'n_min_trajs': 448, 'n_nonempty_hist': {0: 86, 1: 289, 2: 625}, 'n_both_nonempty': 625, 'n_ttest_run': 625, 'n_significant': {0.05: 469, 0.01: 454, 0.001: 7}, 'frac_significant': {0.05: 0.7504, 0.01: 0.7264, 0.001: 0.0112}}, 'upright (joint_up)': {'n_pairs': 1000, 'n_max_trajs': 560, 'n_min_trajs': 280, 'n_nonempty_hist': {0: 114, 1: 118, 2: 768}, 'n_both_nonempty': 768, 'n_ttest_run': 768, 'n_significant': {0.05: 480, 0.01: 412, 0.001: 323}, 'frac_significant': {0.05: 0.625, 0.01: 0.5364583333333334, 0.001: 0.4205729166666667}}}","{'sim_only': {'laptop (computer_dist)': {'n_pairs': 1000, 'n_max_trajs': 56, 'n_min_trajs': 448, 'n_nonempty_hist': {0: 86, 1: 289, 2: 625}, 'n_both_nonempty': 625, 'n_ttest_run': 625, 'n_significant': {0.05: 469, 0.01: 454, 0.001: 7}, 'frac_significant': {0.05: 0.7504, 0.01: 0.7264, 0.001: 0.0112}}, 'upright (joint_up)': {'n_pairs': 1000, 'n_max_trajs': 560, 'n_min_trajs': 280, 'n_nonempty_hist': {0: 114, 1: 118, 2: 768}, 'n_both_nonempty': 768, 'n_ttest_run': 768, 'n_significant': {0.05: 480, 0.01: 412, 0.001: 323}, 'frac_significant': {0.05: 0.625, 0.01: 0.5364583333333334, 0.001: 0.4205729166666667}}}}"
1,8,8,results/sirl_ts/sirl_ts_1786638476.pth,https://wandb.ai/m1randa-massachusetts-institute-of-technology/tversky-sirl/runs/tigw7kr4,"{'laptop (computer_dist)': {'n_pairs': 1000, 'n_max_trajs': 56, 'n_min_trajs': 448, 'n_nonempty_hist': {0: 72, 1: 419, 2: 509}, 'n_both_nonempty': 509, 'n_ttest_run': 509, 'n_significant': {0.05: 53, 0.01: 1, 0.001: 1}, 'frac_significant': {0.05: 0.10412573673870335, 0.01: 0.0019646365422396855, 0.001: 0.0019646365422396855}}, 'upright (joint_up)': {'n_pairs': 1000, 'n_max_trajs': 560, 'n_min_trajs': 280, 'n_nonempty_hist': {0: 72, 1: 193, 2: 735}, 'n_both_nonempty': 735, 'n_ttest_run': 735, 'n_significant': {0.05: 528, 0.01: 387, 0.001: 317}, 'frac_significant': {0.05: 0.7183673469387755, 0.01: 0.5265306122448979, 0.001: 0.4312925170068027}}}","{'sim_only': {'laptop (computer_dist)': {'n_pairs': 1000, 'n_max_trajs': 56, 'n_min_trajs': 448, 'n_nonempty_hist': {0: 72, 1: 419, 2: 509}, 'n_both_nonempty': 509, 'n_ttest_run': 509, 'n_significant': {0.05: 53, 0.01: 1, 0.001: 1}, 'frac_significant': {0.05: 0.10412573673870335, 0.01: 0.0019646365422396855, 0.001: 0.0019646365422396855}}, 'upright (joint_up)': {'n_pairs': 1000, 'n_max_trajs': 560, 'n_min_trajs': 280, 'n_nonempty_hist': {0: 72, 1: 193, 2: 735}, 'n_both_nonempty': 735, 'n_ttest_run': 735, 'n_significant': {0.05: 528, 0.01: 387, 0.001: 317}, 'frac_significant': {0.05: 0.7183673469387755, 0.01: 0.5265306122448979, 0.001: 0.4312925170068027}}}}"
2,8,8,results/sirl_ts/sirl_ts_1786638494.pth,https://wandb.ai/m1randa-massachusetts-institute-of-technology/tversky-sirl/runs/j3b8mizw,"{'laptop (computer_dist)': {'n_pairs': 1000, 'n_max_trajs': 56, 'n_min_trajs': 448, 'n_nonempty_hist': {0: 104, 1: 472, 2: 424}, 'n_both_nonempty': 424, 'n_ttest_run': 424, 'n_significant': {0.05: 266, 0.01: 0, 0.001: 0}, 'frac_significant': {0.05: 0.6273584905660378, 0.01: 0.0, 0.001: 0.0}}, 'upright (joint_up)': {'n_pairs': 1000, 'n_max_trajs': 560, 'n_min_trajs': 280, 'n_nonempty_hist': {0: 188, 1: 225, 2: 587}, 'n_both_nonempty': 587, 'n_ttest_run': 587, 'n_significant': {0.05: 125, 0.01: 20, 0.001: 5}, 'frac_significant': {0.05: 0.21294718909710392, 0.01: 0.034071550255536626, 0.001: 0.008517887563884156}}}","{'sim_only': {'laptop (computer_dist)': {'n_pairs': 1000, 'n_max_trajs': 56, 'n_min_trajs': 448, 'n_nonempty_hist': {0: 104, 1: 472, 2: 424}, 'n_both_nonempty': 424, 'n_ttest_run': 424, 'n_significant': {0.05: 266, 0.01: 0, 0.001: 0}, 'frac_significant': {0.05: 0.6273584905660378, 0.01: 0.0, 0.001: 0.0}}, 'upright (joint_up)': {'n_pairs': 1000, 'n_max_trajs': 560, 'n_min_trajs': 280, 'n_nonempty_hist': {0: 188, 1: 225, 2: 587}, 'n_both_nonempty': 587, 'n_ttest_run': 587, 'n_significant': {0.05: 125, 0.01: 20, 0.001: 5}, 'frac_significant': {0.05: 0.21294718909710392, 0.01: 0.034071550255536626, 0.001: 0.008517887563884156}}}}"
0,8,16,results/sirl_ts/sirl_ts_1786638511.pth,https://wandb.ai/m1randa-massachusetts-institute-of-technology/tversky-sirl/runs/0a8ignrh,"{'laptop (computer_dist)': {'n_pairs': 1000, 'n_max_trajs': 56, 'n_min_trajs': 448, 'n_nonempty_hist': {0: 22, 1: 245, 2: 733}, 'n_both_nonempty': 733, 'n_ttest_run': 733, 'n_significant': {0.05: 532, 0.01: 531, 0.001: 351}, 'frac_significant': {0.05: 0.7257844474761255, 0.01: 0.7244201909959073, 0.001: 0.47885402455661663}}, 'upright (joint_up)': {'n_pairs': 1000, 'n_max_trajs': 560, 'n_min_trajs': 280, 'n_nonempty_hist': {0: 40, 1: 98, 2: 862}, 'n_both_nonempty': 862, 'n_ttest_run': 862, 'n_significant': {0.05: 452, 0.01: 404, 0.001: 91}, 'frac_significant': {0.05: 0.5243619489559165, 0.01: 0.46867749419953597, 0.001: 0.10556844547563805}}}","{'sim_only': {'laptop (computer_dist)': {'n_pairs': 1000, 'n_max_trajs': 56, 'n_min_trajs': 448, 'n_nonempty_hist': {0: 22, 1: 245, 2: 733}, 'n_both_nonempty': 733, 'n_ttest_run': 733, 'n_significant': {0.05: 532, 0.01: 531, 0.001: 351}, 'frac_significant': {0.05: 0.7257844474761255, 0.01: 0.7244201909959073, 0.001: 0.47885402455661663}}, 'upright (joint_up)': {'n_pairs': 1000, 'n_max_trajs': 560, 'n_min_trajs': 280, 'n_nonempty_hist': {0: 40, 1: 98, 2: 862}, 'n_both_nonempty': 862, 'n_ttest_run': 862, 'n_significant': {0.05: 452, 0.01: 404, 0.001: 91}, 'frac_significant': {0.05: 0.5243619489559165, 0.01: 0.46867749419953597, 0.001: 0.10556844547563805}}}}"
1,8,16,results/sirl_ts/sirl_ts_1786638529.pth,https://wandb.ai/m1randa-massachusetts-institute-of-technology/tversky-sirl/runs/omrwh6k9,"{'laptop (computer_dist)': {'n_pairs': 1000, 'n_max_trajs': 56, 'n_min_trajs': 448, 'n_nonempty_hist': {0: 24, 1: 275, 2: 701}, 'n_both_nonempty': 701, 'n_ttest_run': 701, 'n_significant': {0.05: 76, 0.01: 20, 0.001: 5}, 'frac_significant': {0.05: 0.10841654778887304, 0.01: 0.028530670470756064, 0.001: 0.007132667617689016}}, 'upright (joint_up)': {'n_pairs': 1000, 'n_max_trajs': 560, 'n_min_trajs': 280, 'n_nonempty_hist': {0: 87, 1: 54, 2: 859}, 'n_both_nonempty': 859, 'n_ttest_run': 859, 'n_significant': {0.05: 496, 0.01: 390, 0.001: 50}, 'frac_significant': {0.05: 0.5774155995343423, 0.01: 0.4540162980209546, 0.001: 0.05820721769499418}}}","{'sim_only': {'laptop (computer_dist)': {'n_pairs': 1000, 'n_max_trajs': 56, 'n_min_trajs': 448, 'n_nonempty_hist': {0: 24, 1: 275, 2: 701}, 'n_both_nonempty': 701, 'n_ttest_run': 701, 'n_significant': {0.05: 76, 0.01: 20, 0.001: 5}, 'frac_significant': {0.05: 0.10841654778887304, 0.01: 0.028530670470756064, 0.001: 0.007132667617689016}}, 'upright (joint_up)': {'n_pairs': 1000, 'n_max_trajs': 560, 'n_min_trajs': 280, 'n_nonempty_hist': {0: 87, 1: 54, 2: 859}, 'n_both_nonempty': 859, 'n_ttest_run': 859, 'n_significant': {0.05: 496, 0.01: 390, 0.001: 50}, 'frac_significant': {0.05: 0.5774155995343423, 0.01: 0.4540162980209546, 0.001: 0.05820721769499418}}}}"
2,8,16,results/sirl_ts/sirl_ts_1786638546.pth,https://wandb.ai/m1randa-massachusetts-institute-of-technology/tversky-sirl/runs/5e16qoae,"{'laptop (computer_dist)': {'n_pairs': 1000, 'n_max_trajs': 56, 'n_min_trajs': 448, 'n_nonempty_hist': {0: 43, 1: 288, 2: 669}, 'n_both_nonempty': 669, 'n_ttest_run': 669, 'n_significant': {0.05: 503, 0.01: 489, 0.001: 462}, 'frac_significant': {0.05: 0.7518684603886397, 0.01: 0.7309417040358744, 0.001: 0.6905829596412556}}, 'upright (joint_up)': {'n_pairs': 1000, 'n_max_trajs': 560, 'n_min_trajs': 280, 'n_nonempty_hist': {0: 36, 1: 86, 2: 878}, 'n_both_nonempty': 878, 'n_ttest_run': 878, 'n_significant': {0.05: 339, 0.01: 48, 0.001: 3}, 'frac_significant': {0.05: 0.38610478359908884, 0.01: 0.05466970387243736, 0.001: 0.003416856492027335}}}","{'sim_only': {'laptop (computer_dist)': {'n_pairs': 1000, 'n_max_trajs': 56, 'n_min_trajs': 448, 'n_nonempty_hist': {0: 43, 1: 288, 2: 669}, 'n_both_nonempty': 669, 'n_ttest_run': 669, 'n_significant': {0.05: 503, 0.01: 489, 0.001: 462}, 'frac_significant': {0.05: 0.7518684603886397, 0.01: 0.7309417040358744, 0.001: 0.6905829596412556}}, 'upright (joint_up)': {'n_pairs': 1000, 'n_max_trajs': 560, 'n_min_trajs': 280, 'n_nonempty_hist': {0: 36, 1: 86, 2: 878}, 'n_both_nonempty': 878, 'n_ttest_run': 878, 'n_significant': {0.05: 339, 0.01: 48, 0.001: 3}, 'frac_significant': {0.05: 0.38610478359908884, 0.01: 0.05466970387243736, 0.001: 0.003416856492027335}}}}"
0,8,32,results/sirl_ts/sirl_ts_1786638562.pth,https://wandb.ai/m1randa-massachusetts-institute-of-technology/tversky-sirl/runs/uhpjs9vs,"{'laptop (computer_dist)': {'n_pairs': 1000, 'n_max_trajs': 56, 'n_min_trajs': 448, 'n_nonempty_hist': {0: 10, 1: 119, 2: 871}, 'n_both_nonempty': 871, 'n_ttest_run': 871, 'n_significant': {0.05: 652, 0.01: 293, 0.001: 64}, 'frac_significant': {0.05: 0.748564867967853, 0.01: 0.33639494833524686, 0.001: 0.07347876004592423}}, 'upright (joint_up)': {'n_pairs': 1000, 'n_max_trajs': 560, 'n_min_trajs': 280, 'n_nonempty_hist': {0: 31, 1: 87, 2: 882}, 'n_both_nonempty': 882, 'n_ttest_run': 882, 'n_significant': {0.05: 141, 0.01: 47, 0.001: 19}, 'frac_significant': {0.05: 0.1598639455782313, 0.01: 0.05328798185941043, 0.001: 0.021541950113378686}}}","{'sim_only': {'laptop (computer_dist)': {'n_pairs': 1000, 'n_max_trajs': 56, 'n_min_trajs': 448, 'n_nonempty_hist': {0: 10, 1: 119, 2: 871}, 'n_both_nonempty': 871, 'n_ttest_run': 871, 'n_significant': {0.05: 652, 0.01: 293, 0.001: 64}, 'frac_significant': {0.05: 0.748564867967853, 0.01: 0.33639494833524686, 0.001: 0.07347876004592423}}, 'upright (joint_up)': {'n_pairs': 1000, 'n_max_trajs': 560, 'n_min_trajs': 280, 'n_nonempty_hist': {0: 31, 1: 87, 2: 882}, 'n_both_nonempty': 882, 'n_ttest_run': 882, 'n_significant': {0.05: 141, 0.01: 47, 0.001: 19}, 'frac_significant': {0.05: 0.1598639455782313, 0.01: 0.05328798185941043, 0.001: 0.021541950113378686}}}}"
1,8,32,results/sirl_ts/sirl_ts_1786638579.pth,https://wandb.ai/m1randa-massachusetts-institute-of-technology/tversky-sirl/runs/bbwe3z8u,"{'laptop (computer_dist)': {'n_pairs': 1000, 'n_max_trajs': 56, 'n_min_trajs': 448, 'n_nonempty_hist': {0: 34, 1: 191, 2: 775}, 'n_both_nonempty': 775, 'n_ttest_run': 775, 'n_significant': {0.05: 41, 0.01: 9, 0.001: 1}, 'frac_significant': {0.05: 0.05290322580645161, 0.01: 0.011612903225806452, 0.001: 0.0012903225806451613}}, 'upright (joint_up)': {'n_pairs': 1000, 'n_max_trajs': 560, 'n_min_trajs': 280, 'n_nonempty_hist': {0: 38, 1: 39, 2: 923}, 'n_both_nonempty': 923, 'n_ttest_run': 921, 'n_significant': {0.05: 529, 0.01: 183, 0.001: 71}, 'frac_significant': {0.05: 0.5743756786102063, 0.01: 0.1986970684039088, 0.001: 0.07709011943539631}}}","{'sim_only': {'laptop (computer_dist)': {'n_pairs': 1000, 'n_max_trajs': 56, 'n_min_trajs': 448, 'n_nonempty_hist': {0: 34, 1: 191, 2: 775}, 'n_both_nonempty': 775, 'n_ttest_run': 775, 'n_significant': {0.05: 41, 0.01: 9, 0.001: 1}, 'frac_significant': {0.05: 0.05290322580645161, 0.01: 0.011612903225806452, 0.001: 0.0012903225806451613}}, 'upright (joint_up)': {'n_pairs': 1000, 'n_max_trajs': 560, 'n_min_trajs': 280, 'n_nonempty_hist': {0: 38, 1: 39, 2: 923}, 'n_both_nonempty': 923, 'n_ttest_run': 921, 'n_significant': {0.05: 529, 0.01: 183, 0.001: 71}, 'frac_significant': {0.05: 0.5743756786102063, 0.01: 0.1986970684039088, 0.001: 0.07709011943539631}}}}"
2,8,32,results/sirl_ts/sirl_ts_1786638596.pth,https://wandb.ai/m1randa-massachusetts-institute-of-technology/tversky-sirl/runs/cm2uzwlr,"{'laptop (computer_dist)': {'n_pairs': 1000, 'n_max_trajs': 56, 'n_min_trajs': 448, 'n_nonempty_hist': {0: 44, 1: 140, 2: 816}, 'n_both_nonempty': 816, 'n_ttest_run': 816, 'n_significant': {0.05: 281, 0.01: 270, 0.001: 268}, 'frac_significant': {0.05: 0.3443627450980392, 0.01: 0.33088235294117646, 0.001: 0.3284313725490196}}, 'upright (joint_up)': {'n_pairs': 1000, 'n_max_trajs': 560, 'n_min_trajs': 280, 'n_nonempty_hist': {0: 30, 1: 69, 2: 901}, 'n_both_nonempty': 901, 'n_ttest_run': 901, 'n_significant': {0.05: 121, 0.01: 11, 0.001: 0}, 'frac_significant': {0.05: 0.13429522752497225, 0.01: 0.01220865704772475, 0.001: 0.0}}}","{'sim_only': {'laptop (computer_dist)': {'n_pairs': 1000, 'n_max_trajs': 56, 'n_min_trajs': 448, 'n_nonempty_hist': {0: 44, 1: 140, 2: 816}, 'n_both_nonempty': 816, 'n_ttest_run': 816, 'n_significant': {0.05: 281, 0.01: 270, 0.001: 268}, 'frac_significant': {0.05: 0.3443627450980392, 0.01: 0.33088235294117646, 0.001: 0.3284313725490196}}, 'upright (joint_up)': {'n_pairs': 1000, 'n_max_trajs': 560, 'n_min_trajs': 280, 'n_nonempty_hist': {0: 30, 1: 69, 2: 901}, 'n_both_nonempty': 901, 'n_ttest_run': 901, 'n_significant': {0.05: 121, 0.01: 11, 0.001: 0}, 'frac_significant': {0.05: 0.13429522752497225, 0.01: 0.01220865704772475, 0.001: 0.0}}}}"
0,8,64,results/sirl_ts/sirl_ts_1786638613.pth,https://wandb.ai/m1randa-massachusetts-institute-of-technology/tversky-sirl/runs/py41x6ih,"{'laptop (computer_dist)': {'n_pairs': 1000, 'n_max_trajs': 56, 'n_min_trajs': 448, 'n_nonempty_hist': {0: 48, 1: 159, 2: 793}, 'n_both_nonempty': 793, 'n_ttest_run': 793, 'n_significant': {0.05: 2, 0.01: 0, 0.001: 0}, 'frac_significant': {0.05: 0.0025220680958385876, 0.01: 0.0, 0.001: 0.0}}, 'upright (joint_up)': {'n_pairs': 1000, 'n_max_trajs': 560, 'n_min_trajs': 280, 'n_nonempty_hist': {0: 46, 1: 78, 2: 876}, 'n_both_nonempty': 876, 'n_ttest_run': 876, 'n_significant': {0.05: 51, 0.01: 14, 0.001: 3}, 'frac_significant': {0.05: 0.05821917808219178, 0.01: 0.01598173515981735, 0.001: 0.003424657534246575}}}","{'sim_only': {'laptop (computer_dist)': {'n_pairs': 1000, 'n_max_trajs': 56, 'n_min_trajs': 448, 'n_nonempty_hist': {0: 48, 1: 159, 2: 793}, 'n_both_nonempty': 793, 'n_ttest_run': 793, 'n_significant': {0.05: 2, 0.01: 0, 0.001: 0}, 'frac_significant': {0.05: 0.0025220680958385876, 0.01: 0.0, 0.001: 0.0}}, 'upright (joint_up)': {'n_pairs': 1000, 'n_max_trajs': 560, 'n_min_trajs': 280, 'n_nonempty_hist': {0: 46, 1: 78, 2: 876}, 'n_both_nonempty': 876, 'n_ttest_run': 876, 'n_significant': {0.05: 51, 0.01: 14, 0.001: 3}, 'frac_significant': {0.05: 0.05821917808219178, 0.01: 0.01598173515981735, 0.001: 0.003424657534246575}}}}"
1,8,64,results/sirl_ts/sirl_ts_1786638630.pth,https://wandb.ai/m1randa-massachusetts-institute-of-technology/tversky-sirl/runs/otv9fexc,"{'laptop (computer_dist)': {'n_pairs': 1000, 'n_max_trajs': 56, 'n_min_trajs': 448, 'n_nonempty_hist': {0: 65, 1: 121, 2: 814}, 'n_both_nonempty': 814, 'n_ttest_run': 814, 'n_significant': {0.05: 317, 0.01: 117, 0.001: 65}, 'frac_significant': {0.05: 0.3894348894348894, 0.01: 0.14373464373464373, 0.001: 0.07985257985257985}}, 'upright (joint_up)': {'n_pairs': 1000, 'n_max_trajs': 560, 'n_min_trajs': 280, 'n_nonempty_hist': {0: 58, 1: 71, 2: 871}, 'n_both_nonempty': 871, 'n_ttest_run': 855, 'n_significant': {0.05: 102, 0.01: 22, 0.001: 2}, 'frac_significant': {0.05: 0.11929824561403508, 0.01: 0.025730994152046785, 0.001: 0.0023391812865497076}}}","{'sim_only': {'laptop (computer_dist)': {'n_pairs': 1000, 'n_max_trajs': 56, 'n_min_trajs': 448, 'n_nonempty_hist': {0: 65, 1: 121, 2: 814}, 'n_both_nonempty': 814, 'n_ttest_run': 814, 'n_significant': {0.05: 317, 0.01: 117, 0.001: 65}, 'frac_significant': {0.05: 0.3894348894348894, 0.01: 0.14373464373464373, 0.001: 0.07985257985257985}}, 'upright (joint_up)': {'n_pairs': 1000, 'n_max_trajs': 560, 'n_min_trajs': 280, 'n_nonempty_hist': {0: 58, 1: 71, 2: 871}, 'n_both_nonempty': 871, 'n_ttest_run': 855, 'n_significant': {0.05: 102, 0.01: 22, 0.001: 2}, 'frac_significant': {0.05: 0.11929824561403508, 0.01: 0.025730994152046785, 0.001: 0.0023391812865497076}}}}"
2,8,64,results/sirl_ts/sirl_ts_1786638646.pth,https://wandb.ai/m1randa-massachusetts-institute-of-technology/tversky-sirl/runs/pjbi6852,"{'laptop (computer_dist)': {'n_pairs': 1000, 'n_max_trajs': 56, 'n_min_trajs': 448, 'n_nonempty_hist': {0: 23, 1: 110, 2: 867}, 'n_both_nonempty': 867, 'n_ttest_run': 867, 'n_significant': {0.05: 425, 0.01: 246, 0.001: 198}, 'frac_significant': {0.05: 0.49019607843137253, 0.01: 0.2837370242214533, 0.001: 0.22837370242214533}}, 'upright (joint_up)': {'n_pairs': 1000, 'n_max_trajs': 560, 'n_min_trajs': 280, 'n_nonempty_hist': {0: 27, 1: 131, 2: 842}, 'n_both_nonempty': 842, 'n_ttest_run': 842, 'n_significant': {0.05: 83, 0.01: 2, 0.001: 0}, 'frac_significant': {0.05: 0.09857482185273159, 0.01: 0.0023752969121140144, 0.001: 0.0}}}","{'sim_only': {'laptop (computer_dist)': {'n_pairs': 1000, 'n_max_trajs': 56, 'n_min_trajs': 448, 'n_nonempty_hist': {0: 23, 1: 110, 2: 867}, 'n_both_nonempty': 867, 'n_ttest_run': 867, 'n_significant': {0.05: 425, 0.01: 246, 0.001: 198}, 'frac_significant': {0.05: 0.49019607843137253, 0.01: 0.2837370242214533, 0.001: 0.22837370242214533}}, 'upright (joint_up)': {'n_pairs': 1000, 'n_max_trajs': 560, 'n_min_trajs': 280, 'n_nonempty_hist': {0: 27, 1: 131, 2: 842}, 'n_both_nonempty': 842, 'n_ttest_run': 842, 'n_significant': {0.05: 83, 0.01: 2, 0.001: 0}, 'frac_significant': {0.05: 0.09857482185273159, 0.01: 0.0023752969121140144, 0.001: 0.0}}}}"
0,8,128,results/sirl_ts/sirl_ts_1786638957.pth,https://wandb.ai/m1randa-massachusetts-institute-of-technology/tversky-sirl/runs/fe6oklni,"{'laptop (computer_dist)': {'n_pairs': 1000, 'n_max_trajs': 56, 'n_min_trajs': 448, 'n_nonempty_hist': {0: 42, 1: 210, 2: 748}, 'n_both_nonempty': 748, 'n_ttest_run': 748, 'n_significant': {0.05: 17, 0.01: 5, 0.001: 1}, 'frac_significant': {0.05: 0.022727272727272728, 0.01: 0.0066844919786096255, 0.001: 0.001336898395721925}}, 'upright (joint_up)': {'n_pairs': 1000, 'n_max_trajs': 560, 'n_min_trajs': 280, 'n_nonempty_hist': {0: 50, 1: 114, 2: 836}, 'n_both_nonempty': 836, 'n_ttest_run': 836, 'n_significant': {0.05: 84, 0.01: 61, 0.001: 22}, 'frac_significant': {0.05: 0.10047846889952153, 0.01: 0.0729665071770335, 0.001: 0.02631578947368421}}}","{'sim_only': {'laptop (computer_dist)': {'n_pairs': 1000, 'n_max_trajs': 56, 'n_min_trajs': 448, 'n_nonempty_hist': {0: 42, 1: 210, 2: 748}, 'n_both_nonempty': 748, 'n_ttest_run': 748, 'n_significant': {0.05: 17, 0.01: 5, 0.001: 1}, 'frac_significant': {0.05: 0.022727272727272728, 0.01: 0.0066844919786096255, 0.001: 0.001336898395721925}}, 'upright (joint_up)': {'n_pairs': 1000, 'n_max_trajs': 560, 'n_min_trajs': 280, 'n_nonempty_hist': {0: 50, 1: 114, 2: 836}, 'n_both_nonempty': 836, 'n_ttest_run': 836, 'n_significant': {0.05: 84, 0.01: 61, 0.001: 22}, 'frac_significant': {0.05: 0.10047846889952153, 0.01: 0.0729665071770335, 0.001: 0.02631578947368421}}}}"
1,8,128,results/sirl_ts/sirl_ts_1786638979.pth,https://wandb.ai/m1randa-massachusetts-institute-of-technology/tversky-sirl/runs/uzw8jvcp,"{'laptop (computer_dist)': {'n_pairs': 1000, 'n_max_trajs': 56, 'n_min_trajs': 448, 'n_nonempty_hist': {0: 68, 1: 173, 2: 759}, 'n_both_nonempty': 759, 'n_ttest_run': 759, 'n_significant': {0.05: 209, 0.01: 185, 0.001: 159}, 'frac_significant': {0.05: 0.2753623188405797, 0.01: 0.2437417654808959, 0.001: 0.20948616600790515}}, 'upright (joint_up)': {'n_pairs': 1000, 'n_max_trajs': 560, 'n_min_trajs': 280, 'n_nonempty_hist': {0: 104, 1: 70, 2: 826}, 'n_both_nonempty': 826, 'n_ttest_run': 826, 'n_significant': {0.05: 238, 0.01: 187, 0.001: 71}, 'frac_significant': {0.05: 0.288135593220339, 0.01: 0.22639225181598063, 0.001: 0.08595641646489104}}}","{'sim_only': {'laptop (computer_dist)': {'n_pairs': 1000, 'n_max_trajs': 56, 'n_min_trajs': 448, 'n_nonempty_hist': {0: 68, 1: 173, 2: 759}, 'n_both_nonempty': 759, 'n_ttest_run': 759, 'n_significant': {0.05: 209, 0.01: 185, 0.001: 159}, 'frac_significant': {0.05: 0.2753623188405797, 0.01: 0.2437417654808959, 0.001: 0.20948616600790515}}, 'upright (joint_up)': {'n_pairs': 1000, 'n_max_trajs': 560, 'n_min_trajs': 280, 'n_nonempty_hist': {0: 104, 1: 70, 2: 826}, 'n_both_nonempty': 826, 'n_ttest_run': 826, 'n_significant': {0.05: 238, 0.01: 187, 0.001: 71}, 'frac_significant': {0.05: 0.288135593220339, 0.01: 0.22639225181598063, 0.001: 0.08595641646489104}}}}"
2,8,128,results/sirl_ts/sirl_ts_1786639074.pth,https://wandb.ai/m1randa-massachusetts-institute-of-technology/tversky-sirl/runs/8i11hx4y,"{'laptop (computer_dist)': {'n_pairs': 1000, 'n_max_trajs': 56, 'n_min_trajs': 448, 'n_nonempty_hist': {0: 175, 1: 158, 2: 667}, 'n_both_nonempty': 667, 'n_ttest_run': 667, 'n_significant': {0.05: 193, 0.01: 134, 0.001: 116}, 'frac_significant': {0.05: 0.2893553223388306, 0.01: 0.20089955022488756, 0.001: 0.17391304347826086}}, 'upright (joint_up)': {'n_pairs': 1000, 'n_max_trajs': 560, 'n_min_trajs': 280, 'n_nonempty_hist': {0: 341, 1: 64, 2: 595}, 'n_both_nonempty': 595, 'n_ttest_run': 595, 'n_significant': {0.05: 303, 0.01: 277, 0.001: 0}, 'frac_significant': {0.05: 0.5092436974789916, 0.01: 0.46554621848739497, 0.001: 0.0}}}","{'sim_only': {'laptop (computer_dist)': {'n_pairs': 1000, 'n_max_trajs': 56, 'n_min_trajs': 448, 'n_nonempty_hist': {0: 175, 1: 158, 2: 667}, 'n_both_nonempty': 667, 'n_ttest_run': 667, 'n_significant': {0.05: 193, 0.01: 134, 0.001: 116}, 'frac_significant': {0.05: 0.2893553223388306, 0.01: 0.20089955022488756, 0.001: 0.17391304347826086}}, 'upright (joint_up)': {'n_pairs': 1000, 'n_max_trajs': 560, 'n_min_trajs': 280, 'n_nonempty_hist': {0: 341, 1: 64, 2: 595}, 'n_both_nonempty': 595, 'n_ttest_run': 595, 'n_significant': {0.05: 303, 0.01: 277, 0.001: 0}, 'frac_significant': {0.05: 0.5092436974789916, 0.01: 0.46554621848739497, 0.001: 0.0}}}}"
0,8,256,results/sirl_ts/sirl_ts_1786639096.pth,https://wandb.ai/m1randa-massachusetts-institute-of-technology/tversky-sirl/runs/1dt1djrg,"{'laptop (computer_dist)': {'n_pairs': 1000, 'n_max_trajs': 56, 'n_min_trajs': 448, 'n_nonempty_hist': {0: 17, 1: 67, 2: 916}, 'n_both_nonempty': 916, 'n_ttest_run': 916, 'n_significant': {0.05: 584, 0.01: 157, 0.001: 134}, 'frac_significant': {0.05: 0.6375545851528385, 0.01: 0.17139737991266377, 0.001: 0.1462882096069869}}, 'upright (joint_up)': {'n_pairs': 1000, 'n_max_trajs': 560, 'n_min_trajs': 280, 'n_nonempty_hist': {0: 168, 1: 18, 2: 814}, 'n_both_nonempty': 814, 'n_ttest_run': 812, 'n_significant': {0.05: 372, 0.01: 93, 0.001: 34}, 'frac_significant': {0.05: 0.458128078817734, 0.01: 0.1145320197044335, 0.001: 0.04187192118226601}}}","{'sim_only': {'laptop (computer_dist)': {'n_pairs': 1000, 'n_max_trajs': 56, 'n_min_trajs': 448, 'n_nonempty_hist': {0: 17, 1: 67, 2: 916}, 'n_both_nonempty': 916, 'n_ttest_run': 916, 'n_significant': {0.05: 584, 0.01: 157, 0.001: 134}, 'frac_significant': {0.05: 0.6375545851528385, 0.01: 0.17139737991266377, 0.001: 0.1462882096069869}}, 'upright (joint_up)': {'n_pairs': 1000, 'n_max_trajs': 560, 'n_min_trajs': 280, 'n_nonempty_hist': {0: 168, 1: 18, 2: 814}, 'n_both_nonempty': 814, 'n_ttest_run': 812, 'n_significant': {0.05: 372, 0.01: 93, 0.001: 34}, 'frac_significant': {0.05: 0.458128078817734, 0.01: 0.1145320197044335, 0.001: 0.04187192118226601}}}}"
1,8,256,results/sirl_ts/sirl_ts_1786639121.pth,https://wandb.ai/m1randa-massachusetts-institute-of-technology/tversky-sirl/runs/r2mzvyfy,"{'laptop (computer_dist)': {'n_pairs': 1000, 'n_max_trajs': 56, 'n_min_trajs': 448, 'n_nonempty_hist': {0: 12, 1: 118, 2: 870}, 'n_both_nonempty': 870, 'n_ttest_run': 870, 'n_significant': {0.05: 164, 0.01: 59, 0.001: 1}, 'frac_significant': {0.05: 0.18850574712643678, 0.01: 0.067816091954023, 0.001: 0.0011494252873563218}}, 'upright (joint_up)': {'n_pairs': 1000, 'n_max_trajs': 560, 'n_min_trajs': 280, 'n_nonempty_hist': {0: 9, 1: 88, 2: 903}, 'n_both_nonempty': 903, 'n_ttest_run': 901, 'n_significant': {0.05: 323, 0.01: 257, 0.001: 29}, 'frac_significant': {0.05: 0.3584905660377358, 0.01: 0.28523862375138737, 0.001: 0.03218645948945616}}}","{'sim_only': {'laptop (computer_dist)': {'n_pairs': 1000, 'n_max_trajs': 56, 'n_min_trajs': 448, 'n_nonempty_hist': {0: 12, 1: 118, 2: 870}, 'n_both_nonempty': 870, 'n_ttest_run': 870, 'n_significant': {0.05: 164, 0.01: 59, 0.001: 1}, 'frac_significant': {0.05: 0.18850574712643678, 0.01: 0.067816091954023, 0.001: 0.0011494252873563218}}, 'upright (joint_up)': {'n_pairs': 1000, 'n_max_trajs': 560, 'n_min_trajs': 280, 'n_nonempty_hist': {0: 9, 1: 88, 2: 903}, 'n_both_nonempty': 903, 'n_ttest_run': 901, 'n_significant': {0.05: 323, 0.01: 257, 0.001: 29}, 'frac_significant': {0.05: 0.3584905660377358, 0.01: 0.28523862375138737, 0.001: 0.03218645948945616}}}}"
2,8,256,results/sirl_ts/sirl_ts_1786639145.pth,https://wandb.ai/m1randa-massachusetts-institute-of-technology/tversky-sirl/runs/xjc49ru1,"{'laptop (computer_dist)': {'n_pairs': 1000, 'n_max_trajs': 56, 'n_min_trajs': 448, 'n_nonempty_hist': {0: 21, 1: 0, 2: 979}, 'n_both_nonempty': 979, 'n_ttest_run': 978, 'n_significant': {0.05: 78, 0.01: 26, 0.001: 6}, 'frac_significant': {0.05: 0.07975460122699386, 0.01: 0.026584867075664622, 0.001: 0.006134969325153374}}, 'upright (joint_up)': {'n_pairs': 1000, 'n_max_trajs': 560, 'n_min_trajs': 280, 'n_nonempty_hist': {0: 22, 1: 0, 2: 978}, 'n_both_nonempty': 978, 'n_ttest_run': 870, 'n_significant': {0.05: 332, 0.01: 113, 0.001: 55}, 'frac_significant': {0.05: 0.3816091954022989, 0.01: 0.12988505747126436, 0.001: 0.06321839080459771}}}","{'sim_only': {'laptop (computer_dist)': {'n_pairs': 1000, 'n_max_trajs': 56, 'n_min_trajs': 448, 'n_nonempty_hist': {0: 21, 1: 0, 2: 979}, 'n_both_nonempty': 979, 'n_ttest_run': 978, 'n_significant': {0.05: 78, 0.01: 26, 0.001: 6}, 'frac_significant': {0.05: 0.07975460122699386, 0.01: 0.026584867075664622, 0.001: 0.006134969325153374}}, 'upright (joint_up)': {'n_pairs': 1000, 'n_max_trajs': 560, 'n_min_trajs': 280, 'n_nonempty_hist': {0: 22, 1: 0, 2: 978}, 'n_both_nonempty': 978, 'n_ttest_run': 870, 'n_significant': {0.05: 332, 0.01: 113, 0.001: 55}, 'frac_significant': {0.05: 0.3816091954022989, 0.01: 0.12988505747126436, 0.001: 0.06321839080459771}}}}"
0,10,2,results/sirl_ts/sirl_ts_1786639183.pth,https://wandb.ai/m1randa-massachusetts-institute-of-technology/tversky-sirl/runs/rv9tq4wn,"{'laptop (computer_dist)': {'n_pairs': 1000, 'n_max_trajs': 56, 'n_min_trajs': 448, 'n_nonempty_hist': {0: 259, 1: 658, 2: 83}, 'n_both_nonempty': 83, 'n_ttest_run': 83, 'n_significant': {0.05: 0, 0.01: 0, 0.001: 0}, 'frac_significant': {0.05: 0.0, 0.01: 0.0, 0.001: 0.0}}, 'upright (joint_up)': {'n_pairs': 1000, 'n_max_trajs': 560, 'n_min_trajs': 280, 'n_nonempty_hist': {0: 294, 1: 683, 2: 23}, 'n_both_nonempty': 23, 'n_ttest_run': 23, 'n_significant': {0.05: 0, 0.01: 0, 0.001: 0}, 'frac_significant': {0.05: 0.0, 0.01: 0.0, 0.001: 0.0}}}","{'sim_only': {'laptop (computer_dist)': {'n_pairs': 1000, 'n_max_trajs': 56, 'n_min_trajs': 448, 'n_nonempty_hist': {0: 259, 1: 658, 2: 83}, 'n_both_nonempty': 83, 'n_ttest_run': 83, 'n_significant': {0.05: 0, 0.01: 0, 0.001: 0}, 'frac_significant': {0.05: 0.0, 0.01: 0.0, 0.001: 0.0}}, 'upright (joint_up)': {'n_pairs': 1000, 'n_max_trajs': 560, 'n_min_trajs': 280, 'n_nonempty_hist': {0: 294, 1: 683, 2: 23}, 'n_both_nonempty': 23, 'n_ttest_run': 23, 'n_significant': {0.05: 0, 0.01: 0, 0.001: 0}, 'frac_significant': {0.05: 0.0, 0.01: 0.0, 0.001: 0.0}}}}"
1,10,2,results/sirl_ts/sirl_ts_1786639198.pth,https://wandb.ai/m1randa-massachusetts-institute-of-technology/tversky-sirl/runs/cnfpgezc,"{'laptop (computer_dist)': {'n_pairs': 1000, 'n_max_trajs': 56, 'n_min_trajs': 448, 'n_nonempty_hist': {0: 259, 1: 530, 2: 211}, 'n_both_nonempty': 211, 'n_ttest_run': 0, 'n_significant': {0.05: 0, 0.01: 0, 0.001: 0}, 'frac_significant': {0.05: 0.0, 0.01: 0.0, 0.001: 0.0}}, 'upright (joint_up)': {'n_pairs': 1000, 'n_max_trajs': 560, 'n_min_trajs': 280, 'n_nonempty_hist': {0: 277, 1: 469, 2: 254}, 'n_both_nonempty': 254, 'n_ttest_run': 254, 'n_significant': {0.05: 0, 0.01: 0, 0.001: 0}, 'frac_significant': {0.05: 0.0, 0.01: 0.0, 0.001: 0.0}}}","{'sim_only': {'laptop (computer_dist)': {'n_pairs': 1000, 'n_max_trajs': 56, 'n_min_trajs': 448, 'n_nonempty_hist': {0: 259, 1: 530, 2: 211}, 'n_both_nonempty': 211, 'n_ttest_run': 0, 'n_significant': {0.05: 0, 0.01: 0, 0.001: 0}, 'frac_significant': {0.05: 0.0, 0.01: 0.0, 0.001: 0.0}}, 'upright (joint_up)': {'n_pairs': 1000, 'n_max_trajs': 560, 'n_min_trajs': 280, 'n_nonempty_hist': {0: 277, 1: 469, 2: 254}, 'n_both_nonempty': 254, 'n_ttest_run': 254, 'n_significant': {0.05: 0, 0.01: 0, 0.001: 0}, 'frac_significant': {0.05: 0.0, 0.01: 0.0, 0.001: 0.0}}}}"
2,10,2,results/sirl_ts/sirl_ts_1786639213.pth,https://wandb.ai/m1randa-massachusetts-institute-of-technology/tversky-sirl/runs/wzl5cb7r,"{'laptop (computer_dist)': {'n_pairs': 1000, 'n_max_trajs': 56, 'n_min_trajs': 448, 'n_nonempty_hist': {0: 332, 1: 647, 2: 21}, 'n_both_nonempty': 21, 'n_ttest_run': 0, 'n_significant': {0.05: 0, 0.01: 0, 0.001: 0}, 'frac_significant': {0.05: 0.0, 0.01: 0.0, 0.001: 0.0}}, 'upright (joint_up)': {'n_pairs': 1000, 'n_max_trajs': 560, 'n_min_trajs': 280, 'n_nonempty_hist': {0: 377, 1: 611, 2: 12}, 'n_both_nonempty': 12, 'n_ttest_run': 12, 'n_significant': {0.05: 0, 0.01: 0, 0.001: 0}, 'frac_significant': {0.05: 0.0, 0.01: 0.0, 0.001: 0.0}}}","{'sim_only': {'laptop (computer_dist)': {'n_pairs': 1000, 'n_max_trajs': 56, 'n_min_trajs': 448, 'n_nonempty_hist': {0: 332, 1: 647, 2: 21}, 'n_both_nonempty': 21, 'n_ttest_run': 0, 'n_significant': {0.05: 0, 0.01: 0, 0.001: 0}, 'frac_significant': {0.05: 0.0, 0.01: 0.0, 0.001: 0.0}}, 'upright (joint_up)': {'n_pairs': 1000, 'n_max_trajs': 560, 'n_min_trajs': 280, 'n_nonempty_hist': {0: 377, 1: 611, 2: 12}, 'n_both_nonempty': 12, 'n_ttest_run': 12, 'n_significant': {0.05: 0, 0.01: 0, 0.001: 0}, 'frac_significant': {0.05: 0.0, 0.01: 0.0, 0.001: 0.0}}}}"
0,10,4,results/sirl_ts/sirl_ts_1786639227.pth,https://wandb.ai/m1randa-massachusetts-institute-of-technology/tversky-sirl/runs/wbhgu9cq,"{'laptop (computer_dist)': {'n_pairs': 1000, 'n_max_trajs': 56, 'n_min_trajs': 448, 'n_nonempty_hist': {0: 349, 1: 634, 2: 17}, 'n_both_nonempty': 17, 'n_ttest_run': 0, 'n_significant': {0.05: 0, 0.01: 0, 0.001: 0}, 'frac_significant': {0.05: 0.0, 0.01: 0.0, 0.001: 0.0}}, 'upright (joint_up)': {'n_pairs': 1000, 'n_max_trajs': 560, 'n_min_trajs': 280, 'n_nonempty_hist': {0: 398, 1: 595, 2: 7}, 'n_both_nonempty': 7, 'n_ttest_run': 7, 'n_significant': {0.05: 0, 0.01: 0, 0.001: 0}, 'frac_significant': {0.05: 0.0, 0.01: 0.0, 0.001: 0.0}}}","{'sim_only': {'laptop (computer_dist)': {'n_pairs': 1000, 'n_max_trajs': 56, 'n_min_trajs': 448, 'n_nonempty_hist': {0: 349, 1: 634, 2: 17}, 'n_both_nonempty': 17, 'n_ttest_run': 0, 'n_significant': {0.05: 0, 0.01: 0, 0.001: 0}, 'frac_significant': {0.05: 0.0, 0.01: 0.0, 0.001: 0.0}}, 'upright (joint_up)': {'n_pairs': 1000, 'n_max_trajs': 560, 'n_min_trajs': 280, 'n_nonempty_hist': {0: 398, 1: 595, 2: 7}, 'n_both_nonempty': 7, 'n_ttest_run': 7, 'n_significant': {0.05: 0, 0.01: 0, 0.001: 0}, 'frac_significant': {0.05: 0.0, 0.01: 0.0, 0.001: 0.0}}}}"
1,10,4,results/sirl_ts/sirl_ts_1786639241.pth,https://wandb.ai/m1randa-massachusetts-institute-of-technology/tversky-sirl/runs/4pdfpml3,"{'laptop (computer_dist)': {'n_pairs': 1000, 'n_max_trajs': 56, 'n_min_trajs': 448, 'n_nonempty_hist': {0: 91, 1: 553, 2: 356}, 'n_both_nonempty': 356, 'n_ttest_run': 356, 'n_significant': {0.05: 327, 0.01: 315, 0.001: 22}, 'frac_significant': {0.05: 0.9185393258426966, 0.01: 0.8848314606741573, 0.001: 0.06179775280898876}}, 'upright (joint_up)': {'n_pairs': 1000, 'n_max_trajs': 560, 'n_min_trajs': 280, 'n_nonempty_hist': {0: 93, 1: 474, 2: 433}, 'n_both_nonempty': 433, 'n_ttest_run': 421, 'n_significant': {0.05: 186, 0.01: 32, 0.001: 0}, 'frac_significant': {0.05: 0.4418052256532066, 0.01: 0.07600950118764846, 0.001: 0.0}}}","{'sim_only': {'laptop (computer_dist)': {'n_pairs': 1000, 'n_max_trajs': 56, 'n_min_trajs': 448, 'n_nonempty_hist': {0: 91, 1: 553, 2: 356}, 'n_both_nonempty': 356, 'n_ttest_run': 356, 'n_significant': {0.05: 327, 0.01: 315, 0.001: 22}, 'frac_significant': {0.05: 0.9185393258426966, 0.01: 0.8848314606741573, 0.001: 0.06179775280898876}}, 'upright (joint_up)': {'n_pairs': 1000, 'n_max_trajs': 560, 'n_min_trajs': 280, 'n_nonempty_hist': {0: 93, 1: 474, 2: 433}, 'n_both_nonempty': 433, 'n_ttest_run': 421, 'n_significant': {0.05: 186, 0.01: 32, 0.001: 0}, 'frac_significant': {0.05: 0.4418052256532066, 0.01: 0.07600950118764846, 0.001: 0.0}}}}"
2,10,4,results/sirl_ts/sirl_ts_1786639257.pth,https://wandb.ai/m1randa-massachusetts-institute-of-technology/tversky-sirl/runs/5mvznplm,"{'laptop (computer_dist)': {'n_pairs': 1000, 'n_max_trajs': 56, 'n_min_trajs': 448, 'n_nonempty_hist': {0: 100, 1: 519, 2: 381}, 'n_both_nonempty': 381, 'n_ttest_run': 381, 'n_significant': {0.05: 175, 0.01: 0, 0.001: 0}, 'frac_significant': {0.05: 0.45931758530183725, 0.01: 0.0, 0.001: 0.0}}, 'upright (joint_up)': {'n_pairs': 1000, 'n_max_trajs': 560, 'n_min_trajs': 280, 'n_nonempty_hist': {0: 129, 1: 534, 2: 337}, 'n_both_nonempty': 337, 'n_ttest_run': 337, 'n_significant': {0.05: 12, 0.01: 5, 0.001: 0}, 'frac_significant': {0.05: 0.03560830860534125, 0.01: 0.01483679525222552, 0.001: 0.0}}}","{'sim_only': {'laptop (computer_dist)': {'n_pairs': 1000, 'n_max_trajs': 56, 'n_min_trajs': 448, 'n_nonempty_hist': {0: 100, 1: 519, 2: 381}, 'n_both_nonempty': 381, 'n_ttest_run': 381, 'n_significant': {0.05: 175, 0.01: 0, 0.001: 0}, 'frac_significant': {0.05: 0.45931758530183725, 0.01: 0.0, 0.001: 0.0}}, 'upright (joint_up)': {'n_pairs': 1000, 'n_max_trajs': 560, 'n_min_trajs': 280, 'n_nonempty_hist': {0: 129, 1: 534, 2: 337}, 'n_both_nonempty': 337, 'n_ttest_run': 337, 'n_significant': {0.05: 12, 0.01: 5, 0.001: 0}, 'frac_significant': {0.05: 0.03560830860534125, 0.01: 0.01483679525222552, 0.001: 0.0}}}}"
0,10,8,results/sirl_ts/sirl_ts_1786639273.pth,https://wandb.ai/m1randa-massachusetts-institute-of-technology/tversky-sirl/runs/kt3gl1e3,"{'laptop (computer_dist)': {'n_pairs': 1000, 'n_max_trajs': 56, 'n_min_trajs': 448, 'n_nonempty_hist': {0: 130, 1: 351, 2: 519}, 'n_both_nonempty': 519, 'n_ttest_run': 519, 'n_significant': {0.05: 0, 0.01: 0, 0.001: 0}, 'frac_significant': {0.05: 0.0, 0.01: 0.0, 0.001: 0.0}}, 'upright (joint_up)': {'n_pairs': 1000, 'n_max_trajs': 560, 'n_min_trajs': 280, 'n_nonempty_hist': {0: 139, 1: 373, 2: 488}, 'n_both_nonempty': 488, 'n_ttest_run': 488, 'n_significant': {0.05: 0, 0.01: 0, 0.001: 0}, 'frac_significant': {0.05: 0.0, 0.01: 0.0, 0.001: 0.0}}}","{'sim_only': {'laptop (computer_dist)': {'n_pairs': 1000, 'n_max_trajs': 56, 'n_min_trajs': 448, 'n_nonempty_hist': {0: 130, 1: 351, 2: 519}, 'n_both_nonempty': 519, 'n_ttest_run': 519, 'n_significant': {0.05: 0, 0.01: 0, 0.001: 0}, 'frac_significant': {0.05: 0.0, 0.01: 0.0, 0.001: 0.0}}, 'upright (joint_up)': {'n_pairs': 1000, 'n_max_trajs': 560, 'n_min_trajs': 280, 'n_nonempty_hist': {0: 139, 1: 373, 2: 488}, 'n_both_nonempty': 488, 'n_ttest_run': 488, 'n_significant': {0.05: 0, 0.01: 0, 0.001: 0}, 'frac_significant': {0.05: 0.0, 0.01: 0.0, 0.001: 0.0}}}}"
1,10,8,results/sirl_ts/sirl_ts_1786639288.pth,https://wandb.ai/m1randa-massachusetts-institute-of-technology/tversky-sirl/runs/c9l6e2b2,"{'laptop (computer_dist)': {'n_pairs': 1000, 'n_max_trajs': 56, 'n_min_trajs': 448, 'n_nonempty_hist': {0: 128, 1: 402, 2: 470}, 'n_both_nonempty': 470, 'n_ttest_run': 470, 'n_significant': {0.05: 349, 0.01: 224, 0.001: 0}, 'frac_significant': {0.05: 0.7425531914893617, 0.01: 0.4765957446808511, 0.001: 0.0}}, 'upright (joint_up)': {'n_pairs': 1000, 'n_max_trajs': 560, 'n_min_trajs': 280, 'n_nonempty_hist': {0: 189, 1: 141, 2: 670}, 'n_both_nonempty': 670, 'n_ttest_run': 670, 'n_significant': {0.05: 351, 0.01: 26, 0.001: 18}, 'frac_significant': {0.05: 0.5238805970149254, 0.01: 0.03880597014925373, 0.001: 0.026865671641791045}}}","{'sim_only': {'laptop (computer_dist)': {'n_pairs': 1000, 'n_max_trajs': 56, 'n_min_trajs': 448, 'n_nonempty_hist': {0: 128, 1: 402, 2: 470}, 'n_both_nonempty': 470, 'n_ttest_run': 470, 'n_significant': {0.05: 349, 0.01: 224, 0.001: 0}, 'frac_significant': {0.05: 0.7425531914893617, 0.01: 0.4765957446808511, 0.001: 0.0}}, 'upright (joint_up)': {'n_pairs': 1000, 'n_max_trajs': 560, 'n_min_trajs': 280, 'n_nonempty_hist': {0: 189, 1: 141, 2: 670}, 'n_both_nonempty': 670, 'n_ttest_run': 670, 'n_significant': {0.05: 351, 0.01: 26, 0.001: 18}, 'frac_significant': {0.05: 0.5238805970149254, 0.01: 0.03880597014925373, 0.001: 0.026865671641791045}}}}"
2,10,8,results/sirl_ts/sirl_ts_1786639305.pth,https://wandb.ai/m1randa-massachusetts-institute-of-technology/tversky-sirl/runs/a8kvwby0,"{'laptop (computer_dist)': {'n_pairs': 1000, 'n_max_trajs': 56, 'n_min_trajs': 448, 'n_nonempty_hist': {0: 49, 1: 309, 2: 642}, 'n_both_nonempty': 642, 'n_ttest_run': 642, 'n_significant': {0.05: 500, 0.01: 500, 0.001: 500}, 'frac_significant': {0.05: 0.778816199376947, 0.01: 0.778816199376947, 0.001: 0.778816199376947}}, 'upright (joint_up)': {'n_pairs': 1000, 'n_max_trajs': 560, 'n_min_trajs': 280, 'n_nonempty_hist': {0: 102, 1: 119, 2: 779}, 'n_both_nonempty': 779, 'n_ttest_run': 779, 'n_significant': {0.05: 66, 0.01: 29, 0.001: 0}, 'frac_significant': {0.05: 0.08472400513478819, 0.01: 0.037227214377406934, 0.001: 0.0}}}","{'sim_only': {'laptop (computer_dist)': {'n_pairs': 1000, 'n_max_trajs': 56, 'n_min_trajs': 448, 'n_nonempty_hist': {0: 49, 1: 309, 2: 642}, 'n_both_nonempty': 642, 'n_ttest_run': 642, 'n_significant': {0.05: 500, 0.01: 500, 0.001: 500}, 'frac_significant': {0.05: 0.778816199376947, 0.01: 0.778816199376947, 0.001: 0.778816199376947}}, 'upright (joint_up)': {'n_pairs': 1000, 'n_max_trajs': 560, 'n_min_trajs': 280, 'n_nonempty_hist': {0: 102, 1: 119, 2: 779}, 'n_both_nonempty': 779, 'n_ttest_run': 779, 'n_significant': {0.05: 66, 0.01: 29, 0.001: 0}, 'frac_significant': {0.05: 0.08472400513478819, 0.01: 0.037227214377406934, 0.001: 0.0}}}}"
0,10,16,results/sirl_ts/sirl_ts_1786639321.pth,https://wandb.ai/m1randa-massachusetts-institute-of-technology/tversky-sirl/runs/hyf7nq0b,"{'laptop (computer_dist)': {'n_pairs': 1000, 'n_max_trajs': 56, 'n_min_trajs': 448, 'n_nonempty_hist': {0: 40, 1: 211, 2: 749}, 'n_both_nonempty': 749, 'n_ttest_run': 749, 'n_significant': {0.05: 489, 0.01: 472, 0.001: 437}, 'frac_significant': {0.05: 0.6528704939919893, 0.01: 0.630173564753004, 0.001: 0.5834445927903872}}, 'upright (joint_up)': {'n_pairs': 1000, 'n_max_trajs': 560, 'n_min_trajs': 280, 'n_nonempty_hist': {0: 39, 1: 96, 2: 865}, 'n_both_nonempty': 865, 'n_ttest_run': 865, 'n_significant': {0.05: 232, 0.01: 98, 0.001: 9}, 'frac_significant': {0.05: 0.2682080924855491, 0.01: 0.11329479768786127, 0.001: 0.010404624277456647}}}","{'sim_only': {'laptop (computer_dist)': {'n_pairs': 1000, 'n_max_trajs': 56, 'n_min_trajs': 448, 'n_nonempty_hist': {0: 40, 1: 211, 2: 749}, 'n_both_nonempty': 749, 'n_ttest_run': 749, 'n_significant': {0.05: 489, 0.01: 472, 0.001: 437}, 'frac_significant': {0.05: 0.6528704939919893, 0.01: 0.630173564753004, 0.001: 0.5834445927903872}}, 'upright (joint_up)': {'n_pairs': 1000, 'n_max_trajs': 560, 'n_min_trajs': 280, 'n_nonempty_hist': {0: 39, 1: 96, 2: 865}, 'n_both_nonempty': 865, 'n_ttest_run': 865, 'n_significant': {0.05: 232, 0.01: 98, 0.001: 9}, 'frac_significant': {0.05: 0.2682080924855491, 0.01: 0.11329479768786127, 0.001: 0.010404624277456647}}}}"
1,10,16,results/sirl_ts/sirl_ts_1786639338.pth,https://wandb.ai/m1randa-massachusetts-institute-of-technology/tversky-sirl/runs/ag8g2o5q,"{'laptop (computer_dist)': {'n_pairs': 1000, 'n_max_trajs': 56, 'n_min_trajs': 448, 'n_nonempty_hist': {0: 73, 1: 261, 2: 666}, 'n_both_nonempty': 666, 'n_ttest_run': 666, 'n_significant': {0.05: 359, 0.01: 337, 0.001: 177}, 'frac_significant': {0.05: 0.539039039039039, 0.01: 0.506006006006006, 0.001: 0.26576576576576577}}, 'upright (joint_up)': {'n_pairs': 1000, 'n_max_trajs': 560, 'n_min_trajs': 280, 'n_nonempty_hist': {0: 47, 1: 124, 2: 829}, 'n_both_nonempty': 829, 'n_ttest_run': 829, 'n_significant': {0.05: 43, 0.01: 5, 0.001: 1}, 'frac_significant': {0.05: 0.05186972255729795, 0.01: 0.006031363088057901, 0.001: 0.0012062726176115801}}}","{'sim_only': {'laptop (computer_dist)': {'n_pairs': 1000, 'n_max_trajs': 56, 'n_min_trajs': 448, 'n_nonempty_hist': {0: 73, 1: 261, 2: 666}, 'n_both_nonempty': 666, 'n_ttest_run': 666, 'n_significant': {0.05: 359, 0.01: 337, 0.001: 177}, 'frac_significant': {0.05: 0.539039039039039, 0.01: 0.506006006006006, 0.001: 0.26576576576576577}}, 'upright (joint_up)': {'n_pairs': 1000, 'n_max_trajs': 560, 'n_min_trajs': 280, 'n_nonempty_hist': {0: 47, 1: 124, 2: 829}, 'n_both_nonempty': 829, 'n_ttest_run': 829, 'n_significant': {0.05: 43, 0.01: 5, 0.001: 1}, 'frac_significant': {0.05: 0.05186972255729795, 0.01: 0.006031363088057901, 0.001: 0.0012062726176115801}}}}"
2,10,16,results/sirl_ts/sirl_ts_1786639356.pth,https://wandb.ai/m1randa-massachusetts-institute-of-technology/tversky-sirl/runs/iiqm91a7,"{'laptop (computer_dist)': {'n_pairs': 1000, 'n_max_trajs': 56, 'n_min_trajs': 448, 'n_nonempty_hist': {0: 38, 1: 96, 2: 866}, 'n_both_nonempty': 866, 'n_ttest_run': 866, 'n_significant': {0.05: 683, 0.01: 663, 0.001: 640}, 'frac_significant': {0.05: 0.7886836027713626, 0.01: 0.7655889145496536, 0.001: 0.7390300230946882}}, 'upright (joint_up)': {'n_pairs': 1000, 'n_max_trajs': 560, 'n_min_trajs': 280, 'n_nonempty_hist': {0: 38, 1: 47, 2: 915}, 'n_both_nonempty': 915, 'n_ttest_run': 915, 'n_significant': {0.05: 8, 0.01: 0, 0.001: 0}, 'frac_significant': {0.05: 0.008743169398907104, 0.01: 0.0, 0.001: 0.0}}}","{'sim_only': {'laptop (computer_dist)': {'n_pairs': 1000, 'n_max_trajs': 56, 'n_min_trajs': 448, 'n_nonempty_hist': {0: 38, 1: 96, 2: 866}, 'n_both_nonempty': 866, 'n_ttest_run': 866, 'n_significant': {0.05: 683, 0.01: 663, 0.001: 640}, 'frac_significant': {0.05: 0.7886836027713626, 0.01: 0.7655889145496536, 0.001: 0.7390300230946882}}, 'upright (joint_up)': {'n_pairs': 1000, 'n_max_trajs': 560, 'n_min_trajs': 280, 'n_nonempty_hist': {0: 38, 1: 47, 2: 915}, 'n_both_nonempty': 915, 'n_ttest_run': 915, 'n_significant': {0.05: 8, 0.01: 0, 0.001: 0}, 'frac_significant': {0.05: 0.008743169398907104, 0.01: 0.0, 0.001: 0.0}}}}"
0,10,32,results/sirl_ts/sirl_ts_1786639374.pth,https://wandb.ai/m1randa-massachusetts-institute-of-technology/tversky-sirl/runs/h4uzh6hy,"{'laptop (computer_dist)': {'n_pairs': 1000, 'n_max_trajs': 56, 'n_min_trajs': 448, 'n_nonempty_hist': {0: 122, 1: 275, 2: 603}, 'n_both_nonempty': 603, 'n_ttest_run': 603, 'n_significant': {0.05: 411, 0.01: 406, 0.001: 398}, 'frac_significant': {0.05: 0.681592039800995, 0.01: 0.6733001658374793, 0.001: 0.6600331674958541}}, 'upright (joint_up)': {'n_pairs': 1000, 'n_max_trajs': 560, 'n_min_trajs': 280, 'n_nonempty_hist': {0: 118, 1: 78, 2: 804}, 'n_both_nonempty': 804, 'n_ttest_run': 804, 'n_significant': {0.05: 290, 0.01: 134, 0.001: 46}, 'frac_significant': {0.05: 0.36069651741293535, 0.01: 0.16666666666666666, 0.001: 0.05721393034825871}}}","{'sim_only': {'laptop (computer_dist)': {'n_pairs': 1000, 'n_max_trajs': 56, 'n_min_trajs': 448, 'n_nonempty_hist': {0: 122, 1: 275, 2: 603}, 'n_both_nonempty': 603, 'n_ttest_run': 603, 'n_significant': {0.05: 411, 0.01: 406, 0.001: 398}, 'frac_significant': {0.05: 0.681592039800995, 0.01: 0.6733001658374793, 0.001: 0.6600331674958541}}, 'upright (joint_up)': {'n_pairs': 1000, 'n_max_trajs': 560, 'n_min_trajs': 280, 'n_nonempty_hist': {0: 118, 1: 78, 2: 804}, 'n_both_nonempty': 804, 'n_ttest_run': 804, 'n_significant': {0.05: 290, 0.01: 134, 0.001: 46}, 'frac_significant': {0.05: 0.36069651741293535, 0.01: 0.16666666666666666, 0.001: 0.05721393034825871}}}}"
1,10,32,results/sirl_ts/sirl_ts_1786639392.pth,https://wandb.ai/m1randa-massachusetts-institute-of-technology/tversky-sirl/runs/0rl0js1v,"{'laptop (computer_dist)': {'n_pairs': 1000, 'n_max_trajs': 56, 'n_min_trajs': 448, 'n_nonempty_hist': {0: 16, 1: 93, 2: 891}, 'n_both_nonempty': 891, 'n_ttest_run': 891, 'n_significant': {0.05: 241, 0.01: 38, 0.001: 0}, 'frac_significant': {0.05: 0.27048260381593714, 0.01: 0.04264870931537598, 0.001: 0.0}}, 'upright (joint_up)': {'n_pairs': 1000, 'n_max_trajs': 560, 'n_min_trajs': 280, 'n_nonempty_hist': {0: 21, 1: 45, 2: 934}, 'n_both_nonempty': 934, 'n_ttest_run': 894, 'n_significant': {0.05: 510, 0.01: 470, 0.001: 171}, 'frac_significant': {0.05: 0.5704697986577181, 0.01: 0.5257270693512305, 0.001: 0.1912751677852349}}}","{'sim_only': {'laptop (computer_dist)': {'n_pairs': 1000, 'n_max_trajs': 56, 'n_min_trajs': 448, 'n_nonempty_hist': {0: 16, 1: 93, 2: 891}, 'n_both_nonempty': 891, 'n_ttest_run': 891, 'n_significant': {0.05: 241, 0.01: 38, 0.001: 0}, 'frac_significant': {0.05: 0.27048260381593714, 0.01: 0.04264870931537598, 0.001: 0.0}}, 'upright (joint_up)': {'n_pairs': 1000, 'n_max_trajs': 560, 'n_min_trajs': 280, 'n_nonempty_hist': {0: 21, 1: 45, 2: 934}, 'n_both_nonempty': 934, 'n_ttest_run': 894, 'n_significant': {0.05: 510, 0.01: 470, 0.001: 171}, 'frac_significant': {0.05: 0.5704697986577181, 0.01: 0.5257270693512305, 0.001: 0.1912751677852349}}}}"
2,10,32,results/sirl_ts/sirl_ts_1786639410.pth,https://wandb.ai/m1randa-massachusetts-institute-of-technology/tversky-sirl/runs/brp9csl1,"{'laptop (computer_dist)': {'n_pairs': 1000, 'n_max_trajs': 56, 'n_min_trajs': 448, 'n_nonempty_hist': {0: 46, 1: 206, 2: 748}, 'n_both_nonempty': 748, 'n_ttest_run': 748, 'n_significant': {0.05: 537, 0.01: 414, 0.001: 57}, 'frac_significant': {0.05: 0.7179144385026738, 0.01: 0.553475935828877, 0.001: 0.07620320855614973}}, 'upright (joint_up)': {'n_pairs': 1000, 'n_max_trajs': 560, 'n_min_trajs': 280, 'n_nonempty_hist': {0: 25, 1: 88, 2: 887}, 'n_both_nonempty': 887, 'n_ttest_run': 887, 'n_significant': {0.05: 399, 0.01: 330, 0.001: 19}, 'frac_significant': {0.05: 0.44983089064261556, 0.01: 0.37204058624577224, 0.001: 0.02142051860202931}}}","{'sim_only': {'laptop (computer_dist)': {'n_pairs': 1000, 'n_max_trajs': 56, 'n_min_trajs': 448, 'n_nonempty_hist': {0: 46, 1: 206, 2: 748}, 'n_both_nonempty': 748, 'n_ttest_run': 748, 'n_significant': {0.05: 537, 0.01: 414, 0.001: 57}, 'frac_significant': {0.05: 0.7179144385026738, 0.01: 0.553475935828877, 0.001: 0.07620320855614973}}, 'upright (joint_up)': {'n_pairs': 1000, 'n_max_trajs': 560, 'n_min_trajs': 280, 'n_nonempty_hist': {0: 25, 1: 88, 2: 887}, 'n_both_nonempty': 887, 'n_ttest_run': 887, 'n_significant': {0.05: 399, 0.01: 330, 0.001: 19}, 'frac_significant': {0.05: 0.44983089064261556, 0.01: 0.37204058624577224, 0.001: 0.02142051860202931}}}}"
0,10,64,results/sirl_ts/sirl_ts_1786639427.pth,https://wandb.ai/m1randa-massachusetts-institute-of-technology/tversky-sirl/runs/jj6efnde,"{'laptop (computer_dist)': {'n_pairs': 1000, 'n_max_trajs': 56, 'n_min_trajs': 448, 'n_nonempty_hist': {0: 16, 1: 0, 2: 984}, 'n_both_nonempty': 984, 'n_ttest_run': 984, 'n_significant': {0.05: 241, 0.01: 191, 0.001: 148}, 'frac_significant': {0.05: 0.24491869918699186, 0.01: 0.19410569105691056, 0.001: 0.15040650406504066}}, 'upright (joint_up)': {'n_pairs': 1000, 'n_max_trajs': 560, 'n_min_trajs': 280, 'n_nonempty_hist': {0: 31, 1: 2, 2: 967}, 'n_both_nonempty': 967, 'n_ttest_run': 949, 'n_significant': {0.05: 517, 0.01: 359, 0.001: 209}, 'frac_significant': {0.05: 0.5447839831401475, 0.01: 0.37829293993677554, 0.001: 0.220231822971549}}}","{'sim_only': {'laptop (computer_dist)': {'n_pairs': 1000, 'n_max_trajs': 56, 'n_min_trajs': 448, 'n_nonempty_hist': {0: 16, 1: 0, 2: 984}, 'n_both_nonempty': 984, 'n_ttest_run': 984, 'n_significant': {0.05: 241, 0.01: 191, 0.001: 148}, 'frac_significant': {0.05: 0.24491869918699186, 0.01: 0.19410569105691056, 0.001: 0.15040650406504066}}, 'upright (joint_up)': {'n_pairs': 1000, 'n_max_trajs': 560, 'n_min_trajs': 280, 'n_nonempty_hist': {0: 31, 1: 2, 2: 967}, 'n_both_nonempty': 967, 'n_ttest_run': 949, 'n_significant': {0.05: 517, 0.01: 359, 0.001: 209}, 'frac_significant': {0.05: 0.5447839831401475, 0.01: 0.37829293993677554, 0.001: 0.220231822971549}}}}"
1,10,64,results/sirl_ts/sirl_ts_1786639444.pth,https://wandb.ai/m1randa-massachusetts-institute-of-technology/tversky-sirl/runs/9979hatz,"{'laptop (computer_dist)': {'n_pairs': 1000, 'n_max_trajs': 56, 'n_min_trajs': 448, 'n_nonempty_hist': {0: 73, 1: 44, 2: 883}, 'n_both_nonempty': 883, 'n_ttest_run': 883, 'n_significant': {0.05: 532, 0.01: 407, 0.001: 341}, 'frac_significant': {0.05: 0.6024915062287656, 0.01: 0.4609286523216308, 0.001: 0.38618346545866367}}, 'upright (joint_up)': {'n_pairs': 1000, 'n_max_trajs': 560, 'n_min_trajs': 280, 'n_nonempty_hist': {0: 70, 1: 41, 2: 889}, 'n_both_nonempty': 889, 'n_ttest_run': 889, 'n_significant': {0.05: 167, 0.01: 99, 0.001: 24}, 'frac_significant': {0.05: 0.18785151856017998, 0.01: 0.11136107986501688, 0.001: 0.02699662542182227}}}","{'sim_only': {'laptop (computer_dist)': {'n_pairs': 1000, 'n_max_trajs': 56, 'n_min_trajs': 448, 'n_nonempty_hist': {0: 73, 1: 44, 2: 883}, 'n_both_nonempty': 883, 'n_ttest_run': 883, 'n_significant': {0.05: 532, 0.01: 407, 0.001: 341}, 'frac_significant': {0.05: 0.6024915062287656, 0.01: 0.4609286523216308, 0.001: 0.38618346545866367}}, 'upright (joint_up)': {'n_pairs': 1000, 'n_max_trajs': 560, 'n_min_trajs': 280, 'n_nonempty_hist': {0: 70, 1: 41, 2: 889}, 'n_both_nonempty': 889, 'n_ttest_run': 889, 'n_significant': {0.05: 167, 0.01: 99, 0.001: 24}, 'frac_significant': {0.05: 0.18785151856017998, 0.01: 0.11136107986501688, 0.001: 0.02699662542182227}}}}"
2,10,64,results/sirl_ts/sirl_ts_1786639462.pth,https://wandb.ai/m1randa-massachusetts-institute-of-technology/tversky-sirl/runs/ztpn0688,"{'laptop (computer_dist)': {'n_pairs': 1000, 'n_max_trajs': 56, 'n_min_trajs': 448, 'n_nonempty_hist': {0: 68, 1: 210, 2: 722}, 'n_both_nonempty': 722, 'n_ttest_run': 722, 'n_significant': {0.05: 535, 0.01: 535, 0.001: 459}, 'frac_significant': {0.05: 0.7409972299168975, 0.01: 0.7409972299168975, 0.001: 0.6357340720221607}}, 'upright (joint_up)': {'n_pairs': 1000, 'n_max_trajs': 560, 'n_min_trajs': 280, 'n_nonempty_hist': {0: 51, 1: 61, 2: 888}, 'n_both_nonempty': 888, 'n_ttest_run': 888, 'n_significant': {0.05: 140, 0.01: 66, 0.001: 3}, 'frac_significant': {0.05: 0.15765765765765766, 0.01: 0.07432432432432433, 0.001: 0.0033783783783783786}}}","{'sim_only': {'laptop (computer_dist)': {'n_pairs': 1000, 'n_max_trajs': 56, 'n_min_trajs': 448, 'n_nonempty_hist': {0: 68, 1: 210, 2: 722}, 'n_both_nonempty': 722, 'n_ttest_run': 722, 'n_significant': {0.05: 535, 0.01: 535, 0.001: 459}, 'frac_significant': {0.05: 0.7409972299168975, 0.01: 0.7409972299168975, 0.001: 0.6357340720221607}}, 'upright (joint_up)': {'n_pairs': 1000, 'n_max_trajs': 560, 'n_min_trajs': 280, 'n_nonempty_hist': {0: 51, 1: 61, 2: 888}, 'n_both_nonempty': 888, 'n_ttest_run': 888, 'n_significant': {0.05: 140, 0.01: 66, 0.001: 3}, 'frac_significant': {0.05: 0.15765765765765766, 0.01: 0.07432432432432433, 0.001: 0.0033783783783783786}}}}"
0,10,128,results/sirl_ts/sirl_ts_1786639479.pth,https://wandb.ai/m1randa-massachusetts-institute-of-technology/tversky-sirl/runs/eaor8xp2,"{'laptop (computer_dist)': {'n_pairs': 1000, 'n_max_trajs': 56, 'n_min_trajs': 448, 'n_nonempty_hist': {0: 86, 1: 94, 2: 820}, 'n_both_nonempty': 820, 'n_ttest_run': 820, 'n_significant': {0.05: 149, 0.01: 108, 0.001: 56}, 'frac_significant': {0.05: 0.18170731707317073, 0.01: 0.13170731707317074, 0.001: 0.06829268292682927}}, 'upright (joint_up)': {'n_pairs': 1000, 'n_max_trajs': 560, 'n_min_trajs': 280, 'n_nonempty_hist': {0: 63, 1: 43, 2: 894}, 'n_both_nonempty': 894, 'n_ttest_run': 894, 'n_significant': {0.05: 17, 0.01: 13, 0.001: 7}, 'frac_significant': {0.05: 0.01901565995525727, 0.01: 0.0145413870246085, 0.001: 0.007829977628635347}}}","{'sim_only': {'laptop (computer_dist)': {'n_pairs': 1000, 'n_max_trajs': 56, 'n_min_trajs': 448, 'n_nonempty_hist': {0: 86, 1: 94, 2: 820}, 'n_both_nonempty': 820, 'n_ttest_run': 820, 'n_significant': {0.05: 149, 0.01: 108, 0.001: 56}, 'frac_significant': {0.05: 0.18170731707317073, 0.01: 0.13170731707317074, 0.001: 0.06829268292682927}}, 'upright (joint_up)': {'n_pairs': 1000, 'n_max_trajs': 560, 'n_min_trajs': 280, 'n_nonempty_hist': {0: 63, 1: 43, 2: 894}, 'n_both_nonempty': 894, 'n_ttest_run': 894, 'n_significant': {0.05: 17, 0.01: 13, 0.001: 7}, 'frac_significant': {0.05: 0.01901565995525727, 0.01: 0.0145413870246085, 0.001: 0.007829977628635347}}}}"
1,10,128,results/sirl_ts/sirl_ts_1786639497.pth,https://wandb.ai/m1randa-massachusetts-institute-of-technology/tversky-sirl/runs/6gt8e33u,"{'laptop (computer_dist)': {'n_pairs': 1000, 'n_max_trajs': 56, 'n_min_trajs': 448, 'n_nonempty_hist': {0: 81, 1: 242, 2: 677}, 'n_both_nonempty': 677, 'n_ttest_run': 677, 'n_significant': {0.05: 54, 0.01: 36, 0.001: 9}, 'frac_significant': {0.05: 0.07976366322008863, 0.01: 0.053175775480059084, 0.001: 0.013293943870014771}}, 'upright (joint_up)': {'n_pairs': 1000, 'n_max_trajs': 560, 'n_min_trajs': 280, 'n_nonempty_hist': {0: 71, 1: 118, 2: 811}, 'n_both_nonempty': 811, 'n_ttest_run': 811, 'n_significant': {0.05: 60, 0.01: 8, 0.001: 0}, 'frac_significant': {0.05: 0.07398273736128237, 0.01: 0.009864364981504316, 0.001: 0.0}}}","{'sim_only': {'laptop (computer_dist)': {'n_pairs': 1000, 'n_max_trajs': 56, 'n_min_trajs': 448, 'n_nonempty_hist': {0: 81, 1: 242, 2: 677}, 'n_both_nonempty': 677, 'n_ttest_run': 677, 'n_significant': {0.05: 54, 0.01: 36, 0.001: 9}, 'frac_significant': {0.05: 0.07976366322008863, 0.01: 0.053175775480059084, 0.001: 0.013293943870014771}}, 'upright (joint_up)': {'n_pairs': 1000, 'n_max_trajs': 560, 'n_min_trajs': 280, 'n_nonempty_hist': {0: 71, 1: 118, 2: 811}, 'n_both_nonempty': 811, 'n_ttest_run': 811, 'n_significant': {0.05: 60, 0.01: 8, 0.001: 0}, 'frac_significant': {0.05: 0.07398273736128237, 0.01: 0.009864364981504316, 0.001: 0.0}}}}"
2,10,128,results/sirl_ts/sirl_ts_1786639516.pth,https://wandb.ai/m1randa-massachusetts-institute-of-technology/tversky-sirl/runs/avcy83ke,"{'laptop (computer_dist)': {'n_pairs': 1000, 'n_max_trajs': 56, 'n_min_trajs': 448, 'n_nonempty_hist': {0: 16, 1: 1, 2: 983}, 'n_both_nonempty': 983, 'n_ttest_run': 983, 'n_significant': {0.05: 386, 0.01: 373, 0.001: 322}, 'frac_significant': {0.05: 0.392675483214649, 0.01: 0.37945066124109866, 0.001: 0.3275686673448627}}, 'upright (joint_up)': {'n_pairs': 1000, 'n_max_trajs': 560, 'n_min_trajs': 280, 'n_nonempty_hist': {0: 57, 1: 10, 2: 933}, 'n_both_nonempty': 933, 'n_ttest_run': 933, 'n_significant': {0.05: 42, 0.01: 17, 0.001: 4}, 'frac_significant': {0.05: 0.04501607717041801, 0.01: 0.01822079314040729, 0.001: 0.004287245444801715}}}","{'sim_only': {'laptop (computer_dist)': {'n_pairs': 1000, 'n_max_trajs': 56, 'n_min_trajs': 448, 'n_nonempty_hist': {0: 16, 1: 1, 2: 983}, 'n_both_nonempty': 983, 'n_ttest_run': 983, 'n_significant': {0.05: 386, 0.01: 373, 0.001: 322}, 'frac_significant': {0.05: 0.392675483214649, 0.01: 0.37945066124109866, 0.001: 0.3275686673448627}}, 'upright (joint_up)': {'n_pairs': 1000, 'n_max_trajs': 560, 'n_min_trajs': 280, 'n_nonempty_hist': {0: 57, 1: 10, 2: 933}, 'n_both_nonempty': 933, 'n_ttest_run': 933, 'n_significant': {0.05: 42, 0.01: 17, 0.001: 4}, 'frac_significant': {0.05: 0.04501607717041801, 0.01: 0.01822079314040729, 0.001: 0.004287245444801715}}}}"
0,10,256,results/sirl_ts/sirl_ts_1786639536.pth,https://wandb.ai/m1randa-massachusetts-institute-of-technology/tversky-sirl/runs/lbfmbbgf,"{'laptop (computer_dist)': {'n_pairs': 1000, 'n_max_trajs': 56, 'n_min_trajs': 448, 'n_nonempty_hist': {0: 22, 1: 33, 2: 945}, 'n_both_nonempty': 945, 'n_ttest_run': 945, 'n_significant': {0.05: 472, 0.01: 418, 0.001: 402}, 'frac_significant': {0.05: 0.49947089947089945, 0.01: 0.44232804232804235, 0.001: 0.4253968253968254}}, 'upright (joint_up)': {'n_pairs': 1000, 'n_max_trajs': 560, 'n_min_trajs': 280, 'n_nonempty_hist': {0: 25, 1: 11, 2: 964}, 'n_both_nonempty': 964, 'n_ttest_run': 925, 'n_significant': {0.05: 347, 0.01: 218, 0.001: 197}, 'frac_significant': {0.05: 0.37513513513513513, 0.01: 0.23567567567567568, 0.001: 0.21297297297297296}}}","{'sim_only': {'laptop (computer_dist)': {'n_pairs': 1000, 'n_max_trajs': 56, 'n_min_trajs': 448, 'n_nonempty_hist': {0: 22, 1: 33, 2: 945}, 'n_both_nonempty': 945, 'n_ttest_run': 945, 'n_significant': {0.05: 472, 0.01: 418, 0.001: 402}, 'frac_significant': {0.05: 0.49947089947089945, 0.01: 0.44232804232804235, 0.001: 0.4253968253968254}}, 'upright (joint_up)': {'n_pairs': 1000, 'n_max_trajs': 560, 'n_min_trajs': 280, 'n_nonempty_hist': {0: 25, 1: 11, 2: 964}, 'n_both_nonempty': 964, 'n_ttest_run': 925, 'n_significant': {0.05: 347, 0.01: 218, 0.001: 197}, 'frac_significant': {0.05: 0.37513513513513513, 0.01: 0.23567567567567568, 0.001: 0.21297297297297296}}}}"
1,10,256,results/sirl_ts/sirl_ts_1786639556.pth,https://wandb.ai/m1randa-massachusetts-institute-of-technology/tversky-sirl/runs/vboru9ak,"{'laptop (computer_dist)': {'n_pairs': 1000, 'n_max_trajs': 56, 'n_min_trajs': 448, 'n_nonempty_hist': {0: 2, 1: 2, 2: 996}, 'n_both_nonempty': 996, 'n_ttest_run': 996, 'n_significant': {0.05: 290, 0.01: 137, 0.001: 63}, 'frac_significant': {0.05: 0.29116465863453816, 0.01: 0.13755020080321284, 0.001: 0.06325301204819277}}, 'upright (joint_up)': {'n_pairs': 1000, 'n_max_trajs': 560, 'n_min_trajs': 280, 'n_nonempty_hist': {0: 10, 1: 0, 2: 990}, 'n_both_nonempty': 990, 'n_ttest_run': 710, 'n_significant': {0.05: 47, 0.01: 34, 0.001: 20}, 'frac_significant': {0.05: 0.06619718309859154, 0.01: 0.04788732394366197, 0.001: 0.028169014084507043}}}","{'sim_only': {'laptop (computer_dist)': {'n_pairs': 1000, 'n_max_trajs': 56, 'n_min_trajs': 448, 'n_nonempty_hist': {0: 2, 1: 2, 2: 996}, 'n_both_nonempty': 996, 'n_ttest_run': 996, 'n_significant': {0.05: 290, 0.01: 137, 0.001: 63}, 'frac_significant': {0.05: 0.29116465863453816, 0.01: 0.13755020080321284, 0.001: 0.06325301204819277}}, 'upright (joint_up)': {'n_pairs': 1000, 'n_max_trajs': 560, 'n_min_trajs': 280, 'n_nonempty_hist': {0: 10, 1: 0, 2: 990}, 'n_both_nonempty': 990, 'n_ttest_run': 710, 'n_significant': {0.05: 47, 0.01: 34, 0.001: 20}, 'frac_significant': {0.05: 0.06619718309859154, 0.01: 0.04788732394366197, 0.001: 0.028169014084507043}}}}"
2,10,256,results/sirl_ts/sirl_ts_1786639576.pth,https://wandb.ai/m1randa-massachusetts-institute-of-technology/tversky-sirl/runs/nov4my59,"{'laptop (computer_dist)': {'n_pairs': 1000, 'n_max_trajs': 56, 'n_min_trajs': 448, 'n_nonempty_hist': {0: 2, 1: 147, 2: 851}, 'n_both_nonempty': 851, 'n_ttest_run': 851, 'n_significant': {0.05: 81, 0.01: 59, 0.001: 36}, 'frac_significant': {0.05: 0.09518213866039953, 0.01: 0.06933019976498238, 0.001: 0.04230317273795535}}, 'upright (joint_up)': {'n_pairs': 1000, 'n_max_trajs': 560, 'n_min_trajs': 280, 'n_nonempty_hist': {0: 27, 1: 26, 2: 947}, 'n_both_nonempty': 947, 'n_ttest_run': 899, 'n_significant': {0.05: 90, 0.01: 21, 0.001: 9}, 'frac_significant': {0.05: 0.10011123470522804, 0.01: 0.02335928809788654, 0.001: 0.010011123470522803}}}","{'sim_only': {'laptop (computer_dist)': {'n_pairs': 1000, 'n_max_trajs': 56, 'n_min_trajs': 448, 'n_nonempty_hist': {0: 2, 1: 147, 2: 851}, 'n_both_nonempty': 851, 'n_ttest_run': 851, 'n_significant': {0.05: 81, 0.01: 59, 0.001: 36}, 'frac_significant': {0.05: 0.09518213866039953, 0.01: 0.06933019976498238, 0.001: 0.04230317273795535}}, 'upright (joint_up)': {'n_pairs': 1000, 'n_max_trajs': 560, 'n_min_trajs': 280, 'n_nonempty_hist': {0: 27, 1: 26, 2: 947}, 'n_both_nonempty': 947, 'n_ttest_run': 899, 'n_significant': {0.05: 90, 0.01: 21, 0.001: 9}, 'frac_significant': {0.05: 0.10011123470522804, 0.01: 0.02335928809788654, 0.001: 0.010011123470522803}}}}"
