seed,ckpt_path,fpe,tpa
0,results/sirl_gridrobot/sirl_dim6_seed0.pth,0.03378893115183372,0.8450000286102295
1,results/sirl_gridrobot/sirl_dim6_seed1.pth,0.04676046999047555,0.8399999737739563
2,results/sirl_gridrobot/sirl_dim6_seed2.pth,0.04504342372807727,0.8500000238418579
3,results/sirl_gridrobot/sirl_dim6_seed3.pth,0.03770728421949111,0.7950000166893005
4,results/sirl_gridrobot/sirl_dim6_seed4.pth,0.03884387670553485,0.8650000095367432
