seed,ckpt_path,fpe
0,TEMP,0.1810586375061536
1,TEMP,0.1810586375061536
2,TEMP,0.1810586375061536
3,TEMP,0.1810586375061536
4,TEMP,0.1810586375061536
