seed,ckpt_path,fpe,tpa
0,results/random_gridrobot/random_dim6_seed0.pth,0.17692729965269538,0.7900000214576721
1,results/random_gridrobot/random_dim6_seed1.pth,0.17761708944306748,0.7549999952316284
2,results/random_gridrobot/random_dim6_seed2.pth,0.1787193347549804,0.7749999761581421
3,results/random_gridrobot/random_dim6_seed3.pth,0.17929939054349373,0.6850000023841858
4,results/random_gridrobot/random_dim6_seed4.pth,0.18054073730039638,0.7149999737739563
