seed,latent_dim,fbank_size,ckpt_path,query_sim_only,query
0,2,2,results/pca_ljts/tversky_proj_1785775240.pth,"{'laptop (computer_dist)': {'n_pairs': 1000, 'n_max_trajs': 56, 'n_min_trajs': 448, 'n_nonempty_hist': {0: 496, 1: 504, 2: 0}, 'n_both_nonempty': 0, 'n_ttest_run': 0, 'n_significant': {0.05: 0, 0.01: 0, 0.001: 0}, 'frac_significant': {0.05: 0.0, 0.01: 0.0, 0.001: 0.0}}, 'upright (joint_up)': {'n_pairs': 1000, 'n_max_trajs': 560, 'n_min_trajs': 280, 'n_nonempty_hist': {0: 470, 1: 530, 2: 0}, 'n_both_nonempty': 0, 'n_ttest_run': 0, 'n_significant': {0.05: 0, 0.01: 0, 0.001: 0}, 'frac_significant': {0.05: 0.0, 0.01: 0.0, 0.001: 0.0}}}","{'sim_only': {'laptop (computer_dist)': {'n_pairs': 1000, 'n_max_trajs': 56, 'n_min_trajs': 448, 'n_nonempty_hist': {0: 496, 1: 504, 2: 0}, 'n_both_nonempty': 0, 'n_ttest_run': 0, 'n_significant': {0.05: 0, 0.01: 0, 0.001: 0}, 'frac_significant': {0.05: 0.0, 0.01: 0.0, 0.001: 0.0}}, 'upright (joint_up)': {'n_pairs': 1000, 'n_max_trajs': 560, 'n_min_trajs': 280, 'n_nonempty_hist': {0: 470, 1: 530, 2: 0}, 'n_both_nonempty': 0, 'n_ttest_run': 0, 'n_significant': {0.05: 0, 0.01: 0, 0.001: 0}, 'frac_significant': {0.05: 0.0, 0.01: 0.0, 0.001: 0.0}}}}"
1,2,2,results/pca_ljts/tversky_proj_1785775244.pth,"{'laptop (computer_dist)': {'n_pairs': 1000, 'n_max_trajs': 56, 'n_min_trajs': 448, 'n_nonempty_hist': {0: 231, 1: 641, 2: 128}, 'n_both_nonempty': 128, 'n_ttest_run': 0, 'n_significant': {0.05: 0, 0.01: 0, 0.001: 0}, 'frac_significant': {0.05: 0.0, 0.01: 0.0, 0.001: 0.0}}, 'upright (joint_up)': {'n_pairs': 1000, 'n_max_trajs': 560, 'n_min_trajs': 280, 'n_nonempty_hist': {0: 236, 1: 629, 2: 135}, 'n_both_nonempty': 135, 'n_ttest_run': 135, 'n_significant': {0.05: 0, 0.01: 0, 0.001: 0}, 'frac_significant': {0.05: 0.0, 0.01: 0.0, 0.001: 0.0}}}","{'sim_only': {'laptop (computer_dist)': {'n_pairs': 1000, 'n_max_trajs': 56, 'n_min_trajs': 448, 'n_nonempty_hist': {0: 231, 1: 641, 2: 128}, 'n_both_nonempty': 128, 'n_ttest_run': 0, 'n_significant': {0.05: 0, 0.01: 0, 0.001: 0}, 'frac_significant': {0.05: 0.0, 0.01: 0.0, 0.001: 0.0}}, 'upright (joint_up)': {'n_pairs': 1000, 'n_max_trajs': 560, 'n_min_trajs': 280, 'n_nonempty_hist': {0: 236, 1: 629, 2: 135}, 'n_both_nonempty': 135, 'n_ttest_run': 135, 'n_significant': {0.05: 0, 0.01: 0, 0.001: 0}, 'frac_significant': {0.05: 0.0, 0.01: 0.0, 0.001: 0.0}}}}"
2,2,2,results/pca_ljts/tversky_proj_1785775247.pth,"{'laptop (computer_dist)': {'n_pairs': 1000, 'n_max_trajs': 56, 'n_min_trajs': 448, 'n_nonempty_hist': {0: 485, 1: 515, 2: 0}, 'n_both_nonempty': 0, 'n_ttest_run': 0, 'n_significant': {0.05: 0, 0.01: 0, 0.001: 0}, 'frac_significant': {0.05: 0.0, 0.01: 0.0, 0.001: 0.0}}, 'upright (joint_up)': {'n_pairs': 1000, 'n_max_trajs': 560, 'n_min_trajs': 280, 'n_nonempty_hist': {0: 492, 1: 508, 2: 0}, 'n_both_nonempty': 0, 'n_ttest_run': 0, 'n_significant': {0.05: 0, 0.01: 0, 0.001: 0}, 'frac_significant': {0.05: 0.0, 0.01: 0.0, 0.001: 0.0}}}","{'sim_only': {'laptop (computer_dist)': {'n_pairs': 1000, 'n_max_trajs': 56, 'n_min_trajs': 448, 'n_nonempty_hist': {0: 485, 1: 515, 2: 0}, 'n_both_nonempty': 0, 'n_ttest_run': 0, 'n_significant': {0.05: 0, 0.01: 0, 0.001: 0}, 'frac_significant': {0.05: 0.0, 0.01: 0.0, 0.001: 0.0}}, 'upright (joint_up)': {'n_pairs': 1000, 'n_max_trajs': 560, 'n_min_trajs': 280, 'n_nonempty_hist': {0: 492, 1: 508, 2: 0}, 'n_both_nonempty': 0, 'n_ttest_run': 0, 'n_significant': {0.05: 0, 0.01: 0, 0.001: 0}, 'frac_significant': {0.05: 0.0, 0.01: 0.0, 0.001: 0.0}}}}"
0,2,4,results/pca_ljts/tversky_proj_1785775251.pth,"{'laptop (computer_dist)': {'n_pairs': 1000, 'n_max_trajs': 56, 'n_min_trajs': 448, 'n_nonempty_hist': {0: 231, 1: 265, 2: 504}, 'n_both_nonempty': 504, 'n_ttest_run': 0, 'n_significant': {0.05: 0, 0.01: 0, 0.001: 0}, 'frac_significant': {0.05: 0.0, 0.01: 0.0, 0.001: 0.0}}, 'upright (joint_up)': {'n_pairs': 1000, 'n_max_trajs': 560, 'n_min_trajs': 280, 'n_nonempty_hist': {0: 236, 1: 234, 2: 530}, 'n_both_nonempty': 530, 'n_ttest_run': 530, 'n_significant': {0.05: 0, 0.01: 0, 0.001: 0}, 'frac_significant': {0.05: 0.0, 0.01: 0.0, 0.001: 0.0}}}","{'sim_only': {'laptop (computer_dist)': {'n_pairs': 1000, 'n_max_trajs': 56, 'n_min_trajs': 448, 'n_nonempty_hist': {0: 231, 1: 265, 2: 504}, 'n_both_nonempty': 504, 'n_ttest_run': 0, 'n_significant': {0.05: 0, 0.01: 0, 0.001: 0}, 'frac_significant': {0.05: 0.0, 0.01: 0.0, 0.001: 0.0}}, 'upright (joint_up)': {'n_pairs': 1000, 'n_max_trajs': 560, 'n_min_trajs': 280, 'n_nonempty_hist': {0: 236, 1: 234, 2: 530}, 'n_both_nonempty': 530, 'n_ttest_run': 530, 'n_significant': {0.05: 0, 0.01: 0, 0.001: 0}, 'frac_significant': {0.05: 0.0, 0.01: 0.0, 0.001: 0.0}}}}"
1,2,4,results/pca_ljts/tversky_proj_1785775255.pth,"{'laptop (computer_dist)': {'n_pairs': 1000, 'n_max_trajs': 56, 'n_min_trajs': 448, 'n_nonempty_hist': {0: 496, 1: 0, 2: 504}, 'n_both_nonempty': 504, 'n_ttest_run': 0, 'n_significant': {0.05: 0, 0.01: 0, 0.001: 0}, 'frac_significant': {0.05: 0.0, 0.01: 0.0, 0.001: 0.0}}, 'upright (joint_up)': {'n_pairs': 1000, 'n_max_trajs': 560, 'n_min_trajs': 280, 'n_nonempty_hist': {0: 439, 1: 69, 2: 492}, 'n_both_nonempty': 492, 'n_ttest_run': 492, 'n_significant': {0.05: 0, 0.01: 0, 0.001: 0}, 'frac_significant': {0.05: 0.0, 0.01: 0.0, 0.001: 0.0}}}","{'sim_only': {'laptop (computer_dist)': {'n_pairs': 1000, 'n_max_trajs': 56, 'n_min_trajs': 448, 'n_nonempty_hist': {0: 496, 1: 0, 2: 504}, 'n_both_nonempty': 504, 'n_ttest_run': 0, 'n_significant': {0.05: 0, 0.01: 0, 0.001: 0}, 'frac_significant': {0.05: 0.0, 0.01: 0.0, 0.001: 0.0}}, 'upright (joint_up)': {'n_pairs': 1000, 'n_max_trajs': 560, 'n_min_trajs': 280, 'n_nonempty_hist': {0: 439, 1: 69, 2: 492}, 'n_both_nonempty': 492, 'n_ttest_run': 492, 'n_significant': {0.05: 0, 0.01: 0, 0.001: 0}, 'frac_significant': {0.05: 0.0, 0.01: 0.0, 0.001: 0.0}}}}"
2,2,4,results/pca_ljts/tversky_proj_1785775259.pth,"{'laptop (computer_dist)': {'n_pairs': 1000, 'n_max_trajs': 56, 'n_min_trajs': 448, 'n_nonempty_hist': {0: 428, 1: 572, 2: 0}, 'n_both_nonempty': 0, 'n_ttest_run': 0, 'n_significant': {0.05: 0, 0.01: 0, 0.001: 0}, 'frac_significant': {0.05: 0.0, 0.01: 0.0, 0.001: 0.0}}, 'upright (joint_up)': {'n_pairs': 1000, 'n_max_trajs': 560, 'n_min_trajs': 280, 'n_nonempty_hist': {0: 344, 1: 640, 2: 16}, 'n_both_nonempty': 16, 'n_ttest_run': 16, 'n_significant': {0.05: 0, 0.01: 0, 0.001: 0}, 'frac_significant': {0.05: 0.0, 0.01: 0.0, 0.001: 0.0}}}","{'sim_only': {'laptop (computer_dist)': {'n_pairs': 1000, 'n_max_trajs': 56, 'n_min_trajs': 448, 'n_nonempty_hist': {0: 428, 1: 572, 2: 0}, 'n_both_nonempty': 0, 'n_ttest_run': 0, 'n_significant': {0.05: 0, 0.01: 0, 0.001: 0}, 'frac_significant': {0.05: 0.0, 0.01: 0.0, 0.001: 0.0}}, 'upright (joint_up)': {'n_pairs': 1000, 'n_max_trajs': 560, 'n_min_trajs': 280, 'n_nonempty_hist': {0: 344, 1: 640, 2: 16}, 'n_both_nonempty': 16, 'n_ttest_run': 16, 'n_significant': {0.05: 0, 0.01: 0, 0.001: 0}, 'frac_significant': {0.05: 0.0, 0.01: 0.0, 0.001: 0.0}}}}"
0,2,8,results/pca_ljts/tversky_proj_1785775263.pth,"{'laptop (computer_dist)': {'n_pairs': 1000, 'n_max_trajs': 56, 'n_min_trajs': 448, 'n_nonempty_hist': {0: 220, 1: 410, 2: 370}, 'n_both_nonempty': 370, 'n_ttest_run': 0, 'n_significant': {0.05: 0, 0.01: 0, 0.001: 0}, 'frac_significant': {0.05: 0.0, 0.01: 0.0, 0.001: 0.0}}, 'upright (joint_up)': {'n_pairs': 1000, 'n_max_trajs': 560, 'n_min_trajs': 280, 'n_nonempty_hist': {0: 196, 1: 413, 2: 391}, 'n_both_nonempty': 391, 'n_ttest_run': 391, 'n_significant': {0.05: 0, 0.01: 0, 0.001: 0}, 'frac_significant': {0.05: 0.0, 0.01: 0.0, 0.001: 0.0}}}","{'sim_only': {'laptop (computer_dist)': {'n_pairs': 1000, 'n_max_trajs': 56, 'n_min_trajs': 448, 'n_nonempty_hist': {0: 220, 1: 410, 2: 370}, 'n_both_nonempty': 370, 'n_ttest_run': 0, 'n_significant': {0.05: 0, 0.01: 0, 0.001: 0}, 'frac_significant': {0.05: 0.0, 0.01: 0.0, 0.001: 0.0}}, 'upright (joint_up)': {'n_pairs': 1000, 'n_max_trajs': 560, 'n_min_trajs': 280, 'n_nonempty_hist': {0: 196, 1: 413, 2: 391}, 'n_both_nonempty': 391, 'n_ttest_run': 391, 'n_significant': {0.05: 0, 0.01: 0, 0.001: 0}, 'frac_significant': {0.05: 0.0, 0.01: 0.0, 0.001: 0.0}}}}"
1,2,8,results/pca_ljts/tversky_proj_1785775267.pth,"{'laptop (computer_dist)': {'n_pairs': 1000, 'n_max_trajs': 56, 'n_min_trajs': 448, 'n_nonempty_hist': {0: 209, 1: 3, 2: 788}, 'n_both_nonempty': 788, 'n_ttest_run': 0, 'n_significant': {0.05: 0, 0.01: 0, 0.001: 0}, 'frac_significant': {0.05: 0.0, 0.01: 0.0, 0.001: 0.0}}, 'upright (joint_up)': {'n_pairs': 1000, 'n_max_trajs': 560, 'n_min_trajs': 280, 'n_nonempty_hist': {0: 174, 1: 38, 2: 788}, 'n_both_nonempty': 788, 'n_ttest_run': 788, 'n_significant': {0.05: 0, 0.01: 0, 0.001: 0}, 'frac_significant': {0.05: 0.0, 0.01: 0.0, 0.001: 0.0}}}","{'sim_only': {'laptop (computer_dist)': {'n_pairs': 1000, 'n_max_trajs': 56, 'n_min_trajs': 448, 'n_nonempty_hist': {0: 209, 1: 3, 2: 788}, 'n_both_nonempty': 788, 'n_ttest_run': 0, 'n_significant': {0.05: 0, 0.01: 0, 0.001: 0}, 'frac_significant': {0.05: 0.0, 0.01: 0.0, 0.001: 0.0}}, 'upright (joint_up)': {'n_pairs': 1000, 'n_max_trajs': 560, 'n_min_trajs': 280, 'n_nonempty_hist': {0: 174, 1: 38, 2: 788}, 'n_both_nonempty': 788, 'n_ttest_run': 788, 'n_significant': {0.05: 0, 0.01: 0, 0.001: 0}, 'frac_significant': {0.05: 0.0, 0.01: 0.0, 0.001: 0.0}}}}"
2,2,8,results/pca_ljts/tversky_proj_1785775271.pth,"{'laptop (computer_dist)': {'n_pairs': 1000, 'n_max_trajs': 56, 'n_min_trajs': 448, 'n_nonempty_hist': {0: 217, 1: 14, 2: 769}, 'n_both_nonempty': 769, 'n_ttest_run': 0, 'n_significant': {0.05: 0, 0.01: 0, 0.001: 0}, 'frac_significant': {0.05: 0.0, 0.01: 0.0, 0.001: 0.0}}, 'upright (joint_up)': {'n_pairs': 1000, 'n_max_trajs': 560, 'n_min_trajs': 280, 'n_nonempty_hist': {0: 207, 1: 27, 2: 766}, 'n_both_nonempty': 766, 'n_ttest_run': 766, 'n_significant': {0.05: 0, 0.01: 0, 0.001: 0}, 'frac_significant': {0.05: 0.0, 0.01: 0.0, 0.001: 0.0}}}","{'sim_only': {'laptop (computer_dist)': {'n_pairs': 1000, 'n_max_trajs': 56, 'n_min_trajs': 448, 'n_nonempty_hist': {0: 217, 1: 14, 2: 769}, 'n_both_nonempty': 769, 'n_ttest_run': 0, 'n_significant': {0.05: 0, 0.01: 0, 0.001: 0}, 'frac_significant': {0.05: 0.0, 0.01: 0.0, 0.001: 0.0}}, 'upright (joint_up)': {'n_pairs': 1000, 'n_max_trajs': 560, 'n_min_trajs': 280, 'n_nonempty_hist': {0: 207, 1: 27, 2: 766}, 'n_both_nonempty': 766, 'n_ttest_run': 766, 'n_significant': {0.05: 0, 0.01: 0, 0.001: 0}, 'frac_significant': {0.05: 0.0, 0.01: 0.0, 0.001: 0.0}}}}"
0,2,16,results/pca_ljts/tversky_proj_1785775275.pth,"{'laptop (computer_dist)': {'n_pairs': 1000, 'n_max_trajs': 56, 'n_min_trajs': 448, 'n_nonempty_hist': {0: 174, 1: 45, 2: 781}, 'n_both_nonempty': 781, 'n_ttest_run': 0, 'n_significant': {0.05: 0, 0.01: 0, 0.001: 0}, 'frac_significant': {0.05: 0.0, 0.01: 0.0, 0.001: 0.0}}, 'upright (joint_up)': {'n_pairs': 1000, 'n_max_trajs': 560, 'n_min_trajs': 280, 'n_nonempty_hist': {0: 165, 1: 22, 2: 813}, 'n_both_nonempty': 813, 'n_ttest_run': 813, 'n_significant': {0.05: 0, 0.01: 0, 0.001: 0}, 'frac_significant': {0.05: 0.0, 0.01: 0.0, 0.001: 0.0}}}","{'sim_only': {'laptop (computer_dist)': {'n_pairs': 1000, 'n_max_trajs': 56, 'n_min_trajs': 448, 'n_nonempty_hist': {0: 174, 1: 45, 2: 781}, 'n_both_nonempty': 781, 'n_ttest_run': 0, 'n_significant': {0.05: 0, 0.01: 0, 0.001: 0}, 'frac_significant': {0.05: 0.0, 0.01: 0.0, 0.001: 0.0}}, 'upright (joint_up)': {'n_pairs': 1000, 'n_max_trajs': 560, 'n_min_trajs': 280, 'n_nonempty_hist': {0: 165, 1: 22, 2: 813}, 'n_both_nonempty': 813, 'n_ttest_run': 813, 'n_significant': {0.05: 0, 0.01: 0, 0.001: 0}, 'frac_significant': {0.05: 0.0, 0.01: 0.0, 0.001: 0.0}}}}"
1,2,16,results/pca_ljts/tversky_proj_1785775280.pth,"{'laptop (computer_dist)': {'n_pairs': 1000, 'n_max_trajs': 56, 'n_min_trajs': 448, 'n_nonempty_hist': {0: 147, 1: 0, 2: 853}, 'n_both_nonempty': 853, 'n_ttest_run': 0, 'n_significant': {0.05: 0, 0.01: 0, 0.001: 0}, 'frac_significant': {0.05: 0.0, 0.01: 0.0, 0.001: 0.0}}, 'upright (joint_up)': {'n_pairs': 1000, 'n_max_trajs': 560, 'n_min_trajs': 280, 'n_nonempty_hist': {0: 122, 1: 0, 2: 878}, 'n_both_nonempty': 878, 'n_ttest_run': 878, 'n_significant': {0.05: 0, 0.01: 0, 0.001: 0}, 'frac_significant': {0.05: 0.0, 0.01: 0.0, 0.001: 0.0}}}","{'sim_only': {'laptop (computer_dist)': {'n_pairs': 1000, 'n_max_trajs': 56, 'n_min_trajs': 448, 'n_nonempty_hist': {0: 147, 1: 0, 2: 853}, 'n_both_nonempty': 853, 'n_ttest_run': 0, 'n_significant': {0.05: 0, 0.01: 0, 0.001: 0}, 'frac_significant': {0.05: 0.0, 0.01: 0.0, 0.001: 0.0}}, 'upright (joint_up)': {'n_pairs': 1000, 'n_max_trajs': 560, 'n_min_trajs': 280, 'n_nonempty_hist': {0: 122, 1: 0, 2: 878}, 'n_both_nonempty': 878, 'n_ttest_run': 878, 'n_significant': {0.05: 0, 0.01: 0, 0.001: 0}, 'frac_significant': {0.05: 0.0, 0.01: 0.0, 0.001: 0.0}}}}"
2,2,16,results/pca_ljts/tversky_proj_1785775284.pth,"{'laptop (computer_dist)': {'n_pairs': 1000, 'n_max_trajs': 56, 'n_min_trajs': 448, 'n_nonempty_hist': {0: 226, 1: 0, 2: 774}, 'n_both_nonempty': 774, 'n_ttest_run': 0, 'n_significant': {0.05: 0, 0.01: 0, 0.001: 0}, 'frac_significant': {0.05: 0.0, 0.01: 0.0, 0.001: 0.0}}, 'upright (joint_up)': {'n_pairs': 1000, 'n_max_trajs': 560, 'n_min_trajs': 280, 'n_nonempty_hist': {0: 188, 1: 20, 2: 792}, 'n_both_nonempty': 792, 'n_ttest_run': 792, 'n_significant': {0.05: 0, 0.01: 0, 0.001: 0}, 'frac_significant': {0.05: 0.0, 0.01: 0.0, 0.001: 0.0}}}","{'sim_only': {'laptop (computer_dist)': {'n_pairs': 1000, 'n_max_trajs': 56, 'n_min_trajs': 448, 'n_nonempty_hist': {0: 226, 1: 0, 2: 774}, 'n_both_nonempty': 774, 'n_ttest_run': 0, 'n_significant': {0.05: 0, 0.01: 0, 0.001: 0}, 'frac_significant': {0.05: 0.0, 0.01: 0.0, 0.001: 0.0}}, 'upright (joint_up)': {'n_pairs': 1000, 'n_max_trajs': 560, 'n_min_trajs': 280, 'n_nonempty_hist': {0: 188, 1: 20, 2: 792}, 'n_both_nonempty': 792, 'n_ttest_run': 792, 'n_significant': {0.05: 0, 0.01: 0, 0.001: 0}, 'frac_significant': {0.05: 0.0, 0.01: 0.0, 0.001: 0.0}}}}"
0,2,32,results/pca_ljts/tversky_proj_1785775289.pth,"{'laptop (computer_dist)': {'n_pairs': 1000, 'n_max_trajs': 56, 'n_min_trajs': 448, 'n_nonempty_hist': {0: 222, 1: 0, 2: 778}, 'n_both_nonempty': 778, 'n_ttest_run': 0, 'n_significant': {0.05: 0, 0.01: 0, 0.001: 0}, 'frac_significant': {0.05: 0.0, 0.01: 0.0, 0.001: 0.0}}, 'upright (joint_up)': {'n_pairs': 1000, 'n_max_trajs': 560, 'n_min_trajs': 280, 'n_nonempty_hist': {0: 210, 1: 0, 2: 790}, 'n_both_nonempty': 790, 'n_ttest_run': 790, 'n_significant': {0.05: 0, 0.01: 0, 0.001: 0}, 'frac_significant': {0.05: 0.0, 0.01: 0.0, 0.001: 0.0}}}","{'sim_only': {'laptop (computer_dist)': {'n_pairs': 1000, 'n_max_trajs': 56, 'n_min_trajs': 448, 'n_nonempty_hist': {0: 222, 1: 0, 2: 778}, 'n_both_nonempty': 778, 'n_ttest_run': 0, 'n_significant': {0.05: 0, 0.01: 0, 0.001: 0}, 'frac_significant': {0.05: 0.0, 0.01: 0.0, 0.001: 0.0}}, 'upright (joint_up)': {'n_pairs': 1000, 'n_max_trajs': 560, 'n_min_trajs': 280, 'n_nonempty_hist': {0: 210, 1: 0, 2: 790}, 'n_both_nonempty': 790, 'n_ttest_run': 790, 'n_significant': {0.05: 0, 0.01: 0, 0.001: 0}, 'frac_significant': {0.05: 0.0, 0.01: 0.0, 0.001: 0.0}}}}"
1,2,32,results/pca_ljts/tversky_proj_1785775293.pth,"{'laptop (computer_dist)': {'n_pairs': 1000, 'n_max_trajs': 56, 'n_min_trajs': 448, 'n_nonempty_hist': {0: 288, 1: 0, 2: 712}, 'n_both_nonempty': 712, 'n_ttest_run': 0, 'n_significant': {0.05: 0, 0.01: 0, 0.001: 0}, 'frac_significant': {0.05: 0.0, 0.01: 0.0, 0.001: 0.0}}, 'upright (joint_up)': {'n_pairs': 1000, 'n_max_trajs': 560, 'n_min_trajs': 280, 'n_nonempty_hist': {0: 240, 1: 0, 2: 760}, 'n_both_nonempty': 760, 'n_ttest_run': 760, 'n_significant': {0.05: 0, 0.01: 0, 0.001: 0}, 'frac_significant': {0.05: 0.0, 0.01: 0.0, 0.001: 0.0}}}","{'sim_only': {'laptop (computer_dist)': {'n_pairs': 1000, 'n_max_trajs': 56, 'n_min_trajs': 448, 'n_nonempty_hist': {0: 288, 1: 0, 2: 712}, 'n_both_nonempty': 712, 'n_ttest_run': 0, 'n_significant': {0.05: 0, 0.01: 0, 0.001: 0}, 'frac_significant': {0.05: 0.0, 0.01: 0.0, 0.001: 0.0}}, 'upright (joint_up)': {'n_pairs': 1000, 'n_max_trajs': 560, 'n_min_trajs': 280, 'n_nonempty_hist': {0: 240, 1: 0, 2: 760}, 'n_both_nonempty': 760, 'n_ttest_run': 760, 'n_significant': {0.05: 0, 0.01: 0, 0.001: 0}, 'frac_significant': {0.05: 0.0, 0.01: 0.0, 0.001: 0.0}}}}"
2,2,32,results/pca_ljts/tversky_proj_1785775298.pth,"{'laptop (computer_dist)': {'n_pairs': 1000, 'n_max_trajs': 56, 'n_min_trajs': 448, 'n_nonempty_hist': {0: 227, 1: 122, 2: 651}, 'n_both_nonempty': 651, 'n_ttest_run': 0, 'n_significant': {0.05: 0, 0.01: 0, 0.001: 0}, 'frac_significant': {0.05: 0.0, 0.01: 0.0, 0.001: 0.0}}, 'upright (joint_up)': {'n_pairs': 1000, 'n_max_trajs': 560, 'n_min_trajs': 280, 'n_nonempty_hist': {0: 210, 1: 159, 2: 631}, 'n_both_nonempty': 631, 'n_ttest_run': 631, 'n_significant': {0.05: 0, 0.01: 0, 0.001: 0}, 'frac_significant': {0.05: 0.0, 0.01: 0.0, 0.001: 0.0}}}","{'sim_only': {'laptop (computer_dist)': {'n_pairs': 1000, 'n_max_trajs': 56, 'n_min_trajs': 448, 'n_nonempty_hist': {0: 227, 1: 122, 2: 651}, 'n_both_nonempty': 651, 'n_ttest_run': 0, 'n_significant': {0.05: 0, 0.01: 0, 0.001: 0}, 'frac_significant': {0.05: 0.0, 0.01: 0.0, 0.001: 0.0}}, 'upright (joint_up)': {'n_pairs': 1000, 'n_max_trajs': 560, 'n_min_trajs': 280, 'n_nonempty_hist': {0: 210, 1: 159, 2: 631}, 'n_both_nonempty': 631, 'n_ttest_run': 631, 'n_significant': {0.05: 0, 0.01: 0, 0.001: 0}, 'frac_significant': {0.05: 0.0, 0.01: 0.0, 0.001: 0.0}}}}"
0,2,64,results/pca_ljts/tversky_proj_1785775302.pth,"{'laptop (computer_dist)': {'n_pairs': 1000, 'n_max_trajs': 56, 'n_min_trajs': 448, 'n_nonempty_hist': {0: 184, 1: 0, 2: 816}, 'n_both_nonempty': 816, 'n_ttest_run': 0, 'n_significant': {0.05: 0, 0.01: 0, 0.001: 0}, 'frac_significant': {0.05: 0.0, 0.01: 0.0, 0.001: 0.0}}, 'upright (joint_up)': {'n_pairs': 1000, 'n_max_trajs': 560, 'n_min_trajs': 280, 'n_nonempty_hist': {0: 149, 1: 0, 2: 851}, 'n_both_nonempty': 851, 'n_ttest_run': 851, 'n_significant': {0.05: 0, 0.01: 0, 0.001: 0}, 'frac_significant': {0.05: 0.0, 0.01: 0.0, 0.001: 0.0}}}","{'sim_only': {'laptop (computer_dist)': {'n_pairs': 1000, 'n_max_trajs': 56, 'n_min_trajs': 448, 'n_nonempty_hist': {0: 184, 1: 0, 2: 816}, 'n_both_nonempty': 816, 'n_ttest_run': 0, 'n_significant': {0.05: 0, 0.01: 0, 0.001: 0}, 'frac_significant': {0.05: 0.0, 0.01: 0.0, 0.001: 0.0}}, 'upright (joint_up)': {'n_pairs': 1000, 'n_max_trajs': 560, 'n_min_trajs': 280, 'n_nonempty_hist': {0: 149, 1: 0, 2: 851}, 'n_both_nonempty': 851, 'n_ttest_run': 851, 'n_significant': {0.05: 0, 0.01: 0, 0.001: 0}, 'frac_significant': {0.05: 0.0, 0.01: 0.0, 0.001: 0.0}}}}"
1,2,64,results/pca_ljts/tversky_proj_1785775307.pth,"{'laptop (computer_dist)': {'n_pairs': 1000, 'n_max_trajs': 56, 'n_min_trajs': 448, 'n_nonempty_hist': {0: 211, 1: 0, 2: 789}, 'n_both_nonempty': 789, 'n_ttest_run': 0, 'n_significant': {0.05: 0, 0.01: 0, 0.001: 0}, 'frac_significant': {0.05: 0.0, 0.01: 0.0, 0.001: 0.0}}, 'upright (joint_up)': {'n_pairs': 1000, 'n_max_trajs': 560, 'n_min_trajs': 280, 'n_nonempty_hist': {0: 194, 1: 0, 2: 806}, 'n_both_nonempty': 806, 'n_ttest_run': 806, 'n_significant': {0.05: 0, 0.01: 0, 0.001: 0}, 'frac_significant': {0.05: 0.0, 0.01: 0.0, 0.001: 0.0}}}","{'sim_only': {'laptop (computer_dist)': {'n_pairs': 1000, 'n_max_trajs': 56, 'n_min_trajs': 448, 'n_nonempty_hist': {0: 211, 1: 0, 2: 789}, 'n_both_nonempty': 789, 'n_ttest_run': 0, 'n_significant': {0.05: 0, 0.01: 0, 0.001: 0}, 'frac_significant': {0.05: 0.0, 0.01: 0.0, 0.001: 0.0}}, 'upright (joint_up)': {'n_pairs': 1000, 'n_max_trajs': 560, 'n_min_trajs': 280, 'n_nonempty_hist': {0: 194, 1: 0, 2: 806}, 'n_both_nonempty': 806, 'n_ttest_run': 806, 'n_significant': {0.05: 0, 0.01: 0, 0.001: 0}, 'frac_significant': {0.05: 0.0, 0.01: 0.0, 0.001: 0.0}}}}"
2,2,64,results/pca_ljts/tversky_proj_1785775312.pth,"{'laptop (computer_dist)': {'n_pairs': 1000, 'n_max_trajs': 56, 'n_min_trajs': 448, 'n_nonempty_hist': {0: 158, 1: 0, 2: 842}, 'n_both_nonempty': 842, 'n_ttest_run': 0, 'n_significant': {0.05: 0, 0.01: 0, 0.001: 0}, 'frac_significant': {0.05: 0.0, 0.01: 0.0, 0.001: 0.0}}, 'upright (joint_up)': {'n_pairs': 1000, 'n_max_trajs': 560, 'n_min_trajs': 280, 'n_nonempty_hist': {0: 139, 1: 0, 2: 861}, 'n_both_nonempty': 861, 'n_ttest_run': 861, 'n_significant': {0.05: 0, 0.01: 0, 0.001: 0}, 'frac_significant': {0.05: 0.0, 0.01: 0.0, 0.001: 0.0}}}","{'sim_only': {'laptop (computer_dist)': {'n_pairs': 1000, 'n_max_trajs': 56, 'n_min_trajs': 448, 'n_nonempty_hist': {0: 158, 1: 0, 2: 842}, 'n_both_nonempty': 842, 'n_ttest_run': 0, 'n_significant': {0.05: 0, 0.01: 0, 0.001: 0}, 'frac_significant': {0.05: 0.0, 0.01: 0.0, 0.001: 0.0}}, 'upright (joint_up)': {'n_pairs': 1000, 'n_max_trajs': 560, 'n_min_trajs': 280, 'n_nonempty_hist': {0: 139, 1: 0, 2: 861}, 'n_both_nonempty': 861, 'n_ttest_run': 861, 'n_significant': {0.05: 0, 0.01: 0, 0.001: 0}, 'frac_significant': {0.05: 0.0, 0.01: 0.0, 0.001: 0.0}}}}"
0,2,128,results/pca_ljts/tversky_proj_1785775317.pth,"{'laptop (computer_dist)': {'n_pairs': 1000, 'n_max_trajs': 56, 'n_min_trajs': 448, 'n_nonempty_hist': {0: 171, 1: 0, 2: 829}, 'n_both_nonempty': 829, 'n_ttest_run': 0, 'n_significant': {0.05: 0, 0.01: 0, 0.001: 0}, 'frac_significant': {0.05: 0.0, 0.01: 0.0, 0.001: 0.0}}, 'upright (joint_up)': {'n_pairs': 1000, 'n_max_trajs': 560, 'n_min_trajs': 280, 'n_nonempty_hist': {0: 134, 1: 0, 2: 866}, 'n_both_nonempty': 866, 'n_ttest_run': 866, 'n_significant': {0.05: 0, 0.01: 0, 0.001: 0}, 'frac_significant': {0.05: 0.0, 0.01: 0.0, 0.001: 0.0}}}","{'sim_only': {'laptop (computer_dist)': {'n_pairs': 1000, 'n_max_trajs': 56, 'n_min_trajs': 448, 'n_nonempty_hist': {0: 171, 1: 0, 2: 829}, 'n_both_nonempty': 829, 'n_ttest_run': 0, 'n_significant': {0.05: 0, 0.01: 0, 0.001: 0}, 'frac_significant': {0.05: 0.0, 0.01: 0.0, 0.001: 0.0}}, 'upright (joint_up)': {'n_pairs': 1000, 'n_max_trajs': 560, 'n_min_trajs': 280, 'n_nonempty_hist': {0: 134, 1: 0, 2: 866}, 'n_both_nonempty': 866, 'n_ttest_run': 866, 'n_significant': {0.05: 0, 0.01: 0, 0.001: 0}, 'frac_significant': {0.05: 0.0, 0.01: 0.0, 0.001: 0.0}}}}"
1,2,128,results/pca_ljts/tversky_proj_1785775323.pth,"{'laptop (computer_dist)': {'n_pairs': 1000, 'n_max_trajs': 56, 'n_min_trajs': 448, 'n_nonempty_hist': {0: 173, 1: 0, 2: 827}, 'n_both_nonempty': 827, 'n_ttest_run': 0, 'n_significant': {0.05: 0, 0.01: 0, 0.001: 0}, 'frac_significant': {0.05: 0.0, 0.01: 0.0, 0.001: 0.0}}, 'upright (joint_up)': {'n_pairs': 1000, 'n_max_trajs': 560, 'n_min_trajs': 280, 'n_nonempty_hist': {0: 183, 1: 0, 2: 817}, 'n_both_nonempty': 817, 'n_ttest_run': 817, 'n_significant': {0.05: 0, 0.01: 0, 0.001: 0}, 'frac_significant': {0.05: 0.0, 0.01: 0.0, 0.001: 0.0}}}","{'sim_only': {'laptop (computer_dist)': {'n_pairs': 1000, 'n_max_trajs': 56, 'n_min_trajs': 448, 'n_nonempty_hist': {0: 173, 1: 0, 2: 827}, 'n_both_nonempty': 827, 'n_ttest_run': 0, 'n_significant': {0.05: 0, 0.01: 0, 0.001: 0}, 'frac_significant': {0.05: 0.0, 0.01: 0.0, 0.001: 0.0}}, 'upright (joint_up)': {'n_pairs': 1000, 'n_max_trajs': 560, 'n_min_trajs': 280, 'n_nonempty_hist': {0: 183, 1: 0, 2: 817}, 'n_both_nonempty': 817, 'n_ttest_run': 817, 'n_significant': {0.05: 0, 0.01: 0, 0.001: 0}, 'frac_significant': {0.05: 0.0, 0.01: 0.0, 0.001: 0.0}}}}"
2,2,128,results/pca_ljts/tversky_proj_1785775328.pth,"{'laptop (computer_dist)': {'n_pairs': 1000, 'n_max_trajs': 56, 'n_min_trajs': 448, 'n_nonempty_hist': {0: 196, 1: 0, 2: 804}, 'n_both_nonempty': 804, 'n_ttest_run': 0, 'n_significant': {0.05: 0, 0.01: 0, 0.001: 0}, 'frac_significant': {0.05: 0.0, 0.01: 0.0, 0.001: 0.0}}, 'upright (joint_up)': {'n_pairs': 1000, 'n_max_trajs': 560, 'n_min_trajs': 280, 'n_nonempty_hist': {0: 169, 1: 0, 2: 831}, 'n_both_nonempty': 831, 'n_ttest_run': 831, 'n_significant': {0.05: 0, 0.01: 0, 0.001: 0}, 'frac_significant': {0.05: 0.0, 0.01: 0.0, 0.001: 0.0}}}","{'sim_only': {'laptop (computer_dist)': {'n_pairs': 1000, 'n_max_trajs': 56, 'n_min_trajs': 448, 'n_nonempty_hist': {0: 196, 1: 0, 2: 804}, 'n_both_nonempty': 804, 'n_ttest_run': 0, 'n_significant': {0.05: 0, 0.01: 0, 0.001: 0}, 'frac_significant': {0.05: 0.0, 0.01: 0.0, 0.001: 0.0}}, 'upright (joint_up)': {'n_pairs': 1000, 'n_max_trajs': 560, 'n_min_trajs': 280, 'n_nonempty_hist': {0: 169, 1: 0, 2: 831}, 'n_both_nonempty': 831, 'n_ttest_run': 831, 'n_significant': {0.05: 0, 0.01: 0, 0.001: 0}, 'frac_significant': {0.05: 0.0, 0.01: 0.0, 0.001: 0.0}}}}"
0,2,256,results/pca_ljts/tversky_proj_1785775335.pth,"{'laptop (computer_dist)': {'n_pairs': 1000, 'n_max_trajs': 56, 'n_min_trajs': 448, 'n_nonempty_hist': {0: 182, 1: 0, 2: 818}, 'n_both_nonempty': 818, 'n_ttest_run': 0, 'n_significant': {0.05: 0, 0.01: 0, 0.001: 0}, 'frac_significant': {0.05: 0.0, 0.01: 0.0, 0.001: 0.0}}, 'upright (joint_up)': {'n_pairs': 1000, 'n_max_trajs': 560, 'n_min_trajs': 280, 'n_nonempty_hist': {0: 116, 1: 0, 2: 884}, 'n_both_nonempty': 884, 'n_ttest_run': 884, 'n_significant': {0.05: 0, 0.01: 0, 0.001: 0}, 'frac_significant': {0.05: 0.0, 0.01: 0.0, 0.001: 0.0}}}","{'sim_only': {'laptop (computer_dist)': {'n_pairs': 1000, 'n_max_trajs': 56, 'n_min_trajs': 448, 'n_nonempty_hist': {0: 182, 1: 0, 2: 818}, 'n_both_nonempty': 818, 'n_ttest_run': 0, 'n_significant': {0.05: 0, 0.01: 0, 0.001: 0}, 'frac_significant': {0.05: 0.0, 0.01: 0.0, 0.001: 0.0}}, 'upright (joint_up)': {'n_pairs': 1000, 'n_max_trajs': 560, 'n_min_trajs': 280, 'n_nonempty_hist': {0: 116, 1: 0, 2: 884}, 'n_both_nonempty': 884, 'n_ttest_run': 884, 'n_significant': {0.05: 0, 0.01: 0, 0.001: 0}, 'frac_significant': {0.05: 0.0, 0.01: 0.0, 0.001: 0.0}}}}"
1,2,256,results/pca_ljts/tversky_proj_1785775341.pth,"{'laptop (computer_dist)': {'n_pairs': 1000, 'n_max_trajs': 56, 'n_min_trajs': 448, 'n_nonempty_hist': {0: 194, 1: 0, 2: 806}, 'n_both_nonempty': 806, 'n_ttest_run': 0, 'n_significant': {0.05: 0, 0.01: 0, 0.001: 0}, 'frac_significant': {0.05: 0.0, 0.01: 0.0, 0.001: 0.0}}, 'upright (joint_up)': {'n_pairs': 1000, 'n_max_trajs': 560, 'n_min_trajs': 280, 'n_nonempty_hist': {0: 174, 1: 0, 2: 826}, 'n_both_nonempty': 826, 'n_ttest_run': 826, 'n_significant': {0.05: 0, 0.01: 0, 0.001: 0}, 'frac_significant': {0.05: 0.0, 0.01: 0.0, 0.001: 0.0}}}","{'sim_only': {'laptop (computer_dist)': {'n_pairs': 1000, 'n_max_trajs': 56, 'n_min_trajs': 448, 'n_nonempty_hist': {0: 194, 1: 0, 2: 806}, 'n_both_nonempty': 806, 'n_ttest_run': 0, 'n_significant': {0.05: 0, 0.01: 0, 0.001: 0}, 'frac_significant': {0.05: 0.0, 0.01: 0.0, 0.001: 0.0}}, 'upright (joint_up)': {'n_pairs': 1000, 'n_max_trajs': 560, 'n_min_trajs': 280, 'n_nonempty_hist': {0: 174, 1: 0, 2: 826}, 'n_both_nonempty': 826, 'n_ttest_run': 826, 'n_significant': {0.05: 0, 0.01: 0, 0.001: 0}, 'frac_significant': {0.05: 0.0, 0.01: 0.0, 0.001: 0.0}}}}"
2,2,256,results/pca_ljts/tversky_proj_1785775348.pth,"{'laptop (computer_dist)': {'n_pairs': 1000, 'n_max_trajs': 56, 'n_min_trajs': 448, 'n_nonempty_hist': {0: 157, 1: 0, 2: 843}, 'n_both_nonempty': 843, 'n_ttest_run': 0, 'n_significant': {0.05: 0, 0.01: 0, 0.001: 0}, 'frac_significant': {0.05: 0.0, 0.01: 0.0, 0.001: 0.0}}, 'upright (joint_up)': {'n_pairs': 1000, 'n_max_trajs': 560, 'n_min_trajs': 280, 'n_nonempty_hist': {0: 114, 1: 0, 2: 886}, 'n_both_nonempty': 886, 'n_ttest_run': 886, 'n_significant': {0.05: 1, 0.01: 0, 0.001: 0}, 'frac_significant': {0.05: 0.001128668171557562, 0.01: 0.0, 0.001: 0.0}}}","{'sim_only': {'laptop (computer_dist)': {'n_pairs': 1000, 'n_max_trajs': 56, 'n_min_trajs': 448, 'n_nonempty_hist': {0: 157, 1: 0, 2: 843}, 'n_both_nonempty': 843, 'n_ttest_run': 0, 'n_significant': {0.05: 0, 0.01: 0, 0.001: 0}, 'frac_significant': {0.05: 0.0, 0.01: 0.0, 0.001: 0.0}}, 'upright (joint_up)': {'n_pairs': 1000, 'n_max_trajs': 560, 'n_min_trajs': 280, 'n_nonempty_hist': {0: 114, 1: 0, 2: 886}, 'n_both_nonempty': 886, 'n_ttest_run': 886, 'n_significant': {0.05: 1, 0.01: 0, 0.001: 0}, 'frac_significant': {0.05: 0.001128668171557562, 0.01: 0.0, 0.001: 0.0}}}}"
0,4,2,results/pca_ljts/tversky_proj_1785775353.pth,"{'laptop (computer_dist)': {'n_pairs': 1000, 'n_max_trajs': 56, 'n_min_trajs': 448, 'n_nonempty_hist': {0: 378, 1: 246, 2: 376}, 'n_both_nonempty': 376, 'n_ttest_run': 0, 'n_significant': {0.05: 0, 0.01: 0, 0.001: 0}, 'frac_significant': {0.05: 0.0, 0.01: 0.0, 0.001: 0.0}}, 'upright (joint_up)': {'n_pairs': 1000, 'n_max_trajs': 560, 'n_min_trajs': 280, 'n_nonempty_hist': {0: 423, 1: 170, 2: 407}, 'n_both_nonempty': 407, 'n_ttest_run': 407, 'n_significant': {0.05: 0, 0.01: 0, 0.001: 0}, 'frac_significant': {0.05: 0.0, 0.01: 0.0, 0.001: 0.0}}}","{'sim_only': {'laptop (computer_dist)': {'n_pairs': 1000, 'n_max_trajs': 56, 'n_min_trajs': 448, 'n_nonempty_hist': {0: 378, 1: 246, 2: 376}, 'n_both_nonempty': 376, 'n_ttest_run': 0, 'n_significant': {0.05: 0, 0.01: 0, 0.001: 0}, 'frac_significant': {0.05: 0.0, 0.01: 0.0, 0.001: 0.0}}, 'upright (joint_up)': {'n_pairs': 1000, 'n_max_trajs': 560, 'n_min_trajs': 280, 'n_nonempty_hist': {0: 423, 1: 170, 2: 407}, 'n_both_nonempty': 407, 'n_ttest_run': 407, 'n_significant': {0.05: 0, 0.01: 0, 0.001: 0}, 'frac_significant': {0.05: 0.0, 0.01: 0.0, 0.001: 0.0}}}}"
1,4,2,results/pca_ljts/tversky_proj_1785775357.pth,"{'laptop (computer_dist)': {'n_pairs': 1000, 'n_max_trajs': 56, 'n_min_trajs': 448, 'n_nonempty_hist': {0: 244, 1: 612, 2: 144}, 'n_both_nonempty': 144, 'n_ttest_run': 0, 'n_significant': {0.05: 0, 0.01: 0, 0.001: 0}, 'frac_significant': {0.05: 0.0, 0.01: 0.0, 0.001: 0.0}}, 'upright (joint_up)': {'n_pairs': 1000, 'n_max_trajs': 560, 'n_min_trajs': 280, 'n_nonempty_hist': {0: 251, 1: 623, 2: 126}, 'n_both_nonempty': 126, 'n_ttest_run': 126, 'n_significant': {0.05: 0, 0.01: 0, 0.001: 0}, 'frac_significant': {0.05: 0.0, 0.01: 0.0, 0.001: 0.0}}}","{'sim_only': {'laptop (computer_dist)': {'n_pairs': 1000, 'n_max_trajs': 56, 'n_min_trajs': 448, 'n_nonempty_hist': {0: 244, 1: 612, 2: 144}, 'n_both_nonempty': 144, 'n_ttest_run': 0, 'n_significant': {0.05: 0, 0.01: 0, 0.001: 0}, 'frac_significant': {0.05: 0.0, 0.01: 0.0, 0.001: 0.0}}, 'upright (joint_up)': {'n_pairs': 1000, 'n_max_trajs': 560, 'n_min_trajs': 280, 'n_nonempty_hist': {0: 251, 1: 623, 2: 126}, 'n_both_nonempty': 126, 'n_ttest_run': 126, 'n_significant': {0.05: 0, 0.01: 0, 0.001: 0}, 'frac_significant': {0.05: 0.0, 0.01: 0.0, 0.001: 0.0}}}}"
2,4,2,results/pca_ljts/tversky_proj_1785775361.pth,"{'laptop (computer_dist)': {'n_pairs': 1000, 'n_max_trajs': 56, 'n_min_trajs': 448, 'n_nonempty_hist': {0: 248, 1: 638, 2: 114}, 'n_both_nonempty': 114, 'n_ttest_run': 0, 'n_significant': {0.05: 0, 0.01: 0, 0.001: 0}, 'frac_significant': {0.05: 0.0, 0.01: 0.0, 0.001: 0.0}}, 'upright (joint_up)': {'n_pairs': 1000, 'n_max_trajs': 560, 'n_min_trajs': 280, 'n_nonempty_hist': {0: 267, 1: 622, 2: 111}, 'n_both_nonempty': 111, 'n_ttest_run': 111, 'n_significant': {0.05: 0, 0.01: 0, 0.001: 0}, 'frac_significant': {0.05: 0.0, 0.01: 0.0, 0.001: 0.0}}}","{'sim_only': {'laptop (computer_dist)': {'n_pairs': 1000, 'n_max_trajs': 56, 'n_min_trajs': 448, 'n_nonempty_hist': {0: 248, 1: 638, 2: 114}, 'n_both_nonempty': 114, 'n_ttest_run': 0, 'n_significant': {0.05: 0, 0.01: 0, 0.001: 0}, 'frac_significant': {0.05: 0.0, 0.01: 0.0, 0.001: 0.0}}, 'upright (joint_up)': {'n_pairs': 1000, 'n_max_trajs': 560, 'n_min_trajs': 280, 'n_nonempty_hist': {0: 267, 1: 622, 2: 111}, 'n_both_nonempty': 111, 'n_ttest_run': 111, 'n_significant': {0.05: 0, 0.01: 0, 0.001: 0}, 'frac_significant': {0.05: 0.0, 0.01: 0.0, 0.001: 0.0}}}}"
0,4,4,results/pca_ljts/tversky_proj_1785775365.pth,"{'laptop (computer_dist)': {'n_pairs': 1000, 'n_max_trajs': 56, 'n_min_trajs': 448, 'n_nonempty_hist': {0: 38, 1: 126, 2: 836}, 'n_both_nonempty': 836, 'n_ttest_run': 0, 'n_significant': {0.05: 0, 0.01: 0, 0.001: 0}, 'frac_significant': {0.05: 0.0, 0.01: 0.0, 0.001: 0.0}}, 'upright (joint_up)': {'n_pairs': 1000, 'n_max_trajs': 560, 'n_min_trajs': 280, 'n_nonempty_hist': {0: 120, 1: 184, 2: 696}, 'n_both_nonempty': 696, 'n_ttest_run': 696, 'n_significant': {0.05: 0, 0.01: 0, 0.001: 0}, 'frac_significant': {0.05: 0.0, 0.01: 0.0, 0.001: 0.0}}}","{'sim_only': {'laptop (computer_dist)': {'n_pairs': 1000, 'n_max_trajs': 56, 'n_min_trajs': 448, 'n_nonempty_hist': {0: 38, 1: 126, 2: 836}, 'n_both_nonempty': 836, 'n_ttest_run': 0, 'n_significant': {0.05: 0, 0.01: 0, 0.001: 0}, 'frac_significant': {0.05: 0.0, 0.01: 0.0, 0.001: 0.0}}, 'upright (joint_up)': {'n_pairs': 1000, 'n_max_trajs': 560, 'n_min_trajs': 280, 'n_nonempty_hist': {0: 120, 1: 184, 2: 696}, 'n_both_nonempty': 696, 'n_ttest_run': 696, 'n_significant': {0.05: 0, 0.01: 0, 0.001: 0}, 'frac_significant': {0.05: 0.0, 0.01: 0.0, 0.001: 0.0}}}}"
1,4,4,results/pca_ljts/tversky_proj_1785775374.pth,"{'laptop (computer_dist)': {'n_pairs': 1000, 'n_max_trajs': 56, 'n_min_trajs': 448, 'n_nonempty_hist': {0: 67, 1: 306, 2: 627}, 'n_both_nonempty': 627, 'n_ttest_run': 0, 'n_significant': {0.05: 0, 0.01: 0, 0.001: 0}, 'frac_significant': {0.05: 0.0, 0.01: 0.0, 0.001: 0.0}}, 'upright (joint_up)': {'n_pairs': 1000, 'n_max_trajs': 560, 'n_min_trajs': 280, 'n_nonempty_hist': {0: 92, 1: 231, 2: 677}, 'n_both_nonempty': 677, 'n_ttest_run': 677, 'n_significant': {0.05: 47, 0.01: 0, 0.001: 0}, 'frac_significant': {0.05: 0.06942392909896603, 0.01: 0.0, 0.001: 0.0}}}","{'sim_only': {'laptop (computer_dist)': {'n_pairs': 1000, 'n_max_trajs': 56, 'n_min_trajs': 448, 'n_nonempty_hist': {0: 67, 1: 306, 2: 627}, 'n_both_nonempty': 627, 'n_ttest_run': 0, 'n_significant': {0.05: 0, 0.01: 0, 0.001: 0}, 'frac_significant': {0.05: 0.0, 0.01: 0.0, 0.001: 0.0}}, 'upright (joint_up)': {'n_pairs': 1000, 'n_max_trajs': 560, 'n_min_trajs': 280, 'n_nonempty_hist': {0: 92, 1: 231, 2: 677}, 'n_both_nonempty': 677, 'n_ttest_run': 677, 'n_significant': {0.05: 47, 0.01: 0, 0.001: 0}, 'frac_significant': {0.05: 0.06942392909896603, 0.01: 0.0, 0.001: 0.0}}}}"
2,4,4,results/pca_ljts/tversky_proj_1785775379.pth,"{'laptop (computer_dist)': {'n_pairs': 1000, 'n_max_trajs': 56, 'n_min_trajs': 448, 'n_nonempty_hist': {0: 91, 1: 338, 2: 571}, 'n_both_nonempty': 571, 'n_ttest_run': 0, 'n_significant': {0.05: 0, 0.01: 0, 0.001: 0}, 'frac_significant': {0.05: 0.0, 0.01: 0.0, 0.001: 0.0}}, 'upright (joint_up)': {'n_pairs': 1000, 'n_max_trajs': 560, 'n_min_trajs': 280, 'n_nonempty_hist': {0: 137, 1: 248, 2: 615}, 'n_both_nonempty': 615, 'n_ttest_run': 615, 'n_significant': {0.05: 0, 0.01: 0, 0.001: 0}, 'frac_significant': {0.05: 0.0, 0.01: 0.0, 0.001: 0.0}}}","{'sim_only': {'laptop (computer_dist)': {'n_pairs': 1000, 'n_max_trajs': 56, 'n_min_trajs': 448, 'n_nonempty_hist': {0: 91, 1: 338, 2: 571}, 'n_both_nonempty': 571, 'n_ttest_run': 0, 'n_significant': {0.05: 0, 0.01: 0, 0.001: 0}, 'frac_significant': {0.05: 0.0, 0.01: 0.0, 0.001: 0.0}}, 'upright (joint_up)': {'n_pairs': 1000, 'n_max_trajs': 560, 'n_min_trajs': 280, 'n_nonempty_hist': {0: 137, 1: 248, 2: 615}, 'n_both_nonempty': 615, 'n_ttest_run': 615, 'n_significant': {0.05: 0, 0.01: 0, 0.001: 0}, 'frac_significant': {0.05: 0.0, 0.01: 0.0, 0.001: 0.0}}}}"
0,4,8,results/pca_ljts/tversky_proj_1785775384.pth,"{'laptop (computer_dist)': {'n_pairs': 1000, 'n_max_trajs': 56, 'n_min_trajs': 448, 'n_nonempty_hist': {0: 16, 1: 42, 2: 942}, 'n_both_nonempty': 942, 'n_ttest_run': 0, 'n_significant': {0.05: 0, 0.01: 0, 0.001: 0}, 'frac_significant': {0.05: 0.0, 0.01: 0.0, 0.001: 0.0}}, 'upright (joint_up)': {'n_pairs': 1000, 'n_max_trajs': 560, 'n_min_trajs': 280, 'n_nonempty_hist': {0: 58, 1: 68, 2: 874}, 'n_both_nonempty': 874, 'n_ttest_run': 874, 'n_significant': {0.05: 0, 0.01: 0, 0.001: 0}, 'frac_significant': {0.05: 0.0, 0.01: 0.0, 0.001: 0.0}}}","{'sim_only': {'laptop (computer_dist)': {'n_pairs': 1000, 'n_max_trajs': 56, 'n_min_trajs': 448, 'n_nonempty_hist': {0: 16, 1: 42, 2: 942}, 'n_both_nonempty': 942, 'n_ttest_run': 0, 'n_significant': {0.05: 0, 0.01: 0, 0.001: 0}, 'frac_significant': {0.05: 0.0, 0.01: 0.0, 0.001: 0.0}}, 'upright (joint_up)': {'n_pairs': 1000, 'n_max_trajs': 560, 'n_min_trajs': 280, 'n_nonempty_hist': {0: 58, 1: 68, 2: 874}, 'n_both_nonempty': 874, 'n_ttest_run': 874, 'n_significant': {0.05: 0, 0.01: 0, 0.001: 0}, 'frac_significant': {0.05: 0.0, 0.01: 0.0, 0.001: 0.0}}}}"
1,4,8,results/pca_ljts/tversky_proj_1785775390.pth,"{'laptop (computer_dist)': {'n_pairs': 1000, 'n_max_trajs': 56, 'n_min_trajs': 448, 'n_nonempty_hist': {0: 0, 1: 60, 2: 940}, 'n_both_nonempty': 940, 'n_ttest_run': 0, 'n_significant': {0.05: 0, 0.01: 0, 0.001: 0}, 'frac_significant': {0.05: 0.0, 0.01: 0.0, 0.001: 0.0}}, 'upright (joint_up)': {'n_pairs': 1000, 'n_max_trajs': 560, 'n_min_trajs': 280, 'n_nonempty_hist': {0: 48, 1: 71, 2: 881}, 'n_both_nonempty': 881, 'n_ttest_run': 881, 'n_significant': {0.05: 20, 0.01: 0, 0.001: 0}, 'frac_significant': {0.05: 0.022701475595913734, 0.01: 0.0, 0.001: 0.0}}}","{'sim_only': {'laptop (computer_dist)': {'n_pairs': 1000, 'n_max_trajs': 56, 'n_min_trajs': 448, 'n_nonempty_hist': {0: 0, 1: 60, 2: 940}, 'n_both_nonempty': 940, 'n_ttest_run': 0, 'n_significant': {0.05: 0, 0.01: 0, 0.001: 0}, 'frac_significant': {0.05: 0.0, 0.01: 0.0, 0.001: 0.0}}, 'upright (joint_up)': {'n_pairs': 1000, 'n_max_trajs': 560, 'n_min_trajs': 280, 'n_nonempty_hist': {0: 48, 1: 71, 2: 881}, 'n_both_nonempty': 881, 'n_ttest_run': 881, 'n_significant': {0.05: 20, 0.01: 0, 0.001: 0}, 'frac_significant': {0.05: 0.022701475595913734, 0.01: 0.0, 0.001: 0.0}}}}"
2,4,8,results/pca_ljts/tversky_proj_1785775396.pth,"{'laptop (computer_dist)': {'n_pairs': 1000, 'n_max_trajs': 56, 'n_min_trajs': 448, 'n_nonempty_hist': {0: 25, 1: 39, 2: 936}, 'n_both_nonempty': 936, 'n_ttest_run': 0, 'n_significant': {0.05: 0, 0.01: 0, 0.001: 0}, 'frac_significant': {0.05: 0.0, 0.01: 0.0, 0.001: 0.0}}, 'upright (joint_up)': {'n_pairs': 1000, 'n_max_trajs': 560, 'n_min_trajs': 280, 'n_nonempty_hist': {0: 74, 1: 34, 2: 892}, 'n_both_nonempty': 892, 'n_ttest_run': 892, 'n_significant': {0.05: 8, 0.01: 0, 0.001: 0}, 'frac_significant': {0.05: 0.008968609865470852, 0.01: 0.0, 0.001: 0.0}}}","{'sim_only': {'laptop (computer_dist)': {'n_pairs': 1000, 'n_max_trajs': 56, 'n_min_trajs': 448, 'n_nonempty_hist': {0: 25, 1: 39, 2: 936}, 'n_both_nonempty': 936, 'n_ttest_run': 0, 'n_significant': {0.05: 0, 0.01: 0, 0.001: 0}, 'frac_significant': {0.05: 0.0, 0.01: 0.0, 0.001: 0.0}}, 'upright (joint_up)': {'n_pairs': 1000, 'n_max_trajs': 560, 'n_min_trajs': 280, 'n_nonempty_hist': {0: 74, 1: 34, 2: 892}, 'n_both_nonempty': 892, 'n_ttest_run': 892, 'n_significant': {0.05: 8, 0.01: 0, 0.001: 0}, 'frac_significant': {0.05: 0.008968609865470852, 0.01: 0.0, 0.001: 0.0}}}}"
0,4,16,results/pca_ljts/tversky_proj_1785775402.pth,"{'laptop (computer_dist)': {'n_pairs': 1000, 'n_max_trajs': 56, 'n_min_trajs': 448, 'n_nonempty_hist': {0: 1, 1: 0, 2: 999}, 'n_both_nonempty': 999, 'n_ttest_run': 0, 'n_significant': {0.05: 0, 0.01: 0, 0.001: 0}, 'frac_significant': {0.05: 0.0, 0.01: 0.0, 0.001: 0.0}}, 'upright (joint_up)': {'n_pairs': 1000, 'n_max_trajs': 560, 'n_min_trajs': 280, 'n_nonempty_hist': {0: 52, 1: 0, 2: 948}, 'n_both_nonempty': 948, 'n_ttest_run': 948, 'n_significant': {0.05: 0, 0.01: 0, 0.001: 0}, 'frac_significant': {0.05: 0.0, 0.01: 0.0, 0.001: 0.0}}}","{'sim_only': {'laptop (computer_dist)': {'n_pairs': 1000, 'n_max_trajs': 56, 'n_min_trajs': 448, 'n_nonempty_hist': {0: 1, 1: 0, 2: 999}, 'n_both_nonempty': 999, 'n_ttest_run': 0, 'n_significant': {0.05: 0, 0.01: 0, 0.001: 0}, 'frac_significant': {0.05: 0.0, 0.01: 0.0, 0.001: 0.0}}, 'upright (joint_up)': {'n_pairs': 1000, 'n_max_trajs': 560, 'n_min_trajs': 280, 'n_nonempty_hist': {0: 52, 1: 0, 2: 948}, 'n_both_nonempty': 948, 'n_ttest_run': 948, 'n_significant': {0.05: 0, 0.01: 0, 0.001: 0}, 'frac_significant': {0.05: 0.0, 0.01: 0.0, 0.001: 0.0}}}}"
1,4,16,results/pca_ljts/tversky_proj_1785775407.pth,"{'laptop (computer_dist)': {'n_pairs': 1000, 'n_max_trajs': 56, 'n_min_trajs': 448, 'n_nonempty_hist': {0: 0, 1: 0, 2: 1000}, 'n_both_nonempty': 1000, 'n_ttest_run': 0, 'n_significant': {0.05: 0, 0.01: 0, 0.001: 0}, 'frac_significant': {0.05: 0.0, 0.01: 0.0, 0.001: 0.0}}, 'upright (joint_up)': {'n_pairs': 1000, 'n_max_trajs': 560, 'n_min_trajs': 280, 'n_nonempty_hist': {0: 42, 1: 0, 2: 958}, 'n_both_nonempty': 958, 'n_ttest_run': 958, 'n_significant': {0.05: 7, 0.01: 0, 0.001: 0}, 'frac_significant': {0.05: 0.007306889352818371, 0.01: 0.0, 0.001: 0.0}}}","{'sim_only': {'laptop (computer_dist)': {'n_pairs': 1000, 'n_max_trajs': 56, 'n_min_trajs': 448, 'n_nonempty_hist': {0: 0, 1: 0, 2: 1000}, 'n_both_nonempty': 1000, 'n_ttest_run': 0, 'n_significant': {0.05: 0, 0.01: 0, 0.001: 0}, 'frac_significant': {0.05: 0.0, 0.01: 0.0, 0.001: 0.0}}, 'upright (joint_up)': {'n_pairs': 1000, 'n_max_trajs': 560, 'n_min_trajs': 280, 'n_nonempty_hist': {0: 42, 1: 0, 2: 958}, 'n_both_nonempty': 958, 'n_ttest_run': 958, 'n_significant': {0.05: 7, 0.01: 0, 0.001: 0}, 'frac_significant': {0.05: 0.007306889352818371, 0.01: 0.0, 0.001: 0.0}}}}"
2,4,16,results/pca_ljts/tversky_proj_1785775412.pth,"{'laptop (computer_dist)': {'n_pairs': 1000, 'n_max_trajs': 56, 'n_min_trajs': 448, 'n_nonempty_hist': {0: 0, 1: 0, 2: 1000}, 'n_both_nonempty': 1000, 'n_ttest_run': 0, 'n_significant': {0.05: 0, 0.01: 0, 0.001: 0}, 'frac_significant': {0.05: 0.0, 0.01: 0.0, 0.001: 0.0}}, 'upright (joint_up)': {'n_pairs': 1000, 'n_max_trajs': 560, 'n_min_trajs': 280, 'n_nonempty_hist': {0: 55, 1: 0, 2: 945}, 'n_both_nonempty': 945, 'n_ttest_run': 945, 'n_significant': {0.05: 10, 0.01: 0, 0.001: 0}, 'frac_significant': {0.05: 0.010582010582010581, 0.01: 0.0, 0.001: 0.0}}}","{'sim_only': {'laptop (computer_dist)': {'n_pairs': 1000, 'n_max_trajs': 56, 'n_min_trajs': 448, 'n_nonempty_hist': {0: 0, 1: 0, 2: 1000}, 'n_both_nonempty': 1000, 'n_ttest_run': 0, 'n_significant': {0.05: 0, 0.01: 0, 0.001: 0}, 'frac_significant': {0.05: 0.0, 0.01: 0.0, 0.001: 0.0}}, 'upright (joint_up)': {'n_pairs': 1000, 'n_max_trajs': 560, 'n_min_trajs': 280, 'n_nonempty_hist': {0: 55, 1: 0, 2: 945}, 'n_both_nonempty': 945, 'n_ttest_run': 945, 'n_significant': {0.05: 10, 0.01: 0, 0.001: 0}, 'frac_significant': {0.05: 0.010582010582010581, 0.01: 0.0, 0.001: 0.0}}}}"
0,4,32,results/pca_ljts/tversky_proj_1785775418.pth,"{'laptop (computer_dist)': {'n_pairs': 1000, 'n_max_trajs': 56, 'n_min_trajs': 448, 'n_nonempty_hist': {0: 0, 1: 0, 2: 1000}, 'n_both_nonempty': 1000, 'n_ttest_run': 0, 'n_significant': {0.05: 0, 0.01: 0, 0.001: 0}, 'frac_significant': {0.05: 0.0, 0.01: 0.0, 0.001: 0.0}}, 'upright (joint_up)': {'n_pairs': 1000, 'n_max_trajs': 560, 'n_min_trajs': 280, 'n_nonempty_hist': {0: 34, 1: 0, 2: 966}, 'n_both_nonempty': 966, 'n_ttest_run': 966, 'n_significant': {0.05: 3, 0.01: 0, 0.001: 0}, 'frac_significant': {0.05: 0.003105590062111801, 0.01: 0.0, 0.001: 0.0}}}","{'sim_only': {'laptop (computer_dist)': {'n_pairs': 1000, 'n_max_trajs': 56, 'n_min_trajs': 448, 'n_nonempty_hist': {0: 0, 1: 0, 2: 1000}, 'n_both_nonempty': 1000, 'n_ttest_run': 0, 'n_significant': {0.05: 0, 0.01: 0, 0.001: 0}, 'frac_significant': {0.05: 0.0, 0.01: 0.0, 0.001: 0.0}}, 'upright (joint_up)': {'n_pairs': 1000, 'n_max_trajs': 560, 'n_min_trajs': 280, 'n_nonempty_hist': {0: 34, 1: 0, 2: 966}, 'n_both_nonempty': 966, 'n_ttest_run': 966, 'n_significant': {0.05: 3, 0.01: 0, 0.001: 0}, 'frac_significant': {0.05: 0.003105590062111801, 0.01: 0.0, 0.001: 0.0}}}}"
1,4,32,results/pca_ljts/tversky_proj_1785775423.pth,"{'laptop (computer_dist)': {'n_pairs': 1000, 'n_max_trajs': 56, 'n_min_trajs': 448, 'n_nonempty_hist': {0: 0, 1: 0, 2: 1000}, 'n_both_nonempty': 1000, 'n_ttest_run': 0, 'n_significant': {0.05: 0, 0.01: 0, 0.001: 0}, 'frac_significant': {0.05: 0.0, 0.01: 0.0, 0.001: 0.0}}, 'upright (joint_up)': {'n_pairs': 1000, 'n_max_trajs': 560, 'n_min_trajs': 280, 'n_nonempty_hist': {0: 45, 1: 0, 2: 955}, 'n_both_nonempty': 955, 'n_ttest_run': 955, 'n_significant': {0.05: 0, 0.01: 0, 0.001: 0}, 'frac_significant': {0.05: 0.0, 0.01: 0.0, 0.001: 0.0}}}","{'sim_only': {'laptop (computer_dist)': {'n_pairs': 1000, 'n_max_trajs': 56, 'n_min_trajs': 448, 'n_nonempty_hist': {0: 0, 1: 0, 2: 1000}, 'n_both_nonempty': 1000, 'n_ttest_run': 0, 'n_significant': {0.05: 0, 0.01: 0, 0.001: 0}, 'frac_significant': {0.05: 0.0, 0.01: 0.0, 0.001: 0.0}}, 'upright (joint_up)': {'n_pairs': 1000, 'n_max_trajs': 560, 'n_min_trajs': 280, 'n_nonempty_hist': {0: 45, 1: 0, 2: 955}, 'n_both_nonempty': 955, 'n_ttest_run': 955, 'n_significant': {0.05: 0, 0.01: 0, 0.001: 0}, 'frac_significant': {0.05: 0.0, 0.01: 0.0, 0.001: 0.0}}}}"
2,4,32,results/pca_ljts/tversky_proj_1785775429.pth,"{'laptop (computer_dist)': {'n_pairs': 1000, 'n_max_trajs': 56, 'n_min_trajs': 448, 'n_nonempty_hist': {0: 0, 1: 0, 2: 1000}, 'n_both_nonempty': 1000, 'n_ttest_run': 0, 'n_significant': {0.05: 0, 0.01: 0, 0.001: 0}, 'frac_significant': {0.05: 0.0, 0.01: 0.0, 0.001: 0.0}}, 'upright (joint_up)': {'n_pairs': 1000, 'n_max_trajs': 560, 'n_min_trajs': 280, 'n_nonempty_hist': {0: 46, 1: 0, 2: 954}, 'n_both_nonempty': 954, 'n_ttest_run': 954, 'n_significant': {0.05: 1, 0.01: 0, 0.001: 0}, 'frac_significant': {0.05: 0.0010482180293501049, 0.01: 0.0, 0.001: 0.0}}}","{'sim_only': {'laptop (computer_dist)': {'n_pairs': 1000, 'n_max_trajs': 56, 'n_min_trajs': 448, 'n_nonempty_hist': {0: 0, 1: 0, 2: 1000}, 'n_both_nonempty': 1000, 'n_ttest_run': 0, 'n_significant': {0.05: 0, 0.01: 0, 0.001: 0}, 'frac_significant': {0.05: 0.0, 0.01: 0.0, 0.001: 0.0}}, 'upright (joint_up)': {'n_pairs': 1000, 'n_max_trajs': 560, 'n_min_trajs': 280, 'n_nonempty_hist': {0: 46, 1: 0, 2: 954}, 'n_both_nonempty': 954, 'n_ttest_run': 954, 'n_significant': {0.05: 1, 0.01: 0, 0.001: 0}, 'frac_significant': {0.05: 0.0010482180293501049, 0.01: 0.0, 0.001: 0.0}}}}"
0,4,64,results/pca_ljts/tversky_proj_1785775435.pth,"{'laptop (computer_dist)': {'n_pairs': 1000, 'n_max_trajs': 56, 'n_min_trajs': 448, 'n_nonempty_hist': {0: 0, 1: 0, 2: 1000}, 'n_both_nonempty': 1000, 'n_ttest_run': 0, 'n_significant': {0.05: 0, 0.01: 0, 0.001: 0}, 'frac_significant': {0.05: 0.0, 0.01: 0.0, 0.001: 0.0}}, 'upright (joint_up)': {'n_pairs': 1000, 'n_max_trajs': 560, 'n_min_trajs': 280, 'n_nonempty_hist': {0: 34, 1: 0, 2: 966}, 'n_both_nonempty': 966, 'n_ttest_run': 966, 'n_significant': {0.05: 0, 0.01: 0, 0.001: 0}, 'frac_significant': {0.05: 0.0, 0.01: 0.0, 0.001: 0.0}}}","{'sim_only': {'laptop (computer_dist)': {'n_pairs': 1000, 'n_max_trajs': 56, 'n_min_trajs': 448, 'n_nonempty_hist': {0: 0, 1: 0, 2: 1000}, 'n_both_nonempty': 1000, 'n_ttest_run': 0, 'n_significant': {0.05: 0, 0.01: 0, 0.001: 0}, 'frac_significant': {0.05: 0.0, 0.01: 0.0, 0.001: 0.0}}, 'upright (joint_up)': {'n_pairs': 1000, 'n_max_trajs': 560, 'n_min_trajs': 280, 'n_nonempty_hist': {0: 34, 1: 0, 2: 966}, 'n_both_nonempty': 966, 'n_ttest_run': 966, 'n_significant': {0.05: 0, 0.01: 0, 0.001: 0}, 'frac_significant': {0.05: 0.0, 0.01: 0.0, 0.001: 0.0}}}}"
1,4,64,results/pca_ljts/tversky_proj_1785775441.pth,"{'laptop (computer_dist)': {'n_pairs': 1000, 'n_max_trajs': 56, 'n_min_trajs': 448, 'n_nonempty_hist': {0: 0, 1: 0, 2: 1000}, 'n_both_nonempty': 1000, 'n_ttest_run': 0, 'n_significant': {0.05: 0, 0.01: 0, 0.001: 0}, 'frac_significant': {0.05: 0.0, 0.01: 0.0, 0.001: 0.0}}, 'upright (joint_up)': {'n_pairs': 1000, 'n_max_trajs': 560, 'n_min_trajs': 280, 'n_nonempty_hist': {0: 39, 1: 0, 2: 961}, 'n_both_nonempty': 961, 'n_ttest_run': 961, 'n_significant': {0.05: 28, 0.01: 0, 0.001: 0}, 'frac_significant': {0.05: 0.029136316337148804, 0.01: 0.0, 0.001: 0.0}}}","{'sim_only': {'laptop (computer_dist)': {'n_pairs': 1000, 'n_max_trajs': 56, 'n_min_trajs': 448, 'n_nonempty_hist': {0: 0, 1: 0, 2: 1000}, 'n_both_nonempty': 1000, 'n_ttest_run': 0, 'n_significant': {0.05: 0, 0.01: 0, 0.001: 0}, 'frac_significant': {0.05: 0.0, 0.01: 0.0, 0.001: 0.0}}, 'upright (joint_up)': {'n_pairs': 1000, 'n_max_trajs': 560, 'n_min_trajs': 280, 'n_nonempty_hist': {0: 39, 1: 0, 2: 961}, 'n_both_nonempty': 961, 'n_ttest_run': 961, 'n_significant': {0.05: 28, 0.01: 0, 0.001: 0}, 'frac_significant': {0.05: 0.029136316337148804, 0.01: 0.0, 0.001: 0.0}}}}"
2,4,64,results/pca_ljts/tversky_proj_1785775447.pth,"{'laptop (computer_dist)': {'n_pairs': 1000, 'n_max_trajs': 56, 'n_min_trajs': 448, 'n_nonempty_hist': {0: 0, 1: 0, 2: 1000}, 'n_both_nonempty': 1000, 'n_ttest_run': 0, 'n_significant': {0.05: 0, 0.01: 0, 0.001: 0}, 'frac_significant': {0.05: 0.0, 0.01: 0.0, 0.001: 0.0}}, 'upright (joint_up)': {'n_pairs': 1000, 'n_max_trajs': 560, 'n_min_trajs': 280, 'n_nonempty_hist': {0: 53, 1: 0, 2: 947}, 'n_both_nonempty': 947, 'n_ttest_run': 947, 'n_significant': {0.05: 6, 0.01: 0, 0.001: 0}, 'frac_significant': {0.05: 0.006335797254487857, 0.01: 0.0, 0.001: 0.0}}}","{'sim_only': {'laptop (computer_dist)': {'n_pairs': 1000, 'n_max_trajs': 56, 'n_min_trajs': 448, 'n_nonempty_hist': {0: 0, 1: 0, 2: 1000}, 'n_both_nonempty': 1000, 'n_ttest_run': 0, 'n_significant': {0.05: 0, 0.01: 0, 0.001: 0}, 'frac_significant': {0.05: 0.0, 0.01: 0.0, 0.001: 0.0}}, 'upright (joint_up)': {'n_pairs': 1000, 'n_max_trajs': 560, 'n_min_trajs': 280, 'n_nonempty_hist': {0: 53, 1: 0, 2: 947}, 'n_both_nonempty': 947, 'n_ttest_run': 947, 'n_significant': {0.05: 6, 0.01: 0, 0.001: 0}, 'frac_significant': {0.05: 0.006335797254487857, 0.01: 0.0, 0.001: 0.0}}}}"
0,4,128,results/pca_ljts/tversky_proj_1785775454.pth,"{'laptop (computer_dist)': {'n_pairs': 1000, 'n_max_trajs': 56, 'n_min_trajs': 448, 'n_nonempty_hist': {0: 0, 1: 0, 2: 1000}, 'n_both_nonempty': 1000, 'n_ttest_run': 0, 'n_significant': {0.05: 0, 0.01: 0, 0.001: 0}, 'frac_significant': {0.05: 0.0, 0.01: 0.0, 0.001: 0.0}}, 'upright (joint_up)': {'n_pairs': 1000, 'n_max_trajs': 560, 'n_min_trajs': 280, 'n_nonempty_hist': {0: 30, 1: 0, 2: 970}, 'n_both_nonempty': 970, 'n_ttest_run': 970, 'n_significant': {0.05: 0, 0.01: 0, 0.001: 0}, 'frac_significant': {0.05: 0.0, 0.01: 0.0, 0.001: 0.0}}}","{'sim_only': {'laptop (computer_dist)': {'n_pairs': 1000, 'n_max_trajs': 56, 'n_min_trajs': 448, 'n_nonempty_hist': {0: 0, 1: 0, 2: 1000}, 'n_both_nonempty': 1000, 'n_ttest_run': 0, 'n_significant': {0.05: 0, 0.01: 0, 0.001: 0}, 'frac_significant': {0.05: 0.0, 0.01: 0.0, 0.001: 0.0}}, 'upright (joint_up)': {'n_pairs': 1000, 'n_max_trajs': 560, 'n_min_trajs': 280, 'n_nonempty_hist': {0: 30, 1: 0, 2: 970}, 'n_both_nonempty': 970, 'n_ttest_run': 970, 'n_significant': {0.05: 0, 0.01: 0, 0.001: 0}, 'frac_significant': {0.05: 0.0, 0.01: 0.0, 0.001: 0.0}}}}"
1,4,128,results/pca_ljts/tversky_proj_1785775460.pth,"{'laptop (computer_dist)': {'n_pairs': 1000, 'n_max_trajs': 56, 'n_min_trajs': 448, 'n_nonempty_hist': {0: 0, 1: 0, 2: 1000}, 'n_both_nonempty': 1000, 'n_ttest_run': 0, 'n_significant': {0.05: 0, 0.01: 0, 0.001: 0}, 'frac_significant': {0.05: 0.0, 0.01: 0.0, 0.001: 0.0}}, 'upright (joint_up)': {'n_pairs': 1000, 'n_max_trajs': 560, 'n_min_trajs': 280, 'n_nonempty_hist': {0: 26, 1: 0, 2: 974}, 'n_both_nonempty': 974, 'n_ttest_run': 974, 'n_significant': {0.05: 5, 0.01: 0, 0.001: 0}, 'frac_significant': {0.05: 0.00513347022587269, 0.01: 0.0, 0.001: 0.0}}}","{'sim_only': {'laptop (computer_dist)': {'n_pairs': 1000, 'n_max_trajs': 56, 'n_min_trajs': 448, 'n_nonempty_hist': {0: 0, 1: 0, 2: 1000}, 'n_both_nonempty': 1000, 'n_ttest_run': 0, 'n_significant': {0.05: 0, 0.01: 0, 0.001: 0}, 'frac_significant': {0.05: 0.0, 0.01: 0.0, 0.001: 0.0}}, 'upright (joint_up)': {'n_pairs': 1000, 'n_max_trajs': 560, 'n_min_trajs': 280, 'n_nonempty_hist': {0: 26, 1: 0, 2: 974}, 'n_both_nonempty': 974, 'n_ttest_run': 974, 'n_significant': {0.05: 5, 0.01: 0, 0.001: 0}, 'frac_significant': {0.05: 0.00513347022587269, 0.01: 0.0, 0.001: 0.0}}}}"
2,4,128,results/pca_ljts/tversky_proj_1785775465.pth,"{'laptop (computer_dist)': {'n_pairs': 1000, 'n_max_trajs': 56, 'n_min_trajs': 448, 'n_nonempty_hist': {0: 0, 1: 0, 2: 1000}, 'n_both_nonempty': 1000, 'n_ttest_run': 0, 'n_significant': {0.05: 0, 0.01: 0, 0.001: 0}, 'frac_significant': {0.05: 0.0, 0.01: 0.0, 0.001: 0.0}}, 'upright (joint_up)': {'n_pairs': 1000, 'n_max_trajs': 560, 'n_min_trajs': 280, 'n_nonempty_hist': {0: 32, 1: 0, 2: 968}, 'n_both_nonempty': 968, 'n_ttest_run': 968, 'n_significant': {0.05: 0, 0.01: 0, 0.001: 0}, 'frac_significant': {0.05: 0.0, 0.01: 0.0, 0.001: 0.0}}}","{'sim_only': {'laptop (computer_dist)': {'n_pairs': 1000, 'n_max_trajs': 56, 'n_min_trajs': 448, 'n_nonempty_hist': {0: 0, 1: 0, 2: 1000}, 'n_both_nonempty': 1000, 'n_ttest_run': 0, 'n_significant': {0.05: 0, 0.01: 0, 0.001: 0}, 'frac_significant': {0.05: 0.0, 0.01: 0.0, 0.001: 0.0}}, 'upright (joint_up)': {'n_pairs': 1000, 'n_max_trajs': 560, 'n_min_trajs': 280, 'n_nonempty_hist': {0: 32, 1: 0, 2: 968}, 'n_both_nonempty': 968, 'n_ttest_run': 968, 'n_significant': {0.05: 0, 0.01: 0, 0.001: 0}, 'frac_significant': {0.05: 0.0, 0.01: 0.0, 0.001: 0.0}}}}"
0,4,256,results/pca_ljts/tversky_proj_1785775470.pth,"{'laptop (computer_dist)': {'n_pairs': 1000, 'n_max_trajs': 56, 'n_min_trajs': 448, 'n_nonempty_hist': {0: 0, 1: 0, 2: 1000}, 'n_both_nonempty': 1000, 'n_ttest_run': 0, 'n_significant': {0.05: 0, 0.01: 0, 0.001: 0}, 'frac_significant': {0.05: 0.0, 0.01: 0.0, 0.001: 0.0}}, 'upright (joint_up)': {'n_pairs': 1000, 'n_max_trajs': 560, 'n_min_trajs': 280, 'n_nonempty_hist': {0: 14, 1: 0, 2: 986}, 'n_both_nonempty': 986, 'n_ttest_run': 986, 'n_significant': {0.05: 13, 0.01: 0, 0.001: 0}, 'frac_significant': {0.05: 0.013184584178498986, 0.01: 0.0, 0.001: 0.0}}}","{'sim_only': {'laptop (computer_dist)': {'n_pairs': 1000, 'n_max_trajs': 56, 'n_min_trajs': 448, 'n_nonempty_hist': {0: 0, 1: 0, 2: 1000}, 'n_both_nonempty': 1000, 'n_ttest_run': 0, 'n_significant': {0.05: 0, 0.01: 0, 0.001: 0}, 'frac_significant': {0.05: 0.0, 0.01: 0.0, 0.001: 0.0}}, 'upright (joint_up)': {'n_pairs': 1000, 'n_max_trajs': 560, 'n_min_trajs': 280, 'n_nonempty_hist': {0: 14, 1: 0, 2: 986}, 'n_both_nonempty': 986, 'n_ttest_run': 986, 'n_significant': {0.05: 13, 0.01: 0, 0.001: 0}, 'frac_significant': {0.05: 0.013184584178498986, 0.01: 0.0, 0.001: 0.0}}}}"
1,4,256,results/pca_ljts/tversky_proj_1785775476.pth,"{'laptop (computer_dist)': {'n_pairs': 1000, 'n_max_trajs': 56, 'n_min_trajs': 448, 'n_nonempty_hist': {0: 0, 1: 0, 2: 1000}, 'n_both_nonempty': 1000, 'n_ttest_run': 0, 'n_significant': {0.05: 0, 0.01: 0, 0.001: 0}, 'frac_significant': {0.05: 0.0, 0.01: 0.0, 0.001: 0.0}}, 'upright (joint_up)': {'n_pairs': 1000, 'n_max_trajs': 560, 'n_min_trajs': 280, 'n_nonempty_hist': {0: 33, 1: 0, 2: 967}, 'n_both_nonempty': 967, 'n_ttest_run': 967, 'n_significant': {0.05: 3, 0.01: 0, 0.001: 0}, 'frac_significant': {0.05: 0.0031023784901758012, 0.01: 0.0, 0.001: 0.0}}}","{'sim_only': {'laptop (computer_dist)': {'n_pairs': 1000, 'n_max_trajs': 56, 'n_min_trajs': 448, 'n_nonempty_hist': {0: 0, 1: 0, 2: 1000}, 'n_both_nonempty': 1000, 'n_ttest_run': 0, 'n_significant': {0.05: 0, 0.01: 0, 0.001: 0}, 'frac_significant': {0.05: 0.0, 0.01: 0.0, 0.001: 0.0}}, 'upright (joint_up)': {'n_pairs': 1000, 'n_max_trajs': 560, 'n_min_trajs': 280, 'n_nonempty_hist': {0: 33, 1: 0, 2: 967}, 'n_both_nonempty': 967, 'n_ttest_run': 967, 'n_significant': {0.05: 3, 0.01: 0, 0.001: 0}, 'frac_significant': {0.05: 0.0031023784901758012, 0.01: 0.0, 0.001: 0.0}}}}"
2,4,256,results/pca_ljts/tversky_proj_1785775482.pth,"{'laptop (computer_dist)': {'n_pairs': 1000, 'n_max_trajs': 56, 'n_min_trajs': 448, 'n_nonempty_hist': {0: 0, 1: 0, 2: 1000}, 'n_both_nonempty': 1000, 'n_ttest_run': 0, 'n_significant': {0.05: 0, 0.01: 0, 0.001: 0}, 'frac_significant': {0.05: 0.0, 0.01: 0.0, 0.001: 0.0}}, 'upright (joint_up)': {'n_pairs': 1000, 'n_max_trajs': 560, 'n_min_trajs': 280, 'n_nonempty_hist': {0: 29, 1: 0, 2: 971}, 'n_both_nonempty': 971, 'n_ttest_run': 971, 'n_significant': {0.05: 3, 0.01: 0, 0.001: 0}, 'frac_significant': {0.05: 0.003089598352214212, 0.01: 0.0, 0.001: 0.0}}}","{'sim_only': {'laptop (computer_dist)': {'n_pairs': 1000, 'n_max_trajs': 56, 'n_min_trajs': 448, 'n_nonempty_hist': {0: 0, 1: 0, 2: 1000}, 'n_both_nonempty': 1000, 'n_ttest_run': 0, 'n_significant': {0.05: 0, 0.01: 0, 0.001: 0}, 'frac_significant': {0.05: 0.0, 0.01: 0.0, 0.001: 0.0}}, 'upright (joint_up)': {'n_pairs': 1000, 'n_max_trajs': 560, 'n_min_trajs': 280, 'n_nonempty_hist': {0: 29, 1: 0, 2: 971}, 'n_both_nonempty': 971, 'n_ttest_run': 971, 'n_significant': {0.05: 3, 0.01: 0, 0.001: 0}, 'frac_significant': {0.05: 0.003089598352214212, 0.01: 0.0, 0.001: 0.0}}}}"
0,6,2,results/pca_ljts/tversky_proj_1785775486.pth,"{'laptop (computer_dist)': {'n_pairs': 1000, 'n_max_trajs': 56, 'n_min_trajs': 448, 'n_nonempty_hist': {0: 424, 1: 141, 2: 435}, 'n_both_nonempty': 435, 'n_ttest_run': 0, 'n_significant': {0.05: 0, 0.01: 0, 0.001: 0}, 'frac_significant': {0.05: 0.0, 0.01: 0.0, 0.001: 0.0}}, 'upright (joint_up)': {'n_pairs': 1000, 'n_max_trajs': 560, 'n_min_trajs': 280, 'n_nonempty_hist': {0: 455, 1: 41, 2: 504}, 'n_both_nonempty': 504, 'n_ttest_run': 504, 'n_significant': {0.05: 0, 0.01: 0, 0.001: 0}, 'frac_significant': {0.05: 0.0, 0.01: 0.0, 0.001: 0.0}}}","{'sim_only': {'laptop (computer_dist)': {'n_pairs': 1000, 'n_max_trajs': 56, 'n_min_trajs': 448, 'n_nonempty_hist': {0: 424, 1: 141, 2: 435}, 'n_both_nonempty': 435, 'n_ttest_run': 0, 'n_significant': {0.05: 0, 0.01: 0, 0.001: 0}, 'frac_significant': {0.05: 0.0, 0.01: 0.0, 0.001: 0.0}}, 'upright (joint_up)': {'n_pairs': 1000, 'n_max_trajs': 560, 'n_min_trajs': 280, 'n_nonempty_hist': {0: 455, 1: 41, 2: 504}, 'n_both_nonempty': 504, 'n_ttest_run': 504, 'n_significant': {0.05: 0, 0.01: 0, 0.001: 0}, 'frac_significant': {0.05: 0.0, 0.01: 0.0, 0.001: 0.0}}}}"
1,6,2,results/pca_ljts/tversky_proj_1785775490.pth,"{'laptop (computer_dist)': {'n_pairs': 1000, 'n_max_trajs': 56, 'n_min_trajs': 448, 'n_nonempty_hist': {0: 502, 1: 9, 2: 489}, 'n_both_nonempty': 489, 'n_ttest_run': 0, 'n_significant': {0.05: 0, 0.01: 0, 0.001: 0}, 'frac_significant': {0.05: 0.0, 0.01: 0.0, 0.001: 0.0}}, 'upright (joint_up)': {'n_pairs': 1000, 'n_max_trajs': 560, 'n_min_trajs': 280, 'n_nonempty_hist': {0: 503, 1: 10, 2: 487}, 'n_both_nonempty': 487, 'n_ttest_run': 487, 'n_significant': {0.05: 0, 0.01: 0, 0.001: 0}, 'frac_significant': {0.05: 0.0, 0.01: 0.0, 0.001: 0.0}}}","{'sim_only': {'laptop (computer_dist)': {'n_pairs': 1000, 'n_max_trajs': 56, 'n_min_trajs': 448, 'n_nonempty_hist': {0: 502, 1: 9, 2: 489}, 'n_both_nonempty': 489, 'n_ttest_run': 0, 'n_significant': {0.05: 0, 0.01: 0, 0.001: 0}, 'frac_significant': {0.05: 0.0, 0.01: 0.0, 0.001: 0.0}}, 'upright (joint_up)': {'n_pairs': 1000, 'n_max_trajs': 560, 'n_min_trajs': 280, 'n_nonempty_hist': {0: 503, 1: 10, 2: 487}, 'n_both_nonempty': 487, 'n_ttest_run': 487, 'n_significant': {0.05: 0, 0.01: 0, 0.001: 0}, 'frac_significant': {0.05: 0.0, 0.01: 0.0, 0.001: 0.0}}}}"
2,6,2,results/pca_ljts/tversky_proj_1785775494.pth,"{'laptop (computer_dist)': {'n_pairs': 1000, 'n_max_trajs': 56, 'n_min_trajs': 448, 'n_nonempty_hist': {0: 502, 1: 13, 2: 485}, 'n_both_nonempty': 485, 'n_ttest_run': 0, 'n_significant': {0.05: 0, 0.01: 0, 0.001: 0}, 'frac_significant': {0.05: 0.0, 0.01: 0.0, 0.001: 0.0}}, 'upright (joint_up)': {'n_pairs': 1000, 'n_max_trajs': 560, 'n_min_trajs': 280, 'n_nonempty_hist': {0: 502, 1: 18, 2: 480}, 'n_both_nonempty': 480, 'n_ttest_run': 480, 'n_significant': {0.05: 0, 0.01: 0, 0.001: 0}, 'frac_significant': {0.05: 0.0, 0.01: 0.0, 0.001: 0.0}}}","{'sim_only': {'laptop (computer_dist)': {'n_pairs': 1000, 'n_max_trajs': 56, 'n_min_trajs': 448, 'n_nonempty_hist': {0: 502, 1: 13, 2: 485}, 'n_both_nonempty': 485, 'n_ttest_run': 0, 'n_significant': {0.05: 0, 0.01: 0, 0.001: 0}, 'frac_significant': {0.05: 0.0, 0.01: 0.0, 0.001: 0.0}}, 'upright (joint_up)': {'n_pairs': 1000, 'n_max_trajs': 560, 'n_min_trajs': 280, 'n_nonempty_hist': {0: 502, 1: 18, 2: 480}, 'n_both_nonempty': 480, 'n_ttest_run': 480, 'n_significant': {0.05: 0, 0.01: 0, 0.001: 0}, 'frac_significant': {0.05: 0.0, 0.01: 0.0, 0.001: 0.0}}}}"
0,6,4,results/pca_ljts/tversky_proj_1785775498.pth,"{'laptop (computer_dist)': {'n_pairs': 1000, 'n_max_trajs': 56, 'n_min_trajs': 448, 'n_nonempty_hist': {0: 61, 1: 384, 2: 555}, 'n_both_nonempty': 555, 'n_ttest_run': 0, 'n_significant': {0.05: 0, 0.01: 0, 0.001: 0}, 'frac_significant': {0.05: 0.0, 0.01: 0.0, 0.001: 0.0}}, 'upright (joint_up)': {'n_pairs': 1000, 'n_max_trajs': 560, 'n_min_trajs': 280, 'n_nonempty_hist': {0: 88, 1: 312, 2: 600}, 'n_both_nonempty': 600, 'n_ttest_run': 600, 'n_significant': {0.05: 0, 0.01: 0, 0.001: 0}, 'frac_significant': {0.05: 0.0, 0.01: 0.0, 0.001: 0.0}}}","{'sim_only': {'laptop (computer_dist)': {'n_pairs': 1000, 'n_max_trajs': 56, 'n_min_trajs': 448, 'n_nonempty_hist': {0: 61, 1: 384, 2: 555}, 'n_both_nonempty': 555, 'n_ttest_run': 0, 'n_significant': {0.05: 0, 0.01: 0, 0.001: 0}, 'frac_significant': {0.05: 0.0, 0.01: 0.0, 0.001: 0.0}}, 'upright (joint_up)': {'n_pairs': 1000, 'n_max_trajs': 560, 'n_min_trajs': 280, 'n_nonempty_hist': {0: 88, 1: 312, 2: 600}, 'n_both_nonempty': 600, 'n_ttest_run': 600, 'n_significant': {0.05: 0, 0.01: 0, 0.001: 0}, 'frac_significant': {0.05: 0.0, 0.01: 0.0, 0.001: 0.0}}}}"
1,6,4,results/pca_ljts/tversky_proj_1785775502.pth,"{'laptop (computer_dist)': {'n_pairs': 1000, 'n_max_trajs': 56, 'n_min_trajs': 448, 'n_nonempty_hist': {0: 146, 1: 288, 2: 566}, 'n_both_nonempty': 566, 'n_ttest_run': 0, 'n_significant': {0.05: 0, 0.01: 0, 0.001: 0}, 'frac_significant': {0.05: 0.0, 0.01: 0.0, 0.001: 0.0}}, 'upright (joint_up)': {'n_pairs': 1000, 'n_max_trajs': 560, 'n_min_trajs': 280, 'n_nonempty_hist': {0: 171, 1: 284, 2: 545}, 'n_both_nonempty': 545, 'n_ttest_run': 545, 'n_significant': {0.05: 1, 0.01: 0, 0.001: 0}, 'frac_significant': {0.05: 0.001834862385321101, 0.01: 0.0, 0.001: 0.0}}}","{'sim_only': {'laptop (computer_dist)': {'n_pairs': 1000, 'n_max_trajs': 56, 'n_min_trajs': 448, 'n_nonempty_hist': {0: 146, 1: 288, 2: 566}, 'n_both_nonempty': 566, 'n_ttest_run': 0, 'n_significant': {0.05: 0, 0.01: 0, 0.001: 0}, 'frac_significant': {0.05: 0.0, 0.01: 0.0, 0.001: 0.0}}, 'upright (joint_up)': {'n_pairs': 1000, 'n_max_trajs': 560, 'n_min_trajs': 280, 'n_nonempty_hist': {0: 171, 1: 284, 2: 545}, 'n_both_nonempty': 545, 'n_ttest_run': 545, 'n_significant': {0.05: 1, 0.01: 0, 0.001: 0}, 'frac_significant': {0.05: 0.001834862385321101, 0.01: 0.0, 0.001: 0.0}}}}"
2,6,4,results/pca_ljts/tversky_proj_1785775507.pth,"{'laptop (computer_dist)': {'n_pairs': 1000, 'n_max_trajs': 56, 'n_min_trajs': 448, 'n_nonempty_hist': {0: 85, 1: 273, 2: 642}, 'n_both_nonempty': 642, 'n_ttest_run': 0, 'n_significant': {0.05: 0, 0.01: 0, 0.001: 0}, 'frac_significant': {0.05: 0.0, 0.01: 0.0, 0.001: 0.0}}, 'upright (joint_up)': {'n_pairs': 1000, 'n_max_trajs': 560, 'n_min_trajs': 280, 'n_nonempty_hist': {0: 103, 1: 236, 2: 661}, 'n_both_nonempty': 661, 'n_ttest_run': 661, 'n_significant': {0.05: 0, 0.01: 0, 0.001: 0}, 'frac_significant': {0.05: 0.0, 0.01: 0.0, 0.001: 0.0}}}","{'sim_only': {'laptop (computer_dist)': {'n_pairs': 1000, 'n_max_trajs': 56, 'n_min_trajs': 448, 'n_nonempty_hist': {0: 85, 1: 273, 2: 642}, 'n_both_nonempty': 642, 'n_ttest_run': 0, 'n_significant': {0.05: 0, 0.01: 0, 0.001: 0}, 'frac_significant': {0.05: 0.0, 0.01: 0.0, 0.001: 0.0}}, 'upright (joint_up)': {'n_pairs': 1000, 'n_max_trajs': 560, 'n_min_trajs': 280, 'n_nonempty_hist': {0: 103, 1: 236, 2: 661}, 'n_both_nonempty': 661, 'n_ttest_run': 661, 'n_significant': {0.05: 0, 0.01: 0, 0.001: 0}, 'frac_significant': {0.05: 0.0, 0.01: 0.0, 0.001: 0.0}}}}"
0,6,8,results/pca_ljts/tversky_proj_1785775511.pth,"{'laptop (computer_dist)': {'n_pairs': 1000, 'n_max_trajs': 56, 'n_min_trajs': 448, 'n_nonempty_hist': {0: 23, 1: 38, 2: 939}, 'n_both_nonempty': 939, 'n_ttest_run': 713, 'n_significant': {0.05: 108, 0.01: 59, 0.001: 0}, 'frac_significant': {0.05: 0.1514726507713885, 0.01: 0.08274894810659186, 0.001: 0.0}}, 'upright (joint_up)': {'n_pairs': 1000, 'n_max_trajs': 560, 'n_min_trajs': 280, 'n_nonempty_hist': {0: 27, 1: 43, 2: 930}, 'n_both_nonempty': 930, 'n_ttest_run': 925, 'n_significant': {0.05: 110, 0.01: 30, 0.001: 0}, 'frac_significant': {0.05: 0.11891891891891893, 0.01: 0.032432432432432434, 0.001: 0.0}}}","{'sim_only': {'laptop (computer_dist)': {'n_pairs': 1000, 'n_max_trajs': 56, 'n_min_trajs': 448, 'n_nonempty_hist': {0: 23, 1: 38, 2: 939}, 'n_both_nonempty': 939, 'n_ttest_run': 713, 'n_significant': {0.05: 108, 0.01: 59, 0.001: 0}, 'frac_significant': {0.05: 0.1514726507713885, 0.01: 0.08274894810659186, 0.001: 0.0}}, 'upright (joint_up)': {'n_pairs': 1000, 'n_max_trajs': 560, 'n_min_trajs': 280, 'n_nonempty_hist': {0: 27, 1: 43, 2: 930}, 'n_both_nonempty': 930, 'n_ttest_run': 925, 'n_significant': {0.05: 110, 0.01: 30, 0.001: 0}, 'frac_significant': {0.05: 0.11891891891891893, 0.01: 0.032432432432432434, 0.001: 0.0}}}}"
1,6,8,results/pca_ljts/tversky_proj_1785775516.pth,"{'laptop (computer_dist)': {'n_pairs': 1000, 'n_max_trajs': 56, 'n_min_trajs': 448, 'n_nonempty_hist': {0: 19, 1: 79, 2: 902}, 'n_both_nonempty': 902, 'n_ttest_run': 775, 'n_significant': {0.05: 85, 0.01: 15, 0.001: 10}, 'frac_significant': {0.05: 0.10967741935483871, 0.01: 0.01935483870967742, 0.001: 0.012903225806451613}}, 'upright (joint_up)': {'n_pairs': 1000, 'n_max_trajs': 560, 'n_min_trajs': 280, 'n_nonempty_hist': {0: 35, 1: 62, 2: 903}, 'n_both_nonempty': 903, 'n_ttest_run': 902, 'n_significant': {0.05: 56, 0.01: 2, 0.001: 0}, 'frac_significant': {0.05: 0.06208425720620843, 0.01: 0.0022172949002217295, 0.001: 0.0}}}","{'sim_only': {'laptop (computer_dist)': {'n_pairs': 1000, 'n_max_trajs': 56, 'n_min_trajs': 448, 'n_nonempty_hist': {0: 19, 1: 79, 2: 902}, 'n_both_nonempty': 902, 'n_ttest_run': 775, 'n_significant': {0.05: 85, 0.01: 15, 0.001: 10}, 'frac_significant': {0.05: 0.10967741935483871, 0.01: 0.01935483870967742, 0.001: 0.012903225806451613}}, 'upright (joint_up)': {'n_pairs': 1000, 'n_max_trajs': 560, 'n_min_trajs': 280, 'n_nonempty_hist': {0: 35, 1: 62, 2: 903}, 'n_both_nonempty': 903, 'n_ttest_run': 902, 'n_significant': {0.05: 56, 0.01: 2, 0.001: 0}, 'frac_significant': {0.05: 0.06208425720620843, 0.01: 0.0022172949002217295, 0.001: 0.0}}}}"
2,6,8,results/pca_ljts/tversky_proj_1785775520.pth,"{'laptop (computer_dist)': {'n_pairs': 1000, 'n_max_trajs': 56, 'n_min_trajs': 448, 'n_nonempty_hist': {0: 11, 1: 70, 2: 919}, 'n_both_nonempty': 919, 'n_ttest_run': 584, 'n_significant': {0.05: 58, 0.01: 26, 0.001: 24}, 'frac_significant': {0.05: 0.09931506849315068, 0.01: 0.04452054794520548, 0.001: 0.0410958904109589}}, 'upright (joint_up)': {'n_pairs': 1000, 'n_max_trajs': 560, 'n_min_trajs': 280, 'n_nonempty_hist': {0: 34, 1: 70, 2: 896}, 'n_both_nonempty': 896, 'n_ttest_run': 896, 'n_significant': {0.05: 31, 0.01: 5, 0.001: 0}, 'frac_significant': {0.05: 0.03459821428571429, 0.01: 0.005580357142857143, 0.001: 0.0}}}","{'sim_only': {'laptop (computer_dist)': {'n_pairs': 1000, 'n_max_trajs': 56, 'n_min_trajs': 448, 'n_nonempty_hist': {0: 11, 1: 70, 2: 919}, 'n_both_nonempty': 919, 'n_ttest_run': 584, 'n_significant': {0.05: 58, 0.01: 26, 0.001: 24}, 'frac_significant': {0.05: 0.09931506849315068, 0.01: 0.04452054794520548, 0.001: 0.0410958904109589}}, 'upright (joint_up)': {'n_pairs': 1000, 'n_max_trajs': 560, 'n_min_trajs': 280, 'n_nonempty_hist': {0: 34, 1: 70, 2: 896}, 'n_both_nonempty': 896, 'n_ttest_run': 896, 'n_significant': {0.05: 31, 0.01: 5, 0.001: 0}, 'frac_significant': {0.05: 0.03459821428571429, 0.01: 0.005580357142857143, 0.001: 0.0}}}}"
0,6,16,results/pca_ljts/tversky_proj_1785775526.pth,"{'laptop (computer_dist)': {'n_pairs': 1000, 'n_max_trajs': 56, 'n_min_trajs': 448, 'n_nonempty_hist': {0: 0, 1: 0, 2: 1000}, 'n_both_nonempty': 1000, 'n_ttest_run': 869, 'n_significant': {0.05: 453, 0.01: 274, 0.001: 175}, 'frac_significant': {0.05: 0.5212888377445339, 0.01: 0.31530494821634064, 0.001: 0.20138089758342922}}, 'upright (joint_up)': {'n_pairs': 1000, 'n_max_trajs': 560, 'n_min_trajs': 280, 'n_nonempty_hist': {0: 4, 1: 0, 2: 996}, 'n_both_nonempty': 996, 'n_ttest_run': 969, 'n_significant': {0.05: 293, 0.01: 125, 0.001: 0}, 'frac_significant': {0.05: 0.3023735810113519, 0.01: 0.12899896800825594, 0.001: 0.0}}}","{'sim_only': {'laptop (computer_dist)': {'n_pairs': 1000, 'n_max_trajs': 56, 'n_min_trajs': 448, 'n_nonempty_hist': {0: 0, 1: 0, 2: 1000}, 'n_both_nonempty': 1000, 'n_ttest_run': 869, 'n_significant': {0.05: 453, 0.01: 274, 0.001: 175}, 'frac_significant': {0.05: 0.5212888377445339, 0.01: 0.31530494821634064, 0.001: 0.20138089758342922}}, 'upright (joint_up)': {'n_pairs': 1000, 'n_max_trajs': 560, 'n_min_trajs': 280, 'n_nonempty_hist': {0: 4, 1: 0, 2: 996}, 'n_both_nonempty': 996, 'n_ttest_run': 969, 'n_significant': {0.05: 293, 0.01: 125, 0.001: 0}, 'frac_significant': {0.05: 0.3023735810113519, 0.01: 0.12899896800825594, 0.001: 0.0}}}}"
1,6,16,results/pca_ljts/tversky_proj_1785775531.pth,"{'laptop (computer_dist)': {'n_pairs': 1000, 'n_max_trajs': 56, 'n_min_trajs': 448, 'n_nonempty_hist': {0: 0, 1: 0, 2: 1000}, 'n_both_nonempty': 1000, 'n_ttest_run': 871, 'n_significant': {0.05: 282, 0.01: 163, 0.001: 92}, 'frac_significant': {0.05: 0.3237657864523536, 0.01: 0.18714121699196326, 0.001: 0.10562571756601608}}, 'upright (joint_up)': {'n_pairs': 1000, 'n_max_trajs': 560, 'n_min_trajs': 280, 'n_nonempty_hist': {0: 9, 1: 0, 2: 991}, 'n_both_nonempty': 991, 'n_ttest_run': 983, 'n_significant': {0.05: 116, 0.01: 13, 0.001: 0}, 'frac_significant': {0.05: 0.11800610376398779, 0.01: 0.013224821973550356, 0.001: 0.0}}}","{'sim_only': {'laptop (computer_dist)': {'n_pairs': 1000, 'n_max_trajs': 56, 'n_min_trajs': 448, 'n_nonempty_hist': {0: 0, 1: 0, 2: 1000}, 'n_both_nonempty': 1000, 'n_ttest_run': 871, 'n_significant': {0.05: 282, 0.01: 163, 0.001: 92}, 'frac_significant': {0.05: 0.3237657864523536, 0.01: 0.18714121699196326, 0.001: 0.10562571756601608}}, 'upright (joint_up)': {'n_pairs': 1000, 'n_max_trajs': 560, 'n_min_trajs': 280, 'n_nonempty_hist': {0: 9, 1: 0, 2: 991}, 'n_both_nonempty': 991, 'n_ttest_run': 983, 'n_significant': {0.05: 116, 0.01: 13, 0.001: 0}, 'frac_significant': {0.05: 0.11800610376398779, 0.01: 0.013224821973550356, 0.001: 0.0}}}}"
2,6,16,results/pca_ljts/tversky_proj_1785775536.pth,"{'laptop (computer_dist)': {'n_pairs': 1000, 'n_max_trajs': 56, 'n_min_trajs': 448, 'n_nonempty_hist': {0: 0, 1: 0, 2: 1000}, 'n_both_nonempty': 1000, 'n_ttest_run': 920, 'n_significant': {0.05: 395, 0.01: 234, 0.001: 132}, 'frac_significant': {0.05: 0.42934782608695654, 0.01: 0.2543478260869565, 0.001: 0.14347826086956522}}, 'upright (joint_up)': {'n_pairs': 1000, 'n_max_trajs': 560, 'n_min_trajs': 280, 'n_nonempty_hist': {0: 22, 1: 0, 2: 978}, 'n_both_nonempty': 978, 'n_ttest_run': 964, 'n_significant': {0.05: 210, 0.01: 53, 0.001: 0}, 'frac_significant': {0.05: 0.21784232365145229, 0.01: 0.054979253112033194, 0.001: 0.0}}}","{'sim_only': {'laptop (computer_dist)': {'n_pairs': 1000, 'n_max_trajs': 56, 'n_min_trajs': 448, 'n_nonempty_hist': {0: 0, 1: 0, 2: 1000}, 'n_both_nonempty': 1000, 'n_ttest_run': 920, 'n_significant': {0.05: 395, 0.01: 234, 0.001: 132}, 'frac_significant': {0.05: 0.42934782608695654, 0.01: 0.2543478260869565, 0.001: 0.14347826086956522}}, 'upright (joint_up)': {'n_pairs': 1000, 'n_max_trajs': 560, 'n_min_trajs': 280, 'n_nonempty_hist': {0: 22, 1: 0, 2: 978}, 'n_both_nonempty': 978, 'n_ttest_run': 964, 'n_significant': {0.05: 210, 0.01: 53, 0.001: 0}, 'frac_significant': {0.05: 0.21784232365145229, 0.01: 0.054979253112033194, 0.001: 0.0}}}}"
0,6,32,results/pca_ljts/tversky_proj_1785775541.pth,"{'laptop (computer_dist)': {'n_pairs': 1000, 'n_max_trajs': 56, 'n_min_trajs': 448, 'n_nonempty_hist': {0: 0, 1: 0, 2: 1000}, 'n_both_nonempty': 1000, 'n_ttest_run': 938, 'n_significant': {0.05: 617, 0.01: 407, 0.001: 183}, 'frac_significant': {0.05: 0.6577825159914712, 0.01: 0.43390191897654584, 0.001: 0.19509594882729211}}, 'upright (joint_up)': {'n_pairs': 1000, 'n_max_trajs': 560, 'n_min_trajs': 280, 'n_nonempty_hist': {0: 10, 1: 0, 2: 990}, 'n_both_nonempty': 990, 'n_ttest_run': 954, 'n_significant': {0.05: 236, 0.01: 91, 0.001: 0}, 'frac_significant': {0.05: 0.24737945492662475, 0.01: 0.09538784067085954, 0.001: 0.0}}}","{'sim_only': {'laptop (computer_dist)': {'n_pairs': 1000, 'n_max_trajs': 56, 'n_min_trajs': 448, 'n_nonempty_hist': {0: 0, 1: 0, 2: 1000}, 'n_both_nonempty': 1000, 'n_ttest_run': 938, 'n_significant': {0.05: 617, 0.01: 407, 0.001: 183}, 'frac_significant': {0.05: 0.6577825159914712, 0.01: 0.43390191897654584, 0.001: 0.19509594882729211}}, 'upright (joint_up)': {'n_pairs': 1000, 'n_max_trajs': 560, 'n_min_trajs': 280, 'n_nonempty_hist': {0: 10, 1: 0, 2: 990}, 'n_both_nonempty': 990, 'n_ttest_run': 954, 'n_significant': {0.05: 236, 0.01: 91, 0.001: 0}, 'frac_significant': {0.05: 0.24737945492662475, 0.01: 0.09538784067085954, 0.001: 0.0}}}}"
1,6,32,results/pca_ljts/tversky_proj_1785775547.pth,"{'laptop (computer_dist)': {'n_pairs': 1000, 'n_max_trajs': 56, 'n_min_trajs': 448, 'n_nonempty_hist': {0: 0, 1: 0, 2: 1000}, 'n_both_nonempty': 1000, 'n_ttest_run': 923, 'n_significant': {0.05: 592, 0.01: 394, 0.001: 190}, 'frac_significant': {0.05: 0.6413867822318526, 0.01: 0.4268689057421452, 0.001: 0.20585048754062837}}, 'upright (joint_up)': {'n_pairs': 1000, 'n_max_trajs': 560, 'n_min_trajs': 280, 'n_nonempty_hist': {0: 1, 1: 0, 2: 999}, 'n_both_nonempty': 999, 'n_ttest_run': 967, 'n_significant': {0.05: 322, 0.01: 123, 0.001: 0}, 'frac_significant': {0.05: 0.3329886246122027, 0.01: 0.12719751809720786, 0.001: 0.0}}}","{'sim_only': {'laptop (computer_dist)': {'n_pairs': 1000, 'n_max_trajs': 56, 'n_min_trajs': 448, 'n_nonempty_hist': {0: 0, 1: 0, 2: 1000}, 'n_both_nonempty': 1000, 'n_ttest_run': 923, 'n_significant': {0.05: 592, 0.01: 394, 0.001: 190}, 'frac_significant': {0.05: 0.6413867822318526, 0.01: 0.4268689057421452, 0.001: 0.20585048754062837}}, 'upright (joint_up)': {'n_pairs': 1000, 'n_max_trajs': 560, 'n_min_trajs': 280, 'n_nonempty_hist': {0: 1, 1: 0, 2: 999}, 'n_both_nonempty': 999, 'n_ttest_run': 967, 'n_significant': {0.05: 322, 0.01: 123, 0.001: 0}, 'frac_significant': {0.05: 0.3329886246122027, 0.01: 0.12719751809720786, 0.001: 0.0}}}}"
2,6,32,results/pca_ljts/tversky_proj_1785775552.pth,"{'laptop (computer_dist)': {'n_pairs': 1000, 'n_max_trajs': 56, 'n_min_trajs': 448, 'n_nonempty_hist': {0: 0, 1: 0, 2: 1000}, 'n_both_nonempty': 1000, 'n_ttest_run': 858, 'n_significant': {0.05: 542, 0.01: 384, 0.001: 226}, 'frac_significant': {0.05: 0.6317016317016317, 0.01: 0.44755244755244755, 0.001: 0.2634032634032634}}, 'upright (joint_up)': {'n_pairs': 1000, 'n_max_trajs': 560, 'n_min_trajs': 280, 'n_nonempty_hist': {0: 12, 1: 0, 2: 988}, 'n_both_nonempty': 988, 'n_ttest_run': 973, 'n_significant': {0.05: 175, 0.01: 38, 0.001: 0}, 'frac_significant': {0.05: 0.17985611510791366, 0.01: 0.03905447070914697, 0.001: 0.0}}}","{'sim_only': {'laptop (computer_dist)': {'n_pairs': 1000, 'n_max_trajs': 56, 'n_min_trajs': 448, 'n_nonempty_hist': {0: 0, 1: 0, 2: 1000}, 'n_both_nonempty': 1000, 'n_ttest_run': 858, 'n_significant': {0.05: 542, 0.01: 384, 0.001: 226}, 'frac_significant': {0.05: 0.6317016317016317, 0.01: 0.44755244755244755, 0.001: 0.2634032634032634}}, 'upright (joint_up)': {'n_pairs': 1000, 'n_max_trajs': 560, 'n_min_trajs': 280, 'n_nonempty_hist': {0: 12, 1: 0, 2: 988}, 'n_both_nonempty': 988, 'n_ttest_run': 973, 'n_significant': {0.05: 175, 0.01: 38, 0.001: 0}, 'frac_significant': {0.05: 0.17985611510791366, 0.01: 0.03905447070914697, 0.001: 0.0}}}}"
0,6,64,results/pca_ljts/tversky_proj_1785775557.pth,"{'laptop (computer_dist)': {'n_pairs': 1000, 'n_max_trajs': 56, 'n_min_trajs': 448, 'n_nonempty_hist': {0: 0, 1: 0, 2: 1000}, 'n_both_nonempty': 1000, 'n_ttest_run': 952, 'n_significant': {0.05: 729, 0.01: 463, 0.001: 206}, 'frac_significant': {0.05: 0.7657563025210085, 0.01: 0.48634453781512604, 0.001: 0.21638655462184875}}, 'upright (joint_up)': {'n_pairs': 1000, 'n_max_trajs': 560, 'n_min_trajs': 280, 'n_nonempty_hist': {0: 6, 1: 0, 2: 994}, 'n_both_nonempty': 994, 'n_ttest_run': 915, 'n_significant': {0.05: 232, 0.01: 89, 0.001: 0}, 'frac_significant': {0.05: 0.253551912568306, 0.01: 0.09726775956284153, 0.001: 0.0}}}","{'sim_only': {'laptop (computer_dist)': {'n_pairs': 1000, 'n_max_trajs': 56, 'n_min_trajs': 448, 'n_nonempty_hist': {0: 0, 1: 0, 2: 1000}, 'n_both_nonempty': 1000, 'n_ttest_run': 952, 'n_significant': {0.05: 729, 0.01: 463, 0.001: 206}, 'frac_significant': {0.05: 0.7657563025210085, 0.01: 0.48634453781512604, 0.001: 0.21638655462184875}}, 'upright (joint_up)': {'n_pairs': 1000, 'n_max_trajs': 560, 'n_min_trajs': 280, 'n_nonempty_hist': {0: 6, 1: 0, 2: 994}, 'n_both_nonempty': 994, 'n_ttest_run': 915, 'n_significant': {0.05: 232, 0.01: 89, 0.001: 0}, 'frac_significant': {0.05: 0.253551912568306, 0.01: 0.09726775956284153, 0.001: 0.0}}}}"
1,6,64,results/pca_ljts/tversky_proj_1785775563.pth,"{'laptop (computer_dist)': {'n_pairs': 1000, 'n_max_trajs': 56, 'n_min_trajs': 448, 'n_nonempty_hist': {0: 0, 1: 0, 2: 1000}, 'n_both_nonempty': 1000, 'n_ttest_run': 970, 'n_significant': {0.05: 601, 0.01: 349, 0.001: 98}, 'frac_significant': {0.05: 0.6195876288659794, 0.01: 0.3597938144329897, 0.001: 0.10103092783505155}}, 'upright (joint_up)': {'n_pairs': 1000, 'n_max_trajs': 560, 'n_min_trajs': 280, 'n_nonempty_hist': {0: 3, 1: 0, 2: 997}, 'n_both_nonempty': 997, 'n_ttest_run': 973, 'n_significant': {0.05: 248, 0.01: 80, 0.001: 0}, 'frac_significant': {0.05: 0.25488180883864336, 0.01: 0.08221993833504625, 0.001: 0.0}}}","{'sim_only': {'laptop (computer_dist)': {'n_pairs': 1000, 'n_max_trajs': 56, 'n_min_trajs': 448, 'n_nonempty_hist': {0: 0, 1: 0, 2: 1000}, 'n_both_nonempty': 1000, 'n_ttest_run': 970, 'n_significant': {0.05: 601, 0.01: 349, 0.001: 98}, 'frac_significant': {0.05: 0.6195876288659794, 0.01: 0.3597938144329897, 0.001: 0.10103092783505155}}, 'upright (joint_up)': {'n_pairs': 1000, 'n_max_trajs': 560, 'n_min_trajs': 280, 'n_nonempty_hist': {0: 3, 1: 0, 2: 997}, 'n_both_nonempty': 997, 'n_ttest_run': 973, 'n_significant': {0.05: 248, 0.01: 80, 0.001: 0}, 'frac_significant': {0.05: 0.25488180883864336, 0.01: 0.08221993833504625, 0.001: 0.0}}}}"
2,6,64,results/pca_ljts/tversky_proj_1785775568.pth,"{'laptop (computer_dist)': {'n_pairs': 1000, 'n_max_trajs': 56, 'n_min_trajs': 448, 'n_nonempty_hist': {0: 0, 1: 0, 2: 1000}, 'n_both_nonempty': 1000, 'n_ttest_run': 961, 'n_significant': {0.05: 744, 0.01: 471, 0.001: 285}, 'frac_significant': {0.05: 0.7741935483870968, 0.01: 0.49011446409989595, 0.001: 0.29656607700312176}}, 'upright (joint_up)': {'n_pairs': 1000, 'n_max_trajs': 560, 'n_min_trajs': 280, 'n_nonempty_hist': {0: 1, 1: 0, 2: 999}, 'n_both_nonempty': 999, 'n_ttest_run': 906, 'n_significant': {0.05: 293, 0.01: 101, 0.001: 0}, 'frac_significant': {0.05: 0.32339955849889623, 0.01: 0.11147902869757174, 0.001: 0.0}}}","{'sim_only': {'laptop (computer_dist)': {'n_pairs': 1000, 'n_max_trajs': 56, 'n_min_trajs': 448, 'n_nonempty_hist': {0: 0, 1: 0, 2: 1000}, 'n_both_nonempty': 1000, 'n_ttest_run': 961, 'n_significant': {0.05: 744, 0.01: 471, 0.001: 285}, 'frac_significant': {0.05: 0.7741935483870968, 0.01: 0.49011446409989595, 0.001: 0.29656607700312176}}, 'upright (joint_up)': {'n_pairs': 1000, 'n_max_trajs': 560, 'n_min_trajs': 280, 'n_nonempty_hist': {0: 1, 1: 0, 2: 999}, 'n_both_nonempty': 999, 'n_ttest_run': 906, 'n_significant': {0.05: 293, 0.01: 101, 0.001: 0}, 'frac_significant': {0.05: 0.32339955849889623, 0.01: 0.11147902869757174, 0.001: 0.0}}}}"
0,6,128,results/pca_ljts/tversky_proj_1785775573.pth,"{'laptop (computer_dist)': {'n_pairs': 1000, 'n_max_trajs': 56, 'n_min_trajs': 448, 'n_nonempty_hist': {0: 0, 1: 0, 2: 1000}, 'n_both_nonempty': 1000, 'n_ttest_run': 983, 'n_significant': {0.05: 726, 0.01: 410, 0.001: 189}, 'frac_significant': {0.05: 0.7385554425228891, 0.01: 0.4170905391658189, 0.001: 0.19226856561546288}}, 'upright (joint_up)': {'n_pairs': 1000, 'n_max_trajs': 560, 'n_min_trajs': 280, 'n_nonempty_hist': {0: 0, 1: 0, 2: 1000}, 'n_both_nonempty': 1000, 'n_ttest_run': 958, 'n_significant': {0.05: 286, 0.01: 90, 0.001: 0}, 'frac_significant': {0.05: 0.2985386221294363, 0.01: 0.09394572025052192, 0.001: 0.0}}}","{'sim_only': {'laptop (computer_dist)': {'n_pairs': 1000, 'n_max_trajs': 56, 'n_min_trajs': 448, 'n_nonempty_hist': {0: 0, 1: 0, 2: 1000}, 'n_both_nonempty': 1000, 'n_ttest_run': 983, 'n_significant': {0.05: 726, 0.01: 410, 0.001: 189}, 'frac_significant': {0.05: 0.7385554425228891, 0.01: 0.4170905391658189, 0.001: 0.19226856561546288}}, 'upright (joint_up)': {'n_pairs': 1000, 'n_max_trajs': 560, 'n_min_trajs': 280, 'n_nonempty_hist': {0: 0, 1: 0, 2: 1000}, 'n_both_nonempty': 1000, 'n_ttest_run': 958, 'n_significant': {0.05: 286, 0.01: 90, 0.001: 0}, 'frac_significant': {0.05: 0.2985386221294363, 0.01: 0.09394572025052192, 0.001: 0.0}}}}"
1,6,128,results/pca_ljts/tversky_proj_1785775579.pth,"{'laptop (computer_dist)': {'n_pairs': 1000, 'n_max_trajs': 56, 'n_min_trajs': 448, 'n_nonempty_hist': {0: 0, 1: 0, 2: 1000}, 'n_both_nonempty': 1000, 'n_ttest_run': 849, 'n_significant': {0.05: 626, 0.01: 453, 0.001: 167}, 'frac_significant': {0.05: 0.7373380447585395, 0.01: 0.5335689045936396, 0.001: 0.1967020023557126}}, 'upright (joint_up)': {'n_pairs': 1000, 'n_max_trajs': 560, 'n_min_trajs': 280, 'n_nonempty_hist': {0: 0, 1: 0, 2: 1000}, 'n_both_nonempty': 1000, 'n_ttest_run': 943, 'n_significant': {0.05: 225, 0.01: 93, 0.001: 0}, 'frac_significant': {0.05: 0.23860021208907742, 0.01: 0.09862142099681867, 0.001: 0.0}}}","{'sim_only': {'laptop (computer_dist)': {'n_pairs': 1000, 'n_max_trajs': 56, 'n_min_trajs': 448, 'n_nonempty_hist': {0: 0, 1: 0, 2: 1000}, 'n_both_nonempty': 1000, 'n_ttest_run': 849, 'n_significant': {0.05: 626, 0.01: 453, 0.001: 167}, 'frac_significant': {0.05: 0.7373380447585395, 0.01: 0.5335689045936396, 0.001: 0.1967020023557126}}, 'upright (joint_up)': {'n_pairs': 1000, 'n_max_trajs': 560, 'n_min_trajs': 280, 'n_nonempty_hist': {0: 0, 1: 0, 2: 1000}, 'n_both_nonempty': 1000, 'n_ttest_run': 943, 'n_significant': {0.05: 225, 0.01: 93, 0.001: 0}, 'frac_significant': {0.05: 0.23860021208907742, 0.01: 0.09862142099681867, 0.001: 0.0}}}}"
2,6,128,results/pca_ljts/tversky_proj_1785775585.pth,"{'laptop (computer_dist)': {'n_pairs': 1000, 'n_max_trajs': 56, 'n_min_trajs': 448, 'n_nonempty_hist': {0: 0, 1: 0, 2: 1000}, 'n_both_nonempty': 1000, 'n_ttest_run': 955, 'n_significant': {0.05: 774, 0.01: 510, 0.001: 268}, 'frac_significant': {0.05: 0.8104712041884817, 0.01: 0.5340314136125655, 0.001: 0.2806282722513089}}, 'upright (joint_up)': {'n_pairs': 1000, 'n_max_trajs': 560, 'n_min_trajs': 280, 'n_nonempty_hist': {0: 0, 1: 0, 2: 1000}, 'n_both_nonempty': 1000, 'n_ttest_run': 934, 'n_significant': {0.05: 381, 0.01: 179, 0.001: 0}, 'frac_significant': {0.05: 0.4079229122055675, 0.01: 0.19164882226980728, 0.001: 0.0}}}","{'sim_only': {'laptop (computer_dist)': {'n_pairs': 1000, 'n_max_trajs': 56, 'n_min_trajs': 448, 'n_nonempty_hist': {0: 0, 1: 0, 2: 1000}, 'n_both_nonempty': 1000, 'n_ttest_run': 955, 'n_significant': {0.05: 774, 0.01: 510, 0.001: 268}, 'frac_significant': {0.05: 0.8104712041884817, 0.01: 0.5340314136125655, 0.001: 0.2806282722513089}}, 'upright (joint_up)': {'n_pairs': 1000, 'n_max_trajs': 560, 'n_min_trajs': 280, 'n_nonempty_hist': {0: 0, 1: 0, 2: 1000}, 'n_both_nonempty': 1000, 'n_ttest_run': 934, 'n_significant': {0.05: 381, 0.01: 179, 0.001: 0}, 'frac_significant': {0.05: 0.4079229122055675, 0.01: 0.19164882226980728, 0.001: 0.0}}}}"
0,6,256,results/pca_ljts/tversky_proj_1785775590.pth,"{'laptop (computer_dist)': {'n_pairs': 1000, 'n_max_trajs': 56, 'n_min_trajs': 448, 'n_nonempty_hist': {0: 0, 1: 0, 2: 1000}, 'n_both_nonempty': 1000, 'n_ttest_run': 928, 'n_significant': {0.05: 686, 0.01: 398, 0.001: 176}, 'frac_significant': {0.05: 0.7392241379310345, 0.01: 0.42887931034482757, 0.001: 0.1896551724137931}}, 'upright (joint_up)': {'n_pairs': 1000, 'n_max_trajs': 560, 'n_min_trajs': 280, 'n_nonempty_hist': {0: 0, 1: 0, 2: 1000}, 'n_both_nonempty': 1000, 'n_ttest_run': 972, 'n_significant': {0.05: 315, 0.01: 125, 0.001: 0}, 'frac_significant': {0.05: 0.32407407407407407, 0.01: 0.1286008230452675, 0.001: 0.0}}}","{'sim_only': {'laptop (computer_dist)': {'n_pairs': 1000, 'n_max_trajs': 56, 'n_min_trajs': 448, 'n_nonempty_hist': {0: 0, 1: 0, 2: 1000}, 'n_both_nonempty': 1000, 'n_ttest_run': 928, 'n_significant': {0.05: 686, 0.01: 398, 0.001: 176}, 'frac_significant': {0.05: 0.7392241379310345, 0.01: 0.42887931034482757, 0.001: 0.1896551724137931}}, 'upright (joint_up)': {'n_pairs': 1000, 'n_max_trajs': 560, 'n_min_trajs': 280, 'n_nonempty_hist': {0: 0, 1: 0, 2: 1000}, 'n_both_nonempty': 1000, 'n_ttest_run': 972, 'n_significant': {0.05: 315, 0.01: 125, 0.001: 0}, 'frac_significant': {0.05: 0.32407407407407407, 0.01: 0.1286008230452675, 0.001: 0.0}}}}"
1,6,256,results/pca_ljts/tversky_proj_1785775596.pth,"{'laptop (computer_dist)': {'n_pairs': 1000, 'n_max_trajs': 56, 'n_min_trajs': 448, 'n_nonempty_hist': {0: 0, 1: 0, 2: 1000}, 'n_both_nonempty': 1000, 'n_ttest_run': 917, 'n_significant': {0.05: 657, 0.01: 436, 0.001: 194}, 'frac_significant': {0.05: 0.7164667393675027, 0.01: 0.47546346782988, 0.001: 0.21155943293347873}}, 'upright (joint_up)': {'n_pairs': 1000, 'n_max_trajs': 560, 'n_min_trajs': 280, 'n_nonempty_hist': {0: 6, 1: 0, 2: 994}, 'n_both_nonempty': 994, 'n_ttest_run': 967, 'n_significant': {0.05: 243, 0.01: 68, 0.001: 0}, 'frac_significant': {0.05: 0.2512926577042399, 0.01: 0.0703205791106515, 0.001: 0.0}}}","{'sim_only': {'laptop (computer_dist)': {'n_pairs': 1000, 'n_max_trajs': 56, 'n_min_trajs': 448, 'n_nonempty_hist': {0: 0, 1: 0, 2: 1000}, 'n_both_nonempty': 1000, 'n_ttest_run': 917, 'n_significant': {0.05: 657, 0.01: 436, 0.001: 194}, 'frac_significant': {0.05: 0.7164667393675027, 0.01: 0.47546346782988, 0.001: 0.21155943293347873}}, 'upright (joint_up)': {'n_pairs': 1000, 'n_max_trajs': 560, 'n_min_trajs': 280, 'n_nonempty_hist': {0: 6, 1: 0, 2: 994}, 'n_both_nonempty': 994, 'n_ttest_run': 967, 'n_significant': {0.05: 243, 0.01: 68, 0.001: 0}, 'frac_significant': {0.05: 0.2512926577042399, 0.01: 0.0703205791106515, 0.001: 0.0}}}}"
2,6,256,results/pca_ljts/tversky_proj_1785775602.pth,"{'laptop (computer_dist)': {'n_pairs': 1000, 'n_max_trajs': 56, 'n_min_trajs': 448, 'n_nonempty_hist': {0: 0, 1: 0, 2: 1000}, 'n_both_nonempty': 1000, 'n_ttest_run': 963, 'n_significant': {0.05: 581, 0.01: 385, 0.001: 234}, 'frac_significant': {0.05: 0.6033229491173416, 0.01: 0.39979231568016615, 0.001: 0.24299065420560748}}, 'upright (joint_up)': {'n_pairs': 1000, 'n_max_trajs': 560, 'n_min_trajs': 280, 'n_nonempty_hist': {0: 0, 1: 0, 2: 1000}, 'n_both_nonempty': 1000, 'n_ttest_run': 994, 'n_significant': {0.05: 267, 0.01: 80, 0.001: 0}, 'frac_significant': {0.05: 0.2686116700201207, 0.01: 0.08048289738430583, 0.001: 0.0}}}","{'sim_only': {'laptop (computer_dist)': {'n_pairs': 1000, 'n_max_trajs': 56, 'n_min_trajs': 448, 'n_nonempty_hist': {0: 0, 1: 0, 2: 1000}, 'n_both_nonempty': 1000, 'n_ttest_run': 963, 'n_significant': {0.05: 581, 0.01: 385, 0.001: 234}, 'frac_significant': {0.05: 0.6033229491173416, 0.01: 0.39979231568016615, 0.001: 0.24299065420560748}}, 'upright (joint_up)': {'n_pairs': 1000, 'n_max_trajs': 560, 'n_min_trajs': 280, 'n_nonempty_hist': {0: 0, 1: 0, 2: 1000}, 'n_both_nonempty': 1000, 'n_ttest_run': 994, 'n_significant': {0.05: 267, 0.01: 80, 0.001: 0}, 'frac_significant': {0.05: 0.2686116700201207, 0.01: 0.08048289738430583, 0.001: 0.0}}}}"
0,8,2,results/pca_ljts/tversky_proj_1785775607.pth,"{'laptop (computer_dist)': {'n_pairs': 1000, 'n_max_trajs': 56, 'n_min_trajs': 448, 'n_nonempty_hist': {0: 233, 1: 653, 2: 114}, 'n_both_nonempty': 114, 'n_ttest_run': 0, 'n_significant': {0.05: 0, 0.01: 0, 0.001: 0}, 'frac_significant': {0.05: 0.0, 0.01: 0.0, 0.001: 0.0}}, 'upright (joint_up)': {'n_pairs': 1000, 'n_max_trajs': 560, 'n_min_trajs': 280, 'n_nonempty_hist': {0: 263, 1: 615, 2: 122}, 'n_both_nonempty': 122, 'n_ttest_run': 122, 'n_significant': {0.05: 0, 0.01: 0, 0.001: 0}, 'frac_significant': {0.05: 0.0, 0.01: 0.0, 0.001: 0.0}}}","{'sim_only': {'laptop (computer_dist)': {'n_pairs': 1000, 'n_max_trajs': 56, 'n_min_trajs': 448, 'n_nonempty_hist': {0: 233, 1: 653, 2: 114}, 'n_both_nonempty': 114, 'n_ttest_run': 0, 'n_significant': {0.05: 0, 0.01: 0, 0.001: 0}, 'frac_significant': {0.05: 0.0, 0.01: 0.0, 0.001: 0.0}}, 'upright (joint_up)': {'n_pairs': 1000, 'n_max_trajs': 560, 'n_min_trajs': 280, 'n_nonempty_hist': {0: 263, 1: 615, 2: 122}, 'n_both_nonempty': 122, 'n_ttest_run': 122, 'n_significant': {0.05: 0, 0.01: 0, 0.001: 0}, 'frac_significant': {0.05: 0.0, 0.01: 0.0, 0.001: 0.0}}}}"
1,8,2,results/pca_ljts/tversky_proj_1785775611.pth,"{'laptop (computer_dist)': {'n_pairs': 1000, 'n_max_trajs': 56, 'n_min_trajs': 448, 'n_nonempty_hist': {0: 495, 1: 27, 2: 478}, 'n_both_nonempty': 478, 'n_ttest_run': 0, 'n_significant': {0.05: 0, 0.01: 0, 0.001: 0}, 'frac_significant': {0.05: 0.0, 0.01: 0.0, 0.001: 0.0}}, 'upright (joint_up)': {'n_pairs': 1000, 'n_max_trajs': 560, 'n_min_trajs': 280, 'n_nonempty_hist': {0: 501, 1: 17, 2: 482}, 'n_both_nonempty': 482, 'n_ttest_run': 482, 'n_significant': {0.05: 0, 0.01: 0, 0.001: 0}, 'frac_significant': {0.05: 0.0, 0.01: 0.0, 0.001: 0.0}}}","{'sim_only': {'laptop (computer_dist)': {'n_pairs': 1000, 'n_max_trajs': 56, 'n_min_trajs': 448, 'n_nonempty_hist': {0: 495, 1: 27, 2: 478}, 'n_both_nonempty': 478, 'n_ttest_run': 0, 'n_significant': {0.05: 0, 0.01: 0, 0.001: 0}, 'frac_significant': {0.05: 0.0, 0.01: 0.0, 0.001: 0.0}}, 'upright (joint_up)': {'n_pairs': 1000, 'n_max_trajs': 560, 'n_min_trajs': 280, 'n_nonempty_hist': {0: 501, 1: 17, 2: 482}, 'n_both_nonempty': 482, 'n_ttest_run': 482, 'n_significant': {0.05: 0, 0.01: 0, 0.001: 0}, 'frac_significant': {0.05: 0.0, 0.01: 0.0, 0.001: 0.0}}}}"
2,8,2,results/pca_ljts/tversky_proj_1785775615.pth,"{'laptop (computer_dist)': {'n_pairs': 1000, 'n_max_trajs': 56, 'n_min_trajs': 448, 'n_nonempty_hist': {0: 460, 1: 88, 2: 452}, 'n_both_nonempty': 452, 'n_ttest_run': 0, 'n_significant': {0.05: 0, 0.01: 0, 0.001: 0}, 'frac_significant': {0.05: 0.0, 0.01: 0.0, 0.001: 0.0}}, 'upright (joint_up)': {'n_pairs': 1000, 'n_max_trajs': 560, 'n_min_trajs': 280, 'n_nonempty_hist': {0: 473, 1: 66, 2: 461}, 'n_both_nonempty': 461, 'n_ttest_run': 461, 'n_significant': {0.05: 0, 0.01: 0, 0.001: 0}, 'frac_significant': {0.05: 0.0, 0.01: 0.0, 0.001: 0.0}}}","{'sim_only': {'laptop (computer_dist)': {'n_pairs': 1000, 'n_max_trajs': 56, 'n_min_trajs': 448, 'n_nonempty_hist': {0: 460, 1: 88, 2: 452}, 'n_both_nonempty': 452, 'n_ttest_run': 0, 'n_significant': {0.05: 0, 0.01: 0, 0.001: 0}, 'frac_significant': {0.05: 0.0, 0.01: 0.0, 0.001: 0.0}}, 'upright (joint_up)': {'n_pairs': 1000, 'n_max_trajs': 560, 'n_min_trajs': 280, 'n_nonempty_hist': {0: 473, 1: 66, 2: 461}, 'n_both_nonempty': 461, 'n_ttest_run': 461, 'n_significant': {0.05: 0, 0.01: 0, 0.001: 0}, 'frac_significant': {0.05: 0.0, 0.01: 0.0, 0.001: 0.0}}}}"
0,8,4,results/pca_ljts/tversky_proj_1785775619.pth,"{'laptop (computer_dist)': {'n_pairs': 1000, 'n_max_trajs': 56, 'n_min_trajs': 448, 'n_nonempty_hist': {0: 28, 1: 360, 2: 612}, 'n_both_nonempty': 612, 'n_ttest_run': 0, 'n_significant': {0.05: 0, 0.01: 0, 0.001: 0}, 'frac_significant': {0.05: 0.0, 0.01: 0.0, 0.001: 0.0}}, 'upright (joint_up)': {'n_pairs': 1000, 'n_max_trajs': 560, 'n_min_trajs': 280, 'n_nonempty_hist': {0: 99, 1: 312, 2: 589}, 'n_both_nonempty': 589, 'n_ttest_run': 589, 'n_significant': {0.05: 0, 0.01: 0, 0.001: 0}, 'frac_significant': {0.05: 0.0, 0.01: 0.0, 0.001: 0.0}}}","{'sim_only': {'laptop (computer_dist)': {'n_pairs': 1000, 'n_max_trajs': 56, 'n_min_trajs': 448, 'n_nonempty_hist': {0: 28, 1: 360, 2: 612}, 'n_both_nonempty': 612, 'n_ttest_run': 0, 'n_significant': {0.05: 0, 0.01: 0, 0.001: 0}, 'frac_significant': {0.05: 0.0, 0.01: 0.0, 0.001: 0.0}}, 'upright (joint_up)': {'n_pairs': 1000, 'n_max_trajs': 560, 'n_min_trajs': 280, 'n_nonempty_hist': {0: 99, 1: 312, 2: 589}, 'n_both_nonempty': 589, 'n_ttest_run': 589, 'n_significant': {0.05: 0, 0.01: 0, 0.001: 0}, 'frac_significant': {0.05: 0.0, 0.01: 0.0, 0.001: 0.0}}}}"
1,8,4,results/pca_ljts/tversky_proj_1785775623.pth,"{'laptop (computer_dist)': {'n_pairs': 1000, 'n_max_trajs': 56, 'n_min_trajs': 448, 'n_nonempty_hist': {0: 105, 1: 267, 2: 628}, 'n_both_nonempty': 628, 'n_ttest_run': 253, 'n_significant': {0.05: 10, 0.01: 0, 0.001: 0}, 'frac_significant': {0.05: 0.039525691699604744, 0.01: 0.0, 0.001: 0.0}}, 'upright (joint_up)': {'n_pairs': 1000, 'n_max_trajs': 560, 'n_min_trajs': 280, 'n_nonempty_hist': {0: 125, 1: 262, 2: 613}, 'n_both_nonempty': 613, 'n_ttest_run': 613, 'n_significant': {0.05: 93, 0.01: 0, 0.001: 0}, 'frac_significant': {0.05: 0.15171288743882544, 0.01: 0.0, 0.001: 0.0}}}","{'sim_only': {'laptop (computer_dist)': {'n_pairs': 1000, 'n_max_trajs': 56, 'n_min_trajs': 448, 'n_nonempty_hist': {0: 105, 1: 267, 2: 628}, 'n_both_nonempty': 628, 'n_ttest_run': 253, 'n_significant': {0.05: 10, 0.01: 0, 0.001: 0}, 'frac_significant': {0.05: 0.039525691699604744, 0.01: 0.0, 0.001: 0.0}}, 'upright (joint_up)': {'n_pairs': 1000, 'n_max_trajs': 560, 'n_min_trajs': 280, 'n_nonempty_hist': {0: 125, 1: 262, 2: 613}, 'n_both_nonempty': 613, 'n_ttest_run': 613, 'n_significant': {0.05: 93, 0.01: 0, 0.001: 0}, 'frac_significant': {0.05: 0.15171288743882544, 0.01: 0.0, 0.001: 0.0}}}}"
2,8,4,results/pca_ljts/tversky_proj_1785775627.pth,"{'laptop (computer_dist)': {'n_pairs': 1000, 'n_max_trajs': 56, 'n_min_trajs': 448, 'n_nonempty_hist': {0: 8, 1: 352, 2: 640}, 'n_both_nonempty': 640, 'n_ttest_run': 33, 'n_significant': {0.05: 0, 0.01: 0, 0.001: 0}, 'frac_significant': {0.05: 0.0, 0.01: 0.0, 0.001: 0.0}}, 'upright (joint_up)': {'n_pairs': 1000, 'n_max_trajs': 560, 'n_min_trajs': 280, 'n_nonempty_hist': {0: 76, 1: 382, 2: 542}, 'n_both_nonempty': 542, 'n_ttest_run': 542, 'n_significant': {0.05: 0, 0.01: 0, 0.001: 0}, 'frac_significant': {0.05: 0.0, 0.01: 0.0, 0.001: 0.0}}}","{'sim_only': {'laptop (computer_dist)': {'n_pairs': 1000, 'n_max_trajs': 56, 'n_min_trajs': 448, 'n_nonempty_hist': {0: 8, 1: 352, 2: 640}, 'n_both_nonempty': 640, 'n_ttest_run': 33, 'n_significant': {0.05: 0, 0.01: 0, 0.001: 0}, 'frac_significant': {0.05: 0.0, 0.01: 0.0, 0.001: 0.0}}, 'upright (joint_up)': {'n_pairs': 1000, 'n_max_trajs': 560, 'n_min_trajs': 280, 'n_nonempty_hist': {0: 76, 1: 382, 2: 542}, 'n_both_nonempty': 542, 'n_ttest_run': 542, 'n_significant': {0.05: 0, 0.01: 0, 0.001: 0}, 'frac_significant': {0.05: 0.0, 0.01: 0.0, 0.001: 0.0}}}}"
0,8,8,results/pca_ljts/tversky_proj_1785775631.pth,"{'laptop (computer_dist)': {'n_pairs': 1000, 'n_max_trajs': 56, 'n_min_trajs': 448, 'n_nonempty_hist': {0: 3, 1: 31, 2: 966}, 'n_both_nonempty': 966, 'n_ttest_run': 666, 'n_significant': {0.05: 174, 0.01: 98, 0.001: 73}, 'frac_significant': {0.05: 0.26126126126126126, 0.01: 0.14714714714714713, 0.001: 0.10960960960960961}}, 'upright (joint_up)': {'n_pairs': 1000, 'n_max_trajs': 560, 'n_min_trajs': 280, 'n_nonempty_hist': {0: 26, 1: 47, 2: 927}, 'n_both_nonempty': 927, 'n_ttest_run': 927, 'n_significant': {0.05: 48, 0.01: 0, 0.001: 0}, 'frac_significant': {0.05: 0.05177993527508091, 0.01: 0.0, 0.001: 0.0}}}","{'sim_only': {'laptop (computer_dist)': {'n_pairs': 1000, 'n_max_trajs': 56, 'n_min_trajs': 448, 'n_nonempty_hist': {0: 3, 1: 31, 2: 966}, 'n_both_nonempty': 966, 'n_ttest_run': 666, 'n_significant': {0.05: 174, 0.01: 98, 0.001: 73}, 'frac_significant': {0.05: 0.26126126126126126, 0.01: 0.14714714714714713, 0.001: 0.10960960960960961}}, 'upright (joint_up)': {'n_pairs': 1000, 'n_max_trajs': 560, 'n_min_trajs': 280, 'n_nonempty_hist': {0: 26, 1: 47, 2: 927}, 'n_both_nonempty': 927, 'n_ttest_run': 927, 'n_significant': {0.05: 48, 0.01: 0, 0.001: 0}, 'frac_significant': {0.05: 0.05177993527508091, 0.01: 0.0, 0.001: 0.0}}}}"
1,8,8,results/pca_ljts/tversky_proj_1785775636.pth,"{'laptop (computer_dist)': {'n_pairs': 1000, 'n_max_trajs': 56, 'n_min_trajs': 448, 'n_nonempty_hist': {0: 1, 1: 17, 2: 982}, 'n_both_nonempty': 982, 'n_ttest_run': 507, 'n_significant': {0.05: 138, 0.01: 67, 0.001: 36}, 'frac_significant': {0.05: 0.27218934911242604, 0.01: 0.13214990138067062, 0.001: 0.07100591715976332}}, 'upright (joint_up)': {'n_pairs': 1000, 'n_max_trajs': 560, 'n_min_trajs': 280, 'n_nonempty_hist': {0: 38, 1: 47, 2: 915}, 'n_both_nonempty': 915, 'n_ttest_run': 914, 'n_significant': {0.05: 92, 0.01: 9, 0.001: 0}, 'frac_significant': {0.05: 0.10065645514223195, 0.01: 0.009846827133479213, 0.001: 0.0}}}","{'sim_only': {'laptop (computer_dist)': {'n_pairs': 1000, 'n_max_trajs': 56, 'n_min_trajs': 448, 'n_nonempty_hist': {0: 1, 1: 17, 2: 982}, 'n_both_nonempty': 982, 'n_ttest_run': 507, 'n_significant': {0.05: 138, 0.01: 67, 0.001: 36}, 'frac_significant': {0.05: 0.27218934911242604, 0.01: 0.13214990138067062, 0.001: 0.07100591715976332}}, 'upright (joint_up)': {'n_pairs': 1000, 'n_max_trajs': 560, 'n_min_trajs': 280, 'n_nonempty_hist': {0: 38, 1: 47, 2: 915}, 'n_both_nonempty': 915, 'n_ttest_run': 914, 'n_significant': {0.05: 92, 0.01: 9, 0.001: 0}, 'frac_significant': {0.05: 0.10065645514223195, 0.01: 0.009846827133479213, 0.001: 0.0}}}}"
2,8,8,results/pca_ljts/tversky_proj_1785775640.pth,"{'laptop (computer_dist)': {'n_pairs': 1000, 'n_max_trajs': 56, 'n_min_trajs': 448, 'n_nonempty_hist': {0: 7, 1: 28, 2: 965}, 'n_both_nonempty': 965, 'n_ttest_run': 884, 'n_significant': {0.05: 220, 0.01: 147, 0.001: 73}, 'frac_significant': {0.05: 0.248868778280543, 0.01: 0.166289592760181, 0.001: 0.08257918552036199}}, 'upright (joint_up)': {'n_pairs': 1000, 'n_max_trajs': 560, 'n_min_trajs': 280, 'n_nonempty_hist': {0: 13, 1: 65, 2: 922}, 'n_both_nonempty': 922, 'n_ttest_run': 899, 'n_significant': {0.05: 122, 0.01: 20, 0.001: 0}, 'frac_significant': {0.05: 0.135706340378198, 0.01: 0.02224694104560623, 0.001: 0.0}}}","{'sim_only': {'laptop (computer_dist)': {'n_pairs': 1000, 'n_max_trajs': 56, 'n_min_trajs': 448, 'n_nonempty_hist': {0: 7, 1: 28, 2: 965}, 'n_both_nonempty': 965, 'n_ttest_run': 884, 'n_significant': {0.05: 220, 0.01: 147, 0.001: 73}, 'frac_significant': {0.05: 0.248868778280543, 0.01: 0.166289592760181, 0.001: 0.08257918552036199}}, 'upright (joint_up)': {'n_pairs': 1000, 'n_max_trajs': 560, 'n_min_trajs': 280, 'n_nonempty_hist': {0: 13, 1: 65, 2: 922}, 'n_both_nonempty': 922, 'n_ttest_run': 899, 'n_significant': {0.05: 122, 0.01: 20, 0.001: 0}, 'frac_significant': {0.05: 0.135706340378198, 0.01: 0.02224694104560623, 0.001: 0.0}}}}"
0,8,16,results/pca_ljts/tversky_proj_1785775645.pth,"{'laptop (computer_dist)': {'n_pairs': 1000, 'n_max_trajs': 56, 'n_min_trajs': 448, 'n_nonempty_hist': {0: 2, 1: 0, 2: 998}, 'n_both_nonempty': 998, 'n_ttest_run': 916, 'n_significant': {0.05: 463, 0.01: 271, 0.001: 167}, 'frac_significant': {0.05: 0.5054585152838428, 0.01: 0.29585152838427947, 0.001: 0.18231441048034935}}, 'upright (joint_up)': {'n_pairs': 1000, 'n_max_trajs': 560, 'n_min_trajs': 280, 'n_nonempty_hist': {0: 15, 1: 0, 2: 985}, 'n_both_nonempty': 985, 'n_ttest_run': 980, 'n_significant': {0.05: 128, 0.01: 30, 0.001: 0}, 'frac_significant': {0.05: 0.1306122448979592, 0.01: 0.030612244897959183, 0.001: 0.0}}}","{'sim_only': {'laptop (computer_dist)': {'n_pairs': 1000, 'n_max_trajs': 56, 'n_min_trajs': 448, 'n_nonempty_hist': {0: 2, 1: 0, 2: 998}, 'n_both_nonempty': 998, 'n_ttest_run': 916, 'n_significant': {0.05: 463, 0.01: 271, 0.001: 167}, 'frac_significant': {0.05: 0.5054585152838428, 0.01: 0.29585152838427947, 0.001: 0.18231441048034935}}, 'upright (joint_up)': {'n_pairs': 1000, 'n_max_trajs': 560, 'n_min_trajs': 280, 'n_nonempty_hist': {0: 15, 1: 0, 2: 985}, 'n_both_nonempty': 985, 'n_ttest_run': 980, 'n_significant': {0.05: 128, 0.01: 30, 0.001: 0}, 'frac_significant': {0.05: 0.1306122448979592, 0.01: 0.030612244897959183, 0.001: 0.0}}}}"
1,8,16,results/pca_ljts/tversky_proj_1785775650.pth,"{'laptop (computer_dist)': {'n_pairs': 1000, 'n_max_trajs': 56, 'n_min_trajs': 448, 'n_nonempty_hist': {0: 1, 1: 0, 2: 999}, 'n_both_nonempty': 999, 'n_ttest_run': 909, 'n_significant': {0.05: 503, 0.01: 305, 0.001: 166}, 'frac_significant': {0.05: 0.5533553355335533, 0.01: 0.3355335533553355, 0.001: 0.18261826182618263}}, 'upright (joint_up)': {'n_pairs': 1000, 'n_max_trajs': 560, 'n_min_trajs': 280, 'n_nonempty_hist': {0: 7, 1: 0, 2: 993}, 'n_both_nonempty': 993, 'n_ttest_run': 986, 'n_significant': {0.05: 247, 0.01: 94, 0.001: 0}, 'frac_significant': {0.05: 0.25050709939148075, 0.01: 0.09533468559837728, 0.001: 0.0}}}","{'sim_only': {'laptop (computer_dist)': {'n_pairs': 1000, 'n_max_trajs': 56, 'n_min_trajs': 448, 'n_nonempty_hist': {0: 1, 1: 0, 2: 999}, 'n_both_nonempty': 999, 'n_ttest_run': 909, 'n_significant': {0.05: 503, 0.01: 305, 0.001: 166}, 'frac_significant': {0.05: 0.5533553355335533, 0.01: 0.3355335533553355, 0.001: 0.18261826182618263}}, 'upright (joint_up)': {'n_pairs': 1000, 'n_max_trajs': 560, 'n_min_trajs': 280, 'n_nonempty_hist': {0: 7, 1: 0, 2: 993}, 'n_both_nonempty': 993, 'n_ttest_run': 986, 'n_significant': {0.05: 247, 0.01: 94, 0.001: 0}, 'frac_significant': {0.05: 0.25050709939148075, 0.01: 0.09533468559837728, 0.001: 0.0}}}}"
2,8,16,results/pca_ljts/tversky_proj_1785775655.pth,"{'laptop (computer_dist)': {'n_pairs': 1000, 'n_max_trajs': 56, 'n_min_trajs': 448, 'n_nonempty_hist': {0: 1, 1: 0, 2: 999}, 'n_both_nonempty': 999, 'n_ttest_run': 818, 'n_significant': {0.05: 462, 0.01: 290, 0.001: 230}, 'frac_significant': {0.05: 0.5647921760391198, 0.01: 0.3545232273838631, 0.001: 0.28117359413202936}}, 'upright (joint_up)': {'n_pairs': 1000, 'n_max_trajs': 560, 'n_min_trajs': 280, 'n_nonempty_hist': {0: 13, 1: 0, 2: 987}, 'n_both_nonempty': 987, 'n_ttest_run': 975, 'n_significant': {0.05: 152, 0.01: 39, 0.001: 0}, 'frac_significant': {0.05: 0.1558974358974359, 0.01: 0.04, 0.001: 0.0}}}","{'sim_only': {'laptop (computer_dist)': {'n_pairs': 1000, 'n_max_trajs': 56, 'n_min_trajs': 448, 'n_nonempty_hist': {0: 1, 1: 0, 2: 999}, 'n_both_nonempty': 999, 'n_ttest_run': 818, 'n_significant': {0.05: 462, 0.01: 290, 0.001: 230}, 'frac_significant': {0.05: 0.5647921760391198, 0.01: 0.3545232273838631, 0.001: 0.28117359413202936}}, 'upright (joint_up)': {'n_pairs': 1000, 'n_max_trajs': 560, 'n_min_trajs': 280, 'n_nonempty_hist': {0: 13, 1: 0, 2: 987}, 'n_both_nonempty': 987, 'n_ttest_run': 975, 'n_significant': {0.05: 152, 0.01: 39, 0.001: 0}, 'frac_significant': {0.05: 0.1558974358974359, 0.01: 0.04, 0.001: 0.0}}}}"
0,8,32,results/pca_ljts/tversky_proj_1785775661.pth,"{'laptop (computer_dist)': {'n_pairs': 1000, 'n_max_trajs': 56, 'n_min_trajs': 448, 'n_nonempty_hist': {0: 0, 1: 0, 2: 1000}, 'n_both_nonempty': 1000, 'n_ttest_run': 895, 'n_significant': {0.05: 655, 0.01: 550, 0.001: 391}, 'frac_significant': {0.05: 0.7318435754189944, 0.01: 0.6145251396648045, 0.001: 0.43687150837988825}}, 'upright (joint_up)': {'n_pairs': 1000, 'n_max_trajs': 560, 'n_min_trajs': 280, 'n_nonempty_hist': {0: 4, 1: 0, 2: 996}, 'n_both_nonempty': 996, 'n_ttest_run': 989, 'n_significant': {0.05: 218, 0.01: 68, 0.001: 0}, 'frac_significant': {0.05: 0.2204246713852376, 0.01: 0.06875631951466127, 0.001: 0.0}}}","{'sim_only': {'laptop (computer_dist)': {'n_pairs': 1000, 'n_max_trajs': 56, 'n_min_trajs': 448, 'n_nonempty_hist': {0: 0, 1: 0, 2: 1000}, 'n_both_nonempty': 1000, 'n_ttest_run': 895, 'n_significant': {0.05: 655, 0.01: 550, 0.001: 391}, 'frac_significant': {0.05: 0.7318435754189944, 0.01: 0.6145251396648045, 0.001: 0.43687150837988825}}, 'upright (joint_up)': {'n_pairs': 1000, 'n_max_trajs': 560, 'n_min_trajs': 280, 'n_nonempty_hist': {0: 4, 1: 0, 2: 996}, 'n_both_nonempty': 996, 'n_ttest_run': 989, 'n_significant': {0.05: 218, 0.01: 68, 0.001: 0}, 'frac_significant': {0.05: 0.2204246713852376, 0.01: 0.06875631951466127, 0.001: 0.0}}}}"
1,8,32,results/pca_ljts/tversky_proj_1785775666.pth,"{'laptop (computer_dist)': {'n_pairs': 1000, 'n_max_trajs': 56, 'n_min_trajs': 448, 'n_nonempty_hist': {0: 0, 1: 0, 2: 1000}, 'n_both_nonempty': 1000, 'n_ttest_run': 880, 'n_significant': {0.05: 542, 0.01: 403, 0.001: 225}, 'frac_significant': {0.05: 0.615909090909091, 0.01: 0.45795454545454545, 0.001: 0.2556818181818182}}, 'upright (joint_up)': {'n_pairs': 1000, 'n_max_trajs': 560, 'n_min_trajs': 280, 'n_nonempty_hist': {0: 9, 1: 0, 2: 991}, 'n_both_nonempty': 991, 'n_ttest_run': 959, 'n_significant': {0.05: 254, 0.01: 79, 0.001: 0}, 'frac_significant': {0.05: 0.264859228362878, 0.01: 0.08237747653806048, 0.001: 0.0}}}","{'sim_only': {'laptop (computer_dist)': {'n_pairs': 1000, 'n_max_trajs': 56, 'n_min_trajs': 448, 'n_nonempty_hist': {0: 0, 1: 0, 2: 1000}, 'n_both_nonempty': 1000, 'n_ttest_run': 880, 'n_significant': {0.05: 542, 0.01: 403, 0.001: 225}, 'frac_significant': {0.05: 0.615909090909091, 0.01: 0.45795454545454545, 0.001: 0.2556818181818182}}, 'upright (joint_up)': {'n_pairs': 1000, 'n_max_trajs': 560, 'n_min_trajs': 280, 'n_nonempty_hist': {0: 9, 1: 0, 2: 991}, 'n_both_nonempty': 991, 'n_ttest_run': 959, 'n_significant': {0.05: 254, 0.01: 79, 0.001: 0}, 'frac_significant': {0.05: 0.264859228362878, 0.01: 0.08237747653806048, 0.001: 0.0}}}}"
2,8,32,results/pca_ljts/tversky_proj_1785775671.pth,"{'laptop (computer_dist)': {'n_pairs': 1000, 'n_max_trajs': 56, 'n_min_trajs': 448, 'n_nonempty_hist': {0: 0, 1: 0, 2: 1000}, 'n_both_nonempty': 1000, 'n_ttest_run': 928, 'n_significant': {0.05: 728, 0.01: 610, 0.001: 443}, 'frac_significant': {0.05: 0.7844827586206896, 0.01: 0.6573275862068966, 0.001: 0.47737068965517243}}, 'upright (joint_up)': {'n_pairs': 1000, 'n_max_trajs': 560, 'n_min_trajs': 280, 'n_nonempty_hist': {0: 4, 1: 0, 2: 996}, 'n_both_nonempty': 996, 'n_ttest_run': 981, 'n_significant': {0.05: 211, 0.01: 77, 0.001: 0}, 'frac_significant': {0.05: 0.21508664627930682, 0.01: 0.07849133537206932, 0.001: 0.0}}}","{'sim_only': {'laptop (computer_dist)': {'n_pairs': 1000, 'n_max_trajs': 56, 'n_min_trajs': 448, 'n_nonempty_hist': {0: 0, 1: 0, 2: 1000}, 'n_both_nonempty': 1000, 'n_ttest_run': 928, 'n_significant': {0.05: 728, 0.01: 610, 0.001: 443}, 'frac_significant': {0.05: 0.7844827586206896, 0.01: 0.6573275862068966, 0.001: 0.47737068965517243}}, 'upright (joint_up)': {'n_pairs': 1000, 'n_max_trajs': 560, 'n_min_trajs': 280, 'n_nonempty_hist': {0: 4, 1: 0, 2: 996}, 'n_both_nonempty': 996, 'n_ttest_run': 981, 'n_significant': {0.05: 211, 0.01: 77, 0.001: 0}, 'frac_significant': {0.05: 0.21508664627930682, 0.01: 0.07849133537206932, 0.001: 0.0}}}}"
0,8,64,results/pca_ljts/tversky_proj_1785775676.pth,"{'laptop (computer_dist)': {'n_pairs': 1000, 'n_max_trajs': 56, 'n_min_trajs': 448, 'n_nonempty_hist': {0: 0, 1: 0, 2: 1000}, 'n_both_nonempty': 1000, 'n_ttest_run': 975, 'n_significant': {0.05: 851, 0.01: 698, 0.001: 399}, 'frac_significant': {0.05: 0.8728205128205129, 0.01: 0.7158974358974359, 0.001: 0.40923076923076923}}, 'upright (joint_up)': {'n_pairs': 1000, 'n_max_trajs': 560, 'n_min_trajs': 280, 'n_nonempty_hist': {0: 5, 1: 0, 2: 995}, 'n_both_nonempty': 995, 'n_ttest_run': 911, 'n_significant': {0.05: 278, 0.01: 118, 0.001: 0}, 'frac_significant': {0.05: 0.305159165751921, 0.01: 0.12952799121844127, 0.001: 0.0}}}","{'sim_only': {'laptop (computer_dist)': {'n_pairs': 1000, 'n_max_trajs': 56, 'n_min_trajs': 448, 'n_nonempty_hist': {0: 0, 1: 0, 2: 1000}, 'n_both_nonempty': 1000, 'n_ttest_run': 975, 'n_significant': {0.05: 851, 0.01: 698, 0.001: 399}, 'frac_significant': {0.05: 0.8728205128205129, 0.01: 0.7158974358974359, 0.001: 0.40923076923076923}}, 'upright (joint_up)': {'n_pairs': 1000, 'n_max_trajs': 560, 'n_min_trajs': 280, 'n_nonempty_hist': {0: 5, 1: 0, 2: 995}, 'n_both_nonempty': 995, 'n_ttest_run': 911, 'n_significant': {0.05: 278, 0.01: 118, 0.001: 0}, 'frac_significant': {0.05: 0.305159165751921, 0.01: 0.12952799121844127, 0.001: 0.0}}}}"
1,8,64,results/pca_ljts/tversky_proj_1785775681.pth,"{'laptop (computer_dist)': {'n_pairs': 1000, 'n_max_trajs': 56, 'n_min_trajs': 448, 'n_nonempty_hist': {0: 0, 1: 0, 2: 1000}, 'n_both_nonempty': 1000, 'n_ttest_run': 965, 'n_significant': {0.05: 844, 0.01: 675, 0.001: 406}, 'frac_significant': {0.05: 0.8746113989637305, 0.01: 0.6994818652849741, 0.001: 0.42072538860103625}}, 'upright (joint_up)': {'n_pairs': 1000, 'n_max_trajs': 560, 'n_min_trajs': 280, 'n_nonempty_hist': {0: 1, 1: 0, 2: 999}, 'n_both_nonempty': 999, 'n_ttest_run': 922, 'n_significant': {0.05: 284, 0.01: 82, 0.001: 0}, 'frac_significant': {0.05: 0.3080260303687636, 0.01: 0.08893709327548807, 0.001: 0.0}}}","{'sim_only': {'laptop (computer_dist)': {'n_pairs': 1000, 'n_max_trajs': 56, 'n_min_trajs': 448, 'n_nonempty_hist': {0: 0, 1: 0, 2: 1000}, 'n_both_nonempty': 1000, 'n_ttest_run': 965, 'n_significant': {0.05: 844, 0.01: 675, 0.001: 406}, 'frac_significant': {0.05: 0.8746113989637305, 0.01: 0.6994818652849741, 0.001: 0.42072538860103625}}, 'upright (joint_up)': {'n_pairs': 1000, 'n_max_trajs': 560, 'n_min_trajs': 280, 'n_nonempty_hist': {0: 1, 1: 0, 2: 999}, 'n_both_nonempty': 999, 'n_ttest_run': 922, 'n_significant': {0.05: 284, 0.01: 82, 0.001: 0}, 'frac_significant': {0.05: 0.3080260303687636, 0.01: 0.08893709327548807, 0.001: 0.0}}}}"
2,8,64,results/pca_ljts/tversky_proj_1785775686.pth,"{'laptop (computer_dist)': {'n_pairs': 1000, 'n_max_trajs': 56, 'n_min_trajs': 448, 'n_nonempty_hist': {0: 0, 1: 0, 2: 1000}, 'n_both_nonempty': 1000, 'n_ttest_run': 959, 'n_significant': {0.05: 769, 0.01: 540, 0.001: 270}, 'frac_significant': {0.05: 0.8018769551616267, 0.01: 0.5630865484880083, 0.001: 0.28154327424400416}}, 'upright (joint_up)': {'n_pairs': 1000, 'n_max_trajs': 560, 'n_min_trajs': 280, 'n_nonempty_hist': {0: 2, 1: 0, 2: 998}, 'n_both_nonempty': 998, 'n_ttest_run': 925, 'n_significant': {0.05: 274, 0.01: 113, 0.001: 0}, 'frac_significant': {0.05: 0.29621621621621624, 0.01: 0.12216216216216216, 0.001: 0.0}}}","{'sim_only': {'laptop (computer_dist)': {'n_pairs': 1000, 'n_max_trajs': 56, 'n_min_trajs': 448, 'n_nonempty_hist': {0: 0, 1: 0, 2: 1000}, 'n_both_nonempty': 1000, 'n_ttest_run': 959, 'n_significant': {0.05: 769, 0.01: 540, 0.001: 270}, 'frac_significant': {0.05: 0.8018769551616267, 0.01: 0.5630865484880083, 0.001: 0.28154327424400416}}, 'upright (joint_up)': {'n_pairs': 1000, 'n_max_trajs': 560, 'n_min_trajs': 280, 'n_nonempty_hist': {0: 2, 1: 0, 2: 998}, 'n_both_nonempty': 998, 'n_ttest_run': 925, 'n_significant': {0.05: 274, 0.01: 113, 0.001: 0}, 'frac_significant': {0.05: 0.29621621621621624, 0.01: 0.12216216216216216, 0.001: 0.0}}}}"
0,8,128,results/pca_ljts/tversky_proj_1785775691.pth,"{'laptop (computer_dist)': {'n_pairs': 1000, 'n_max_trajs': 56, 'n_min_trajs': 448, 'n_nonempty_hist': {0: 0, 1: 0, 2: 1000}, 'n_both_nonempty': 1000, 'n_ttest_run': 977, 'n_significant': {0.05: 750, 0.01: 508, 0.001: 298}, 'frac_significant': {0.05: 0.7676560900716479, 0.01: 0.5199590583418628, 0.001: 0.30501535312180145}}, 'upright (joint_up)': {'n_pairs': 1000, 'n_max_trajs': 560, 'n_min_trajs': 280, 'n_nonempty_hist': {0: 0, 1: 0, 2: 1000}, 'n_both_nonempty': 1000, 'n_ttest_run': 966, 'n_significant': {0.05: 312, 0.01: 105, 0.001: 0}, 'frac_significant': {0.05: 0.32298136645962733, 0.01: 0.10869565217391304, 0.001: 0.0}}}","{'sim_only': {'laptop (computer_dist)': {'n_pairs': 1000, 'n_max_trajs': 56, 'n_min_trajs': 448, 'n_nonempty_hist': {0: 0, 1: 0, 2: 1000}, 'n_both_nonempty': 1000, 'n_ttest_run': 977, 'n_significant': {0.05: 750, 0.01: 508, 0.001: 298}, 'frac_significant': {0.05: 0.7676560900716479, 0.01: 0.5199590583418628, 0.001: 0.30501535312180145}}, 'upright (joint_up)': {'n_pairs': 1000, 'n_max_trajs': 560, 'n_min_trajs': 280, 'n_nonempty_hist': {0: 0, 1: 0, 2: 1000}, 'n_both_nonempty': 1000, 'n_ttest_run': 966, 'n_significant': {0.05: 312, 0.01: 105, 0.001: 0}, 'frac_significant': {0.05: 0.32298136645962733, 0.01: 0.10869565217391304, 0.001: 0.0}}}}"
1,8,128,results/pca_ljts/tversky_proj_1785775697.pth,"{'laptop (computer_dist)': {'n_pairs': 1000, 'n_max_trajs': 56, 'n_min_trajs': 448, 'n_nonempty_hist': {0: 0, 1: 0, 2: 1000}, 'n_both_nonempty': 1000, 'n_ttest_run': 915, 'n_significant': {0.05: 777, 0.01: 658, 0.001: 511}, 'frac_significant': {0.05: 0.8491803278688524, 0.01: 0.7191256830601093, 0.001: 0.5584699453551912}}, 'upright (joint_up)': {'n_pairs': 1000, 'n_max_trajs': 560, 'n_min_trajs': 280, 'n_nonempty_hist': {0: 6, 1: 0, 2: 994}, 'n_both_nonempty': 994, 'n_ttest_run': 985, 'n_significant': {0.05: 196, 0.01: 63, 0.001: 0}, 'frac_significant': {0.05: 0.19898477157360406, 0.01: 0.06395939086294417, 0.001: 0.0}}}","{'sim_only': {'laptop (computer_dist)': {'n_pairs': 1000, 'n_max_trajs': 56, 'n_min_trajs': 448, 'n_nonempty_hist': {0: 0, 1: 0, 2: 1000}, 'n_both_nonempty': 1000, 'n_ttest_run': 915, 'n_significant': {0.05: 777, 0.01: 658, 0.001: 511}, 'frac_significant': {0.05: 0.8491803278688524, 0.01: 0.7191256830601093, 0.001: 0.5584699453551912}}, 'upright (joint_up)': {'n_pairs': 1000, 'n_max_trajs': 560, 'n_min_trajs': 280, 'n_nonempty_hist': {0: 6, 1: 0, 2: 994}, 'n_both_nonempty': 994, 'n_ttest_run': 985, 'n_significant': {0.05: 196, 0.01: 63, 0.001: 0}, 'frac_significant': {0.05: 0.19898477157360406, 0.01: 0.06395939086294417, 0.001: 0.0}}}}"
2,8,128,results/pca_ljts/tversky_proj_1785775702.pth,"{'laptop (computer_dist)': {'n_pairs': 1000, 'n_max_trajs': 56, 'n_min_trajs': 448, 'n_nonempty_hist': {0: 0, 1: 0, 2: 1000}, 'n_both_nonempty': 1000, 'n_ttest_run': 929, 'n_significant': {0.05: 770, 0.01: 599, 0.001: 428}, 'frac_significant': {0.05: 0.8288482238966631, 0.01: 0.6447793326157158, 0.001: 0.4607104413347686}}, 'upright (joint_up)': {'n_pairs': 1000, 'n_max_trajs': 560, 'n_min_trajs': 280, 'n_nonempty_hist': {0: 1, 1: 0, 2: 999}, 'n_both_nonempty': 999, 'n_ttest_run': 982, 'n_significant': {0.05: 275, 0.01: 71, 0.001: 0}, 'frac_significant': {0.05: 0.280040733197556, 0.01: 0.07230142566191446, 0.001: 0.0}}}","{'sim_only': {'laptop (computer_dist)': {'n_pairs': 1000, 'n_max_trajs': 56, 'n_min_trajs': 448, 'n_nonempty_hist': {0: 0, 1: 0, 2: 1000}, 'n_both_nonempty': 1000, 'n_ttest_run': 929, 'n_significant': {0.05: 770, 0.01: 599, 0.001: 428}, 'frac_significant': {0.05: 0.8288482238966631, 0.01: 0.6447793326157158, 0.001: 0.4607104413347686}}, 'upright (joint_up)': {'n_pairs': 1000, 'n_max_trajs': 560, 'n_min_trajs': 280, 'n_nonempty_hist': {0: 1, 1: 0, 2: 999}, 'n_both_nonempty': 999, 'n_ttest_run': 982, 'n_significant': {0.05: 275, 0.01: 71, 0.001: 0}, 'frac_significant': {0.05: 0.280040733197556, 0.01: 0.07230142566191446, 0.001: 0.0}}}}"
0,8,256,results/pca_ljts/tversky_proj_1785775707.pth,"{'laptop (computer_dist)': {'n_pairs': 1000, 'n_max_trajs': 56, 'n_min_trajs': 448, 'n_nonempty_hist': {0: 0, 1: 0, 2: 1000}, 'n_both_nonempty': 1000, 'n_ttest_run': 965, 'n_significant': {0.05: 808, 0.01: 599, 0.001: 431}, 'frac_significant': {0.05: 0.8373056994818653, 0.01: 0.6207253886010363, 0.001: 0.4466321243523316}}, 'upright (joint_up)': {'n_pairs': 1000, 'n_max_trajs': 560, 'n_min_trajs': 280, 'n_nonempty_hist': {0: 0, 1: 0, 2: 1000}, 'n_both_nonempty': 1000, 'n_ttest_run': 966, 'n_significant': {0.05: 321, 0.01: 114, 0.001: 0}, 'frac_significant': {0.05: 0.33229813664596275, 0.01: 0.11801242236024845, 0.001: 0.0}}}","{'sim_only': {'laptop (computer_dist)': {'n_pairs': 1000, 'n_max_trajs': 56, 'n_min_trajs': 448, 'n_nonempty_hist': {0: 0, 1: 0, 2: 1000}, 'n_both_nonempty': 1000, 'n_ttest_run': 965, 'n_significant': {0.05: 808, 0.01: 599, 0.001: 431}, 'frac_significant': {0.05: 0.8373056994818653, 0.01: 0.6207253886010363, 0.001: 0.4466321243523316}}, 'upright (joint_up)': {'n_pairs': 1000, 'n_max_trajs': 560, 'n_min_trajs': 280, 'n_nonempty_hist': {0: 0, 1: 0, 2: 1000}, 'n_both_nonempty': 1000, 'n_ttest_run': 966, 'n_significant': {0.05: 321, 0.01: 114, 0.001: 0}, 'frac_significant': {0.05: 0.33229813664596275, 0.01: 0.11801242236024845, 0.001: 0.0}}}}"
1,8,256,results/pca_ljts/tversky_proj_1785775713.pth,"{'laptop (computer_dist)': {'n_pairs': 1000, 'n_max_trajs': 56, 'n_min_trajs': 448, 'n_nonempty_hist': {0: 0, 1: 0, 2: 1000}, 'n_both_nonempty': 1000, 'n_ttest_run': 961, 'n_significant': {0.05: 786, 0.01: 504, 0.001: 241}, 'frac_significant': {0.05: 0.81789802289282, 0.01: 0.5244536940686785, 0.001: 0.25078043704474506}}, 'upright (joint_up)': {'n_pairs': 1000, 'n_max_trajs': 560, 'n_min_trajs': 280, 'n_nonempty_hist': {0: 0, 1: 0, 2: 1000}, 'n_both_nonempty': 1000, 'n_ttest_run': 977, 'n_significant': {0.05: 274, 0.01: 91, 0.001: 0}, 'frac_significant': {0.05: 0.2804503582395087, 0.01: 0.0931422722620266, 0.001: 0.0}}}","{'sim_only': {'laptop (computer_dist)': {'n_pairs': 1000, 'n_max_trajs': 56, 'n_min_trajs': 448, 'n_nonempty_hist': {0: 0, 1: 0, 2: 1000}, 'n_both_nonempty': 1000, 'n_ttest_run': 961, 'n_significant': {0.05: 786, 0.01: 504, 0.001: 241}, 'frac_significant': {0.05: 0.81789802289282, 0.01: 0.5244536940686785, 0.001: 0.25078043704474506}}, 'upright (joint_up)': {'n_pairs': 1000, 'n_max_trajs': 560, 'n_min_trajs': 280, 'n_nonempty_hist': {0: 0, 1: 0, 2: 1000}, 'n_both_nonempty': 1000, 'n_ttest_run': 977, 'n_significant': {0.05: 274, 0.01: 91, 0.001: 0}, 'frac_significant': {0.05: 0.2804503582395087, 0.01: 0.0931422722620266, 0.001: 0.0}}}}"
2,8,256,results/pca_ljts/tversky_proj_1785775718.pth,"{'laptop (computer_dist)': {'n_pairs': 1000, 'n_max_trajs': 56, 'n_min_trajs': 448, 'n_nonempty_hist': {0: 0, 1: 0, 2: 1000}, 'n_both_nonempty': 1000, 'n_ttest_run': 910, 'n_significant': {0.05: 716, 0.01: 443, 0.001: 251}, 'frac_significant': {0.05: 0.7868131868131868, 0.01: 0.4868131868131868, 0.001: 0.27582417582417584}}, 'upright (joint_up)': {'n_pairs': 1000, 'n_max_trajs': 560, 'n_min_trajs': 280, 'n_nonempty_hist': {0: 3, 1: 0, 2: 997}, 'n_both_nonempty': 997, 'n_ttest_run': 980, 'n_significant': {0.05: 277, 0.01: 90, 0.001: 0}, 'frac_significant': {0.05: 0.2826530612244898, 0.01: 0.09183673469387756, 0.001: 0.0}}}","{'sim_only': {'laptop (computer_dist)': {'n_pairs': 1000, 'n_max_trajs': 56, 'n_min_trajs': 448, 'n_nonempty_hist': {0: 0, 1: 0, 2: 1000}, 'n_both_nonempty': 1000, 'n_ttest_run': 910, 'n_significant': {0.05: 716, 0.01: 443, 0.001: 251}, 'frac_significant': {0.05: 0.7868131868131868, 0.01: 0.4868131868131868, 0.001: 0.27582417582417584}}, 'upright (joint_up)': {'n_pairs': 1000, 'n_max_trajs': 560, 'n_min_trajs': 280, 'n_nonempty_hist': {0: 3, 1: 0, 2: 997}, 'n_both_nonempty': 997, 'n_ttest_run': 980, 'n_significant': {0.05: 277, 0.01: 90, 0.001: 0}, 'frac_significant': {0.05: 0.2826530612244898, 0.01: 0.09183673469387756, 0.001: 0.0}}}}"
0,10,2,results/pca_ljts/tversky_proj_1785775723.pth,"{'laptop (computer_dist)': {'n_pairs': 1000, 'n_max_trajs': 56, 'n_min_trajs': 448, 'n_nonempty_hist': {0: 469, 1: 69, 2: 462}, 'n_both_nonempty': 462, 'n_ttest_run': 0, 'n_significant': {0.05: 0, 0.01: 0, 0.001: 0}, 'frac_significant': {0.05: 0.0, 0.01: 0.0, 0.001: 0.0}}, 'upright (joint_up)': {'n_pairs': 1000, 'n_max_trajs': 560, 'n_min_trajs': 280, 'n_nonempty_hist': {0: 465, 1: 53, 2: 482}, 'n_both_nonempty': 482, 'n_ttest_run': 482, 'n_significant': {0.05: 0, 0.01: 0, 0.001: 0}, 'frac_significant': {0.05: 0.0, 0.01: 0.0, 0.001: 0.0}}}","{'sim_only': {'laptop (computer_dist)': {'n_pairs': 1000, 'n_max_trajs': 56, 'n_min_trajs': 448, 'n_nonempty_hist': {0: 469, 1: 69, 2: 462}, 'n_both_nonempty': 462, 'n_ttest_run': 0, 'n_significant': {0.05: 0, 0.01: 0, 0.001: 0}, 'frac_significant': {0.05: 0.0, 0.01: 0.0, 0.001: 0.0}}, 'upright (joint_up)': {'n_pairs': 1000, 'n_max_trajs': 560, 'n_min_trajs': 280, 'n_nonempty_hist': {0: 465, 1: 53, 2: 482}, 'n_both_nonempty': 482, 'n_ttest_run': 482, 'n_significant': {0.05: 0, 0.01: 0, 0.001: 0}, 'frac_significant': {0.05: 0.0, 0.01: 0.0, 0.001: 0.0}}}}"
1,10,2,results/pca_ljts/tversky_proj_1785775727.pth,"{'laptop (computer_dist)': {'n_pairs': 1000, 'n_max_trajs': 56, 'n_min_trajs': 448, 'n_nonempty_hist': {0: 474, 1: 59, 2: 467}, 'n_both_nonempty': 467, 'n_ttest_run': 0, 'n_significant': {0.05: 0, 0.01: 0, 0.001: 0}, 'frac_significant': {0.05: 0.0, 0.01: 0.0, 0.001: 0.0}}, 'upright (joint_up)': {'n_pairs': 1000, 'n_max_trajs': 560, 'n_min_trajs': 280, 'n_nonempty_hist': {0: 481, 1: 61, 2: 458}, 'n_both_nonempty': 458, 'n_ttest_run': 458, 'n_significant': {0.05: 0, 0.01: 0, 0.001: 0}, 'frac_significant': {0.05: 0.0, 0.01: 0.0, 0.001: 0.0}}}","{'sim_only': {'laptop (computer_dist)': {'n_pairs': 1000, 'n_max_trajs': 56, 'n_min_trajs': 448, 'n_nonempty_hist': {0: 474, 1: 59, 2: 467}, 'n_both_nonempty': 467, 'n_ttest_run': 0, 'n_significant': {0.05: 0, 0.01: 0, 0.001: 0}, 'frac_significant': {0.05: 0.0, 0.01: 0.0, 0.001: 0.0}}, 'upright (joint_up)': {'n_pairs': 1000, 'n_max_trajs': 560, 'n_min_trajs': 280, 'n_nonempty_hist': {0: 481, 1: 61, 2: 458}, 'n_both_nonempty': 458, 'n_ttest_run': 458, 'n_significant': {0.05: 0, 0.01: 0, 0.001: 0}, 'frac_significant': {0.05: 0.0, 0.01: 0.0, 0.001: 0.0}}}}"
2,10,2,results/pca_ljts/tversky_proj_1785775731.pth,"{'laptop (computer_dist)': {'n_pairs': 1000, 'n_max_trajs': 56, 'n_min_trajs': 448, 'n_nonempty_hist': {0: 418, 1: 152, 2: 430}, 'n_both_nonempty': 430, 'n_ttest_run': 0, 'n_significant': {0.05: 0, 0.01: 0, 0.001: 0}, 'frac_significant': {0.05: 0.0, 0.01: 0.0, 0.001: 0.0}}, 'upright (joint_up)': {'n_pairs': 1000, 'n_max_trajs': 560, 'n_min_trajs': 280, 'n_nonempty_hist': {0: 456, 1: 119, 2: 425}, 'n_both_nonempty': 425, 'n_ttest_run': 425, 'n_significant': {0.05: 0, 0.01: 0, 0.001: 0}, 'frac_significant': {0.05: 0.0, 0.01: 0.0, 0.001: 0.0}}}","{'sim_only': {'laptop (computer_dist)': {'n_pairs': 1000, 'n_max_trajs': 56, 'n_min_trajs': 448, 'n_nonempty_hist': {0: 418, 1: 152, 2: 430}, 'n_both_nonempty': 430, 'n_ttest_run': 0, 'n_significant': {0.05: 0, 0.01: 0, 0.001: 0}, 'frac_significant': {0.05: 0.0, 0.01: 0.0, 0.001: 0.0}}, 'upright (joint_up)': {'n_pairs': 1000, 'n_max_trajs': 560, 'n_min_trajs': 280, 'n_nonempty_hist': {0: 456, 1: 119, 2: 425}, 'n_both_nonempty': 425, 'n_ttest_run': 425, 'n_significant': {0.05: 0, 0.01: 0, 0.001: 0}, 'frac_significant': {0.05: 0.0, 0.01: 0.0, 0.001: 0.0}}}}"
0,10,4,results/pca_ljts/tversky_proj_1785775735.pth,"{'laptop (computer_dist)': {'n_pairs': 1000, 'n_max_trajs': 56, 'n_min_trajs': 448, 'n_nonempty_hist': {0: 60, 1: 256, 2: 684}, 'n_both_nonempty': 684, 'n_ttest_run': 0, 'n_significant': {0.05: 0, 0.01: 0, 0.001: 0}, 'frac_significant': {0.05: 0.0, 0.01: 0.0, 0.001: 0.0}}, 'upright (joint_up)': {'n_pairs': 1000, 'n_max_trajs': 560, 'n_min_trajs': 280, 'n_nonempty_hist': {0: 100, 1: 225, 2: 675}, 'n_both_nonempty': 675, 'n_ttest_run': 675, 'n_significant': {0.05: 0, 0.01: 0, 0.001: 0}, 'frac_significant': {0.05: 0.0, 0.01: 0.0, 0.001: 0.0}}}","{'sim_only': {'laptop (computer_dist)': {'n_pairs': 1000, 'n_max_trajs': 56, 'n_min_trajs': 448, 'n_nonempty_hist': {0: 60, 1: 256, 2: 684}, 'n_both_nonempty': 684, 'n_ttest_run': 0, 'n_significant': {0.05: 0, 0.01: 0, 0.001: 0}, 'frac_significant': {0.05: 0.0, 0.01: 0.0, 0.001: 0.0}}, 'upright (joint_up)': {'n_pairs': 1000, 'n_max_trajs': 560, 'n_min_trajs': 280, 'n_nonempty_hist': {0: 100, 1: 225, 2: 675}, 'n_both_nonempty': 675, 'n_ttest_run': 675, 'n_significant': {0.05: 0, 0.01: 0, 0.001: 0}, 'frac_significant': {0.05: 0.0, 0.01: 0.0, 0.001: 0.0}}}}"
1,10,4,results/pca_ljts/tversky_proj_1785775739.pth,"{'laptop (computer_dist)': {'n_pairs': 1000, 'n_max_trajs': 56, 'n_min_trajs': 448, 'n_nonempty_hist': {0: 112, 1: 195, 2: 693}, 'n_both_nonempty': 693, 'n_ttest_run': 238, 'n_significant': {0.05: 104, 0.01: 0, 0.001: 0}, 'frac_significant': {0.05: 0.4369747899159664, 0.01: 0.0, 0.001: 0.0}}, 'upright (joint_up)': {'n_pairs': 1000, 'n_max_trajs': 560, 'n_min_trajs': 280, 'n_nonempty_hist': {0: 124, 1: 185, 2: 691}, 'n_both_nonempty': 691, 'n_ttest_run': 691, 'n_significant': {0.05: 81, 0.01: 0, 0.001: 0}, 'frac_significant': {0.05: 0.11722141823444283, 0.01: 0.0, 0.001: 0.0}}}","{'sim_only': {'laptop (computer_dist)': {'n_pairs': 1000, 'n_max_trajs': 56, 'n_min_trajs': 448, 'n_nonempty_hist': {0: 112, 1: 195, 2: 693}, 'n_both_nonempty': 693, 'n_ttest_run': 238, 'n_significant': {0.05: 104, 0.01: 0, 0.001: 0}, 'frac_significant': {0.05: 0.4369747899159664, 0.01: 0.0, 0.001: 0.0}}, 'upright (joint_up)': {'n_pairs': 1000, 'n_max_trajs': 560, 'n_min_trajs': 280, 'n_nonempty_hist': {0: 124, 1: 185, 2: 691}, 'n_both_nonempty': 691, 'n_ttest_run': 691, 'n_significant': {0.05: 81, 0.01: 0, 0.001: 0}, 'frac_significant': {0.05: 0.11722141823444283, 0.01: 0.0, 0.001: 0.0}}}}"
2,10,4,results/pca_ljts/tversky_proj_1785775743.pth,"{'laptop (computer_dist)': {'n_pairs': 1000, 'n_max_trajs': 56, 'n_min_trajs': 448, 'n_nonempty_hist': {0: 93, 1: 260, 2: 647}, 'n_both_nonempty': 647, 'n_ttest_run': 257, 'n_significant': {0.05: 18, 0.01: 0, 0.001: 0}, 'frac_significant': {0.05: 0.07003891050583658, 0.01: 0.0, 0.001: 0.0}}, 'upright (joint_up)': {'n_pairs': 1000, 'n_max_trajs': 560, 'n_min_trajs': 280, 'n_nonempty_hist': {0: 111, 1: 263, 2: 626}, 'n_both_nonempty': 626, 'n_ttest_run': 626, 'n_significant': {0.05: 0, 0.01: 0, 0.001: 0}, 'frac_significant': {0.05: 0.0, 0.01: 0.0, 0.001: 0.0}}}","{'sim_only': {'laptop (computer_dist)': {'n_pairs': 1000, 'n_max_trajs': 56, 'n_min_trajs': 448, 'n_nonempty_hist': {0: 93, 1: 260, 2: 647}, 'n_both_nonempty': 647, 'n_ttest_run': 257, 'n_significant': {0.05: 18, 0.01: 0, 0.001: 0}, 'frac_significant': {0.05: 0.07003891050583658, 0.01: 0.0, 0.001: 0.0}}, 'upright (joint_up)': {'n_pairs': 1000, 'n_max_trajs': 560, 'n_min_trajs': 280, 'n_nonempty_hist': {0: 111, 1: 263, 2: 626}, 'n_both_nonempty': 626, 'n_ttest_run': 626, 'n_significant': {0.05: 0, 0.01: 0, 0.001: 0}, 'frac_significant': {0.05: 0.0, 0.01: 0.0, 0.001: 0.0}}}}"
0,10,8,results/pca_ljts/tversky_proj_1785775747.pth,"{'laptop (computer_dist)': {'n_pairs': 1000, 'n_max_trajs': 56, 'n_min_trajs': 448, 'n_nonempty_hist': {0: 12, 1: 55, 2: 933}, 'n_both_nonempty': 933, 'n_ttest_run': 680, 'n_significant': {0.05: 244, 0.01: 127, 0.001: 43}, 'frac_significant': {0.05: 0.3588235294117647, 0.01: 0.18676470588235294, 0.001: 0.06323529411764706}}, 'upright (joint_up)': {'n_pairs': 1000, 'n_max_trajs': 560, 'n_min_trajs': 280, 'n_nonempty_hist': {0: 41, 1: 52, 2: 907}, 'n_both_nonempty': 907, 'n_ttest_run': 893, 'n_significant': {0.05: 132, 0.01: 22, 0.001: 0}, 'frac_significant': {0.05: 0.14781634938409854, 0.01: 0.02463605823068309, 0.001: 0.0}}}","{'sim_only': {'laptop (computer_dist)': {'n_pairs': 1000, 'n_max_trajs': 56, 'n_min_trajs': 448, 'n_nonempty_hist': {0: 12, 1: 55, 2: 933}, 'n_both_nonempty': 933, 'n_ttest_run': 680, 'n_significant': {0.05: 244, 0.01: 127, 0.001: 43}, 'frac_significant': {0.05: 0.3588235294117647, 0.01: 0.18676470588235294, 0.001: 0.06323529411764706}}, 'upright (joint_up)': {'n_pairs': 1000, 'n_max_trajs': 560, 'n_min_trajs': 280, 'n_nonempty_hist': {0: 41, 1: 52, 2: 907}, 'n_both_nonempty': 907, 'n_ttest_run': 893, 'n_significant': {0.05: 132, 0.01: 22, 0.001: 0}, 'frac_significant': {0.05: 0.14781634938409854, 0.01: 0.02463605823068309, 0.001: 0.0}}}}"
1,10,8,results/pca_ljts/tversky_proj_1785775752.pth,"{'laptop (computer_dist)': {'n_pairs': 1000, 'n_max_trajs': 56, 'n_min_trajs': 448, 'n_nonempty_hist': {0: 17, 1: 22, 2: 961}, 'n_both_nonempty': 961, 'n_ttest_run': 883, 'n_significant': {0.05: 263, 0.01: 188, 0.001: 84}, 'frac_significant': {0.05: 0.29784824462061155, 0.01: 0.2129105322763307, 0.001: 0.09513023782559456}}, 'upright (joint_up)': {'n_pairs': 1000, 'n_max_trajs': 560, 'n_min_trajs': 280, 'n_nonempty_hist': {0: 25, 1: 32, 2: 943}, 'n_both_nonempty': 943, 'n_ttest_run': 929, 'n_significant': {0.05: 90, 0.01: 8, 0.001: 0}, 'frac_significant': {0.05: 0.0968783638320775, 0.01: 0.008611410118406888, 0.001: 0.0}}}","{'sim_only': {'laptop (computer_dist)': {'n_pairs': 1000, 'n_max_trajs': 56, 'n_min_trajs': 448, 'n_nonempty_hist': {0: 17, 1: 22, 2: 961}, 'n_both_nonempty': 961, 'n_ttest_run': 883, 'n_significant': {0.05: 263, 0.01: 188, 0.001: 84}, 'frac_significant': {0.05: 0.29784824462061155, 0.01: 0.2129105322763307, 0.001: 0.09513023782559456}}, 'upright (joint_up)': {'n_pairs': 1000, 'n_max_trajs': 560, 'n_min_trajs': 280, 'n_nonempty_hist': {0: 25, 1: 32, 2: 943}, 'n_both_nonempty': 943, 'n_ttest_run': 929, 'n_significant': {0.05: 90, 0.01: 8, 0.001: 0}, 'frac_significant': {0.05: 0.0968783638320775, 0.01: 0.008611410118406888, 0.001: 0.0}}}}"
2,10,8,results/pca_ljts/tversky_proj_1785775757.pth,"{'laptop (computer_dist)': {'n_pairs': 1000, 'n_max_trajs': 56, 'n_min_trajs': 448, 'n_nonempty_hist': {0: 6, 1: 25, 2: 969}, 'n_both_nonempty': 969, 'n_ttest_run': 550, 'n_significant': {0.05: 138, 0.01: 109, 0.001: 77}, 'frac_significant': {0.05: 0.2509090909090909, 0.01: 0.19818181818181818, 0.001: 0.14}}, 'upright (joint_up)': {'n_pairs': 1000, 'n_max_trajs': 560, 'n_min_trajs': 280, 'n_nonempty_hist': {0: 19, 1: 45, 2: 936}, 'n_both_nonempty': 936, 'n_ttest_run': 936, 'n_significant': {0.05: 106, 0.01: 6, 0.001: 0}, 'frac_significant': {0.05: 0.11324786324786325, 0.01: 0.00641025641025641, 0.001: 0.0}}}","{'sim_only': {'laptop (computer_dist)': {'n_pairs': 1000, 'n_max_trajs': 56, 'n_min_trajs': 448, 'n_nonempty_hist': {0: 6, 1: 25, 2: 969}, 'n_both_nonempty': 969, 'n_ttest_run': 550, 'n_significant': {0.05: 138, 0.01: 109, 0.001: 77}, 'frac_significant': {0.05: 0.2509090909090909, 0.01: 0.19818181818181818, 0.001: 0.14}}, 'upright (joint_up)': {'n_pairs': 1000, 'n_max_trajs': 560, 'n_min_trajs': 280, 'n_nonempty_hist': {0: 19, 1: 45, 2: 936}, 'n_both_nonempty': 936, 'n_ttest_run': 936, 'n_significant': {0.05: 106, 0.01: 6, 0.001: 0}, 'frac_significant': {0.05: 0.11324786324786325, 0.01: 0.00641025641025641, 0.001: 0.0}}}}"
0,10,16,results/pca_ljts/tversky_proj_1785775761.pth,"{'laptop (computer_dist)': {'n_pairs': 1000, 'n_max_trajs': 56, 'n_min_trajs': 448, 'n_nonempty_hist': {0: 0, 1: 0, 2: 1000}, 'n_both_nonempty': 1000, 'n_ttest_run': 686, 'n_significant': {0.05: 495, 0.01: 394, 0.001: 315}, 'frac_significant': {0.05: 0.7215743440233237, 0.01: 0.5743440233236151, 0.001: 0.45918367346938777}}, 'upright (joint_up)': {'n_pairs': 1000, 'n_max_trajs': 560, 'n_min_trajs': 280, 'n_nonempty_hist': {0: 20, 1: 0, 2: 980}, 'n_both_nonempty': 980, 'n_ttest_run': 973, 'n_significant': {0.05: 207, 0.01: 54, 0.001: 0}, 'frac_significant': {0.05: 0.21274409044193218, 0.01: 0.05549845837615622, 0.001: 0.0}}}","{'sim_only': {'laptop (computer_dist)': {'n_pairs': 1000, 'n_max_trajs': 56, 'n_min_trajs': 448, 'n_nonempty_hist': {0: 0, 1: 0, 2: 1000}, 'n_both_nonempty': 1000, 'n_ttest_run': 686, 'n_significant': {0.05: 495, 0.01: 394, 0.001: 315}, 'frac_significant': {0.05: 0.7215743440233237, 0.01: 0.5743440233236151, 0.001: 0.45918367346938777}}, 'upright (joint_up)': {'n_pairs': 1000, 'n_max_trajs': 560, 'n_min_trajs': 280, 'n_nonempty_hist': {0: 20, 1: 0, 2: 980}, 'n_both_nonempty': 980, 'n_ttest_run': 973, 'n_significant': {0.05: 207, 0.01: 54, 0.001: 0}, 'frac_significant': {0.05: 0.21274409044193218, 0.01: 0.05549845837615622, 0.001: 0.0}}}}"
1,10,16,results/pca_ljts/tversky_proj_1785775766.pth,"{'laptop (computer_dist)': {'n_pairs': 1000, 'n_max_trajs': 56, 'n_min_trajs': 448, 'n_nonempty_hist': {0: 0, 1: 0, 2: 1000}, 'n_both_nonempty': 1000, 'n_ttest_run': 881, 'n_significant': {0.05: 503, 0.01: 343, 0.001: 238}, 'frac_significant': {0.05: 0.5709421112372304, 0.01: 0.38933030646992056, 0.001: 0.27014755959137343}}, 'upright (joint_up)': {'n_pairs': 1000, 'n_max_trajs': 560, 'n_min_trajs': 280, 'n_nonempty_hist': {0: 11, 1: 0, 2: 989}, 'n_both_nonempty': 989, 'n_ttest_run': 982, 'n_significant': {0.05: 132, 0.01: 17, 0.001: 0}, 'frac_significant': {0.05: 0.13441955193482688, 0.01: 0.017311608961303463, 0.001: 0.0}}}","{'sim_only': {'laptop (computer_dist)': {'n_pairs': 1000, 'n_max_trajs': 56, 'n_min_trajs': 448, 'n_nonempty_hist': {0: 0, 1: 0, 2: 1000}, 'n_both_nonempty': 1000, 'n_ttest_run': 881, 'n_significant': {0.05: 503, 0.01: 343, 0.001: 238}, 'frac_significant': {0.05: 0.5709421112372304, 0.01: 0.38933030646992056, 0.001: 0.27014755959137343}}, 'upright (joint_up)': {'n_pairs': 1000, 'n_max_trajs': 560, 'n_min_trajs': 280, 'n_nonempty_hist': {0: 11, 1: 0, 2: 989}, 'n_both_nonempty': 989, 'n_ttest_run': 982, 'n_significant': {0.05: 132, 0.01: 17, 0.001: 0}, 'frac_significant': {0.05: 0.13441955193482688, 0.01: 0.017311608961303463, 0.001: 0.0}}}}"
2,10,16,results/pca_ljts/tversky_proj_1785775771.pth,"{'laptop (computer_dist)': {'n_pairs': 1000, 'n_max_trajs': 56, 'n_min_trajs': 448, 'n_nonempty_hist': {0: 0, 1: 0, 2: 1000}, 'n_both_nonempty': 1000, 'n_ttest_run': 897, 'n_significant': {0.05: 540, 0.01: 343, 0.001: 133}, 'frac_significant': {0.05: 0.6020066889632107, 0.01: 0.38238573021181715, 0.001: 0.14827201783723523}}, 'upright (joint_up)': {'n_pairs': 1000, 'n_max_trajs': 560, 'n_min_trajs': 280, 'n_nonempty_hist': {0: 10, 1: 0, 2: 990}, 'n_both_nonempty': 990, 'n_ttest_run': 975, 'n_significant': {0.05: 214, 0.01: 48, 0.001: 0}, 'frac_significant': {0.05: 0.2194871794871795, 0.01: 0.04923076923076923, 0.001: 0.0}}}","{'sim_only': {'laptop (computer_dist)': {'n_pairs': 1000, 'n_max_trajs': 56, 'n_min_trajs': 448, 'n_nonempty_hist': {0: 0, 1: 0, 2: 1000}, 'n_both_nonempty': 1000, 'n_ttest_run': 897, 'n_significant': {0.05: 540, 0.01: 343, 0.001: 133}, 'frac_significant': {0.05: 0.6020066889632107, 0.01: 0.38238573021181715, 0.001: 0.14827201783723523}}, 'upright (joint_up)': {'n_pairs': 1000, 'n_max_trajs': 560, 'n_min_trajs': 280, 'n_nonempty_hist': {0: 10, 1: 0, 2: 990}, 'n_both_nonempty': 990, 'n_ttest_run': 975, 'n_significant': {0.05: 214, 0.01: 48, 0.001: 0}, 'frac_significant': {0.05: 0.2194871794871795, 0.01: 0.04923076923076923, 0.001: 0.0}}}}"
0,10,32,results/pca_ljts/tversky_proj_1785775776.pth,"{'laptop (computer_dist)': {'n_pairs': 1000, 'n_max_trajs': 56, 'n_min_trajs': 448, 'n_nonempty_hist': {0: 0, 1: 0, 2: 1000}, 'n_both_nonempty': 1000, 'n_ttest_run': 964, 'n_significant': {0.05: 849, 0.01: 708, 0.001: 435}, 'frac_significant': {0.05: 0.8807053941908713, 0.01: 0.7344398340248963, 0.001: 0.4512448132780083}}, 'upright (joint_up)': {'n_pairs': 1000, 'n_max_trajs': 560, 'n_min_trajs': 280, 'n_nonempty_hist': {0: 9, 1: 0, 2: 991}, 'n_both_nonempty': 991, 'n_ttest_run': 956, 'n_significant': {0.05: 182, 0.01: 54, 0.001: 0}, 'frac_significant': {0.05: 0.1903765690376569, 0.01: 0.056485355648535567, 0.001: 0.0}}}","{'sim_only': {'laptop (computer_dist)': {'n_pairs': 1000, 'n_max_trajs': 56, 'n_min_trajs': 448, 'n_nonempty_hist': {0: 0, 1: 0, 2: 1000}, 'n_both_nonempty': 1000, 'n_ttest_run': 964, 'n_significant': {0.05: 849, 0.01: 708, 0.001: 435}, 'frac_significant': {0.05: 0.8807053941908713, 0.01: 0.7344398340248963, 0.001: 0.4512448132780083}}, 'upright (joint_up)': {'n_pairs': 1000, 'n_max_trajs': 560, 'n_min_trajs': 280, 'n_nonempty_hist': {0: 9, 1: 0, 2: 991}, 'n_both_nonempty': 991, 'n_ttest_run': 956, 'n_significant': {0.05: 182, 0.01: 54, 0.001: 0}, 'frac_significant': {0.05: 0.1903765690376569, 0.01: 0.056485355648535567, 0.001: 0.0}}}}"
1,10,32,results/pca_ljts/tversky_proj_1785775781.pth,"{'laptop (computer_dist)': {'n_pairs': 1000, 'n_max_trajs': 56, 'n_min_trajs': 448, 'n_nonempty_hist': {0: 0, 1: 0, 2: 1000}, 'n_both_nonempty': 1000, 'n_ttest_run': 895, 'n_significant': {0.05: 690, 0.01: 566, 0.001: 330}, 'frac_significant': {0.05: 0.770949720670391, 0.01: 0.6324022346368715, 0.001: 0.3687150837988827}}, 'upright (joint_up)': {'n_pairs': 1000, 'n_max_trajs': 560, 'n_min_trajs': 280, 'n_nonempty_hist': {0: 2, 1: 0, 2: 998}, 'n_both_nonempty': 998, 'n_ttest_run': 976, 'n_significant': {0.05: 227, 0.01: 70, 0.001: 0}, 'frac_significant': {0.05: 0.23258196721311475, 0.01: 0.07172131147540983, 0.001: 0.0}}}","{'sim_only': {'laptop (computer_dist)': {'n_pairs': 1000, 'n_max_trajs': 56, 'n_min_trajs': 448, 'n_nonempty_hist': {0: 0, 1: 0, 2: 1000}, 'n_both_nonempty': 1000, 'n_ttest_run': 895, 'n_significant': {0.05: 690, 0.01: 566, 0.001: 330}, 'frac_significant': {0.05: 0.770949720670391, 0.01: 0.6324022346368715, 0.001: 0.3687150837988827}}, 'upright (joint_up)': {'n_pairs': 1000, 'n_max_trajs': 560, 'n_min_trajs': 280, 'n_nonempty_hist': {0: 2, 1: 0, 2: 998}, 'n_both_nonempty': 998, 'n_ttest_run': 976, 'n_significant': {0.05: 227, 0.01: 70, 0.001: 0}, 'frac_significant': {0.05: 0.23258196721311475, 0.01: 0.07172131147540983, 0.001: 0.0}}}}"
2,10,32,results/pca_ljts/tversky_proj_1785775786.pth,"{'laptop (computer_dist)': {'n_pairs': 1000, 'n_max_trajs': 56, 'n_min_trajs': 448, 'n_nonempty_hist': {0: 0, 1: 0, 2: 1000}, 'n_both_nonempty': 1000, 'n_ttest_run': 931, 'n_significant': {0.05: 804, 0.01: 583, 0.001: 399}, 'frac_significant': {0.05: 0.8635875402792696, 0.01: 0.6262083780880774, 0.001: 0.42857142857142855}}, 'upright (joint_up)': {'n_pairs': 1000, 'n_max_trajs': 560, 'n_min_trajs': 280, 'n_nonempty_hist': {0: 3, 1: 0, 2: 997}, 'n_both_nonempty': 997, 'n_ttest_run': 974, 'n_significant': {0.05: 245, 0.01: 71, 0.001: 0}, 'frac_significant': {0.05: 0.2515400410677618, 0.01: 0.0728952772073922, 0.001: 0.0}}}","{'sim_only': {'laptop (computer_dist)': {'n_pairs': 1000, 'n_max_trajs': 56, 'n_min_trajs': 448, 'n_nonempty_hist': {0: 0, 1: 0, 2: 1000}, 'n_both_nonempty': 1000, 'n_ttest_run': 931, 'n_significant': {0.05: 804, 0.01: 583, 0.001: 399}, 'frac_significant': {0.05: 0.8635875402792696, 0.01: 0.6262083780880774, 0.001: 0.42857142857142855}}, 'upright (joint_up)': {'n_pairs': 1000, 'n_max_trajs': 560, 'n_min_trajs': 280, 'n_nonempty_hist': {0: 3, 1: 0, 2: 997}, 'n_both_nonempty': 997, 'n_ttest_run': 974, 'n_significant': {0.05: 245, 0.01: 71, 0.001: 0}, 'frac_significant': {0.05: 0.2515400410677618, 0.01: 0.0728952772073922, 0.001: 0.0}}}}"
0,10,64,results/pca_ljts/tversky_proj_1785775792.pth,"{'laptop (computer_dist)': {'n_pairs': 1000, 'n_max_trajs': 56, 'n_min_trajs': 448, 'n_nonempty_hist': {0: 0, 1: 0, 2: 1000}, 'n_both_nonempty': 1000, 'n_ttest_run': 903, 'n_significant': {0.05: 696, 0.01: 550, 0.001: 380}, 'frac_significant': {0.05: 0.770764119601329, 0.01: 0.6090808416389811, 0.001: 0.42081949058693247}}, 'upright (joint_up)': {'n_pairs': 1000, 'n_max_trajs': 560, 'n_min_trajs': 280, 'n_nonempty_hist': {0: 1, 1: 0, 2: 999}, 'n_both_nonempty': 999, 'n_ttest_run': 991, 'n_significant': {0.05: 257, 0.01: 66, 0.001: 0}, 'frac_significant': {0.05: 0.2593340060544904, 0.01: 0.06659939455095863, 0.001: 0.0}}}","{'sim_only': {'laptop (computer_dist)': {'n_pairs': 1000, 'n_max_trajs': 56, 'n_min_trajs': 448, 'n_nonempty_hist': {0: 0, 1: 0, 2: 1000}, 'n_both_nonempty': 1000, 'n_ttest_run': 903, 'n_significant': {0.05: 696, 0.01: 550, 0.001: 380}, 'frac_significant': {0.05: 0.770764119601329, 0.01: 0.6090808416389811, 0.001: 0.42081949058693247}}, 'upright (joint_up)': {'n_pairs': 1000, 'n_max_trajs': 560, 'n_min_trajs': 280, 'n_nonempty_hist': {0: 1, 1: 0, 2: 999}, 'n_both_nonempty': 999, 'n_ttest_run': 991, 'n_significant': {0.05: 257, 0.01: 66, 0.001: 0}, 'frac_significant': {0.05: 0.2593340060544904, 0.01: 0.06659939455095863, 0.001: 0.0}}}}"
1,10,64,results/pca_ljts/tversky_proj_1785775797.pth,"{'laptop (computer_dist)': {'n_pairs': 1000, 'n_max_trajs': 56, 'n_min_trajs': 448, 'n_nonempty_hist': {0: 0, 1: 0, 2: 1000}, 'n_both_nonempty': 1000, 'n_ttest_run': 955, 'n_significant': {0.05: 809, 0.01: 640, 0.001: 438}, 'frac_significant': {0.05: 0.8471204188481676, 0.01: 0.6701570680628273, 0.001: 0.4586387434554974}}, 'upright (joint_up)': {'n_pairs': 1000, 'n_max_trajs': 560, 'n_min_trajs': 280, 'n_nonempty_hist': {0: 1, 1: 0, 2: 999}, 'n_both_nonempty': 999, 'n_ttest_run': 979, 'n_significant': {0.05: 246, 0.01: 71, 0.001: 0}, 'frac_significant': {0.05: 0.2512768130745659, 0.01: 0.07252298263534218, 0.001: 0.0}}}","{'sim_only': {'laptop (computer_dist)': {'n_pairs': 1000, 'n_max_trajs': 56, 'n_min_trajs': 448, 'n_nonempty_hist': {0: 0, 1: 0, 2: 1000}, 'n_both_nonempty': 1000, 'n_ttest_run': 955, 'n_significant': {0.05: 809, 0.01: 640, 0.001: 438}, 'frac_significant': {0.05: 0.8471204188481676, 0.01: 0.6701570680628273, 0.001: 0.4586387434554974}}, 'upright (joint_up)': {'n_pairs': 1000, 'n_max_trajs': 560, 'n_min_trajs': 280, 'n_nonempty_hist': {0: 1, 1: 0, 2: 999}, 'n_both_nonempty': 999, 'n_ttest_run': 979, 'n_significant': {0.05: 246, 0.01: 71, 0.001: 0}, 'frac_significant': {0.05: 0.2512768130745659, 0.01: 0.07252298263534218, 0.001: 0.0}}}}"
2,10,64,results/pca_ljts/tversky_proj_1785775802.pth,"{'laptop (computer_dist)': {'n_pairs': 1000, 'n_max_trajs': 56, 'n_min_trajs': 448, 'n_nonempty_hist': {0: 0, 1: 0, 2: 1000}, 'n_both_nonempty': 1000, 'n_ttest_run': 869, 'n_significant': {0.05: 766, 0.01: 677, 0.001: 551}, 'frac_significant': {0.05: 0.8814729574223246, 0.01: 0.7790563866513234, 0.001: 0.6340621403912543}}, 'upright (joint_up)': {'n_pairs': 1000, 'n_max_trajs': 560, 'n_min_trajs': 280, 'n_nonempty_hist': {0: 0, 1: 0, 2: 1000}, 'n_both_nonempty': 1000, 'n_ttest_run': 971, 'n_significant': {0.05: 344, 0.01: 124, 0.001: 0}, 'frac_significant': {0.05: 0.35427394438722964, 0.01: 0.12770339855818744, 0.001: 0.0}}}","{'sim_only': {'laptop (computer_dist)': {'n_pairs': 1000, 'n_max_trajs': 56, 'n_min_trajs': 448, 'n_nonempty_hist': {0: 0, 1: 0, 2: 1000}, 'n_both_nonempty': 1000, 'n_ttest_run': 869, 'n_significant': {0.05: 766, 0.01: 677, 0.001: 551}, 'frac_significant': {0.05: 0.8814729574223246, 0.01: 0.7790563866513234, 0.001: 0.6340621403912543}}, 'upright (joint_up)': {'n_pairs': 1000, 'n_max_trajs': 560, 'n_min_trajs': 280, 'n_nonempty_hist': {0: 0, 1: 0, 2: 1000}, 'n_both_nonempty': 1000, 'n_ttest_run': 971, 'n_significant': {0.05: 344, 0.01: 124, 0.001: 0}, 'frac_significant': {0.05: 0.35427394438722964, 0.01: 0.12770339855818744, 0.001: 0.0}}}}"
0,10,128,results/pca_ljts/tversky_proj_1785775808.pth,"{'laptop (computer_dist)': {'n_pairs': 1000, 'n_max_trajs': 56, 'n_min_trajs': 448, 'n_nonempty_hist': {0: 0, 1: 0, 2: 1000}, 'n_both_nonempty': 1000, 'n_ttest_run': 929, 'n_significant': {0.05: 855, 0.01: 714, 0.001: 461}, 'frac_significant': {0.05: 0.9203444564047363, 0.01: 0.7685683530678149, 0.001: 0.49623250807319697}}, 'upright (joint_up)': {'n_pairs': 1000, 'n_max_trajs': 560, 'n_min_trajs': 280, 'n_nonempty_hist': {0: 1, 1: 0, 2: 999}, 'n_both_nonempty': 999, 'n_ttest_run': 979, 'n_significant': {0.05: 301, 0.01: 83, 0.001: 0}, 'frac_significant': {0.05: 0.30745658835546474, 0.01: 0.08478038815117467, 0.001: 0.0}}}","{'sim_only': {'laptop (computer_dist)': {'n_pairs': 1000, 'n_max_trajs': 56, 'n_min_trajs': 448, 'n_nonempty_hist': {0: 0, 1: 0, 2: 1000}, 'n_both_nonempty': 1000, 'n_ttest_run': 929, 'n_significant': {0.05: 855, 0.01: 714, 0.001: 461}, 'frac_significant': {0.05: 0.9203444564047363, 0.01: 0.7685683530678149, 0.001: 0.49623250807319697}}, 'upright (joint_up)': {'n_pairs': 1000, 'n_max_trajs': 560, 'n_min_trajs': 280, 'n_nonempty_hist': {0: 1, 1: 0, 2: 999}, 'n_both_nonempty': 999, 'n_ttest_run': 979, 'n_significant': {0.05: 301, 0.01: 83, 0.001: 0}, 'frac_significant': {0.05: 0.30745658835546474, 0.01: 0.08478038815117467, 0.001: 0.0}}}}"
1,10,128,results/pca_ljts/tversky_proj_1785775813.pth,"{'laptop (computer_dist)': {'n_pairs': 1000, 'n_max_trajs': 56, 'n_min_trajs': 448, 'n_nonempty_hist': {0: 0, 1: 0, 2: 1000}, 'n_both_nonempty': 1000, 'n_ttest_run': 881, 'n_significant': {0.05: 818, 0.01: 692, 0.001: 524}, 'frac_significant': {0.05: 0.9284903518728718, 0.01: 0.7854710556186152, 0.001: 0.5947786606129398}}, 'upright (joint_up)': {'n_pairs': 1000, 'n_max_trajs': 560, 'n_min_trajs': 280, 'n_nonempty_hist': {0: 1, 1: 0, 2: 999}, 'n_both_nonempty': 999, 'n_ttest_run': 978, 'n_significant': {0.05: 334, 0.01: 118, 0.001: 0}, 'frac_significant': {0.05: 0.34151329243353784, 0.01: 0.12065439672801637, 0.001: 0.0}}}","{'sim_only': {'laptop (computer_dist)': {'n_pairs': 1000, 'n_max_trajs': 56, 'n_min_trajs': 448, 'n_nonempty_hist': {0: 0, 1: 0, 2: 1000}, 'n_both_nonempty': 1000, 'n_ttest_run': 881, 'n_significant': {0.05: 818, 0.01: 692, 0.001: 524}, 'frac_significant': {0.05: 0.9284903518728718, 0.01: 0.7854710556186152, 0.001: 0.5947786606129398}}, 'upright (joint_up)': {'n_pairs': 1000, 'n_max_trajs': 560, 'n_min_trajs': 280, 'n_nonempty_hist': {0: 1, 1: 0, 2: 999}, 'n_both_nonempty': 999, 'n_ttest_run': 978, 'n_significant': {0.05: 334, 0.01: 118, 0.001: 0}, 'frac_significant': {0.05: 0.34151329243353784, 0.01: 0.12065439672801637, 0.001: 0.0}}}}"
2,10,128,results/pca_ljts/tversky_proj_1785775819.pth,"{'laptop (computer_dist)': {'n_pairs': 1000, 'n_max_trajs': 56, 'n_min_trajs': 448, 'n_nonempty_hist': {0: 0, 1: 0, 2: 1000}, 'n_both_nonempty': 1000, 'n_ttest_run': 938, 'n_significant': {0.05: 784, 0.01: 672, 0.001: 506}, 'frac_significant': {0.05: 0.835820895522388, 0.01: 0.7164179104477612, 0.001: 0.5394456289978679}}, 'upright (joint_up)': {'n_pairs': 1000, 'n_max_trajs': 560, 'n_min_trajs': 280, 'n_nonempty_hist': {0: 0, 1: 0, 2: 1000}, 'n_both_nonempty': 1000, 'n_ttest_run': 998, 'n_significant': {0.05: 225, 0.01: 45, 0.001: 0}, 'frac_significant': {0.05: 0.22545090180360722, 0.01: 0.045090180360721446, 0.001: 0.0}}}","{'sim_only': {'laptop (computer_dist)': {'n_pairs': 1000, 'n_max_trajs': 56, 'n_min_trajs': 448, 'n_nonempty_hist': {0: 0, 1: 0, 2: 1000}, 'n_both_nonempty': 1000, 'n_ttest_run': 938, 'n_significant': {0.05: 784, 0.01: 672, 0.001: 506}, 'frac_significant': {0.05: 0.835820895522388, 0.01: 0.7164179104477612, 0.001: 0.5394456289978679}}, 'upright (joint_up)': {'n_pairs': 1000, 'n_max_trajs': 560, 'n_min_trajs': 280, 'n_nonempty_hist': {0: 0, 1: 0, 2: 1000}, 'n_both_nonempty': 1000, 'n_ttest_run': 998, 'n_significant': {0.05: 225, 0.01: 45, 0.001: 0}, 'frac_significant': {0.05: 0.22545090180360722, 0.01: 0.045090180360721446, 0.001: 0.0}}}}"
0,10,256,results/pca_ljts/tversky_proj_1785775824.pth,"{'laptop (computer_dist)': {'n_pairs': 1000, 'n_max_trajs': 56, 'n_min_trajs': 448, 'n_nonempty_hist': {0: 1, 1: 0, 2: 999}, 'n_both_nonempty': 999, 'n_ttest_run': 948, 'n_significant': {0.05: 829, 0.01: 718, 0.001: 569}, 'frac_significant': {0.05: 0.8744725738396625, 0.01: 0.7573839662447257, 0.001: 0.6002109704641351}}, 'upright (joint_up)': {'n_pairs': 1000, 'n_max_trajs': 560, 'n_min_trajs': 280, 'n_nonempty_hist': {0: 0, 1: 0, 2: 1000}, 'n_both_nonempty': 1000, 'n_ttest_run': 987, 'n_significant': {0.05: 361, 0.01: 117, 0.001: 0}, 'frac_significant': {0.05: 0.3657548125633232, 0.01: 0.11854103343465046, 0.001: 0.0}}}","{'sim_only': {'laptop (computer_dist)': {'n_pairs': 1000, 'n_max_trajs': 56, 'n_min_trajs': 448, 'n_nonempty_hist': {0: 1, 1: 0, 2: 999}, 'n_both_nonempty': 999, 'n_ttest_run': 948, 'n_significant': {0.05: 829, 0.01: 718, 0.001: 569}, 'frac_significant': {0.05: 0.8744725738396625, 0.01: 0.7573839662447257, 0.001: 0.6002109704641351}}, 'upright (joint_up)': {'n_pairs': 1000, 'n_max_trajs': 560, 'n_min_trajs': 280, 'n_nonempty_hist': {0: 0, 1: 0, 2: 1000}, 'n_both_nonempty': 1000, 'n_ttest_run': 987, 'n_significant': {0.05: 361, 0.01: 117, 0.001: 0}, 'frac_significant': {0.05: 0.3657548125633232, 0.01: 0.11854103343465046, 0.001: 0.0}}}}"
1,10,256,results/pca_ljts/tversky_proj_1785775830.pth,"{'laptop (computer_dist)': {'n_pairs': 1000, 'n_max_trajs': 56, 'n_min_trajs': 448, 'n_nonempty_hist': {0: 0, 1: 0, 2: 1000}, 'n_both_nonempty': 1000, 'n_ttest_run': 945, 'n_significant': {0.05: 733, 0.01: 562, 0.001: 347}, 'frac_significant': {0.05: 0.7756613756613756, 0.01: 0.5947089947089947, 0.001: 0.3671957671957672}}, 'upright (joint_up)': {'n_pairs': 1000, 'n_max_trajs': 560, 'n_min_trajs': 280, 'n_nonempty_hist': {0: 1, 1: 0, 2: 999}, 'n_both_nonempty': 999, 'n_ttest_run': 989, 'n_significant': {0.05: 317, 0.01: 84, 0.001: 0}, 'frac_significant': {0.05: 0.320525783619818, 0.01: 0.08493427704752275, 0.001: 0.0}}}","{'sim_only': {'laptop (computer_dist)': {'n_pairs': 1000, 'n_max_trajs': 56, 'n_min_trajs': 448, 'n_nonempty_hist': {0: 0, 1: 0, 2: 1000}, 'n_both_nonempty': 1000, 'n_ttest_run': 945, 'n_significant': {0.05: 733, 0.01: 562, 0.001: 347}, 'frac_significant': {0.05: 0.7756613756613756, 0.01: 0.5947089947089947, 0.001: 0.3671957671957672}}, 'upright (joint_up)': {'n_pairs': 1000, 'n_max_trajs': 560, 'n_min_trajs': 280, 'n_nonempty_hist': {0: 1, 1: 0, 2: 999}, 'n_both_nonempty': 999, 'n_ttest_run': 989, 'n_significant': {0.05: 317, 0.01: 84, 0.001: 0}, 'frac_significant': {0.05: 0.320525783619818, 0.01: 0.08493427704752275, 0.001: 0.0}}}}"
2,10,256,results/pca_ljts/tversky_proj_1785775836.pth,"{'laptop (computer_dist)': {'n_pairs': 1000, 'n_max_trajs': 56, 'n_min_trajs': 448, 'n_nonempty_hist': {0: 0, 1: 0, 2: 1000}, 'n_both_nonempty': 1000, 'n_ttest_run': 971, 'n_significant': {0.05: 830, 0.01: 622, 0.001: 460}, 'frac_significant': {0.05: 0.854788877445932, 0.01: 0.6405767250257467, 0.001: 0.4737384140061792}}, 'upright (joint_up)': {'n_pairs': 1000, 'n_max_trajs': 560, 'n_min_trajs': 280, 'n_nonempty_hist': {0: 1, 1: 0, 2: 999}, 'n_both_nonempty': 999, 'n_ttest_run': 983, 'n_significant': {0.05: 302, 0.01: 96, 0.001: 0}, 'frac_significant': {0.05: 0.3072227873855544, 0.01: 0.09766022380467955, 0.001: 0.0}}}","{'sim_only': {'laptop (computer_dist)': {'n_pairs': 1000, 'n_max_trajs': 56, 'n_min_trajs': 448, 'n_nonempty_hist': {0: 0, 1: 0, 2: 1000}, 'n_both_nonempty': 1000, 'n_ttest_run': 971, 'n_significant': {0.05: 830, 0.01: 622, 0.001: 460}, 'frac_significant': {0.05: 0.854788877445932, 0.01: 0.6405767250257467, 0.001: 0.4737384140061792}}, 'upright (joint_up)': {'n_pairs': 1000, 'n_max_trajs': 560, 'n_min_trajs': 280, 'n_nonempty_hist': {0: 1, 1: 0, 2: 999}, 'n_both_nonempty': 999, 'n_ttest_run': 983, 'n_significant': {0.05: 302, 0.01: 96, 0.001: 0}, 'frac_significant': {0.05: 0.3072227873855544, 0.01: 0.09766022380467955, 0.001: 0.0}}}}"
