seed,ckpt_path,fpe
0,SIRL_TEMP,0.03378893115183372
1,SIRL_TEMP,0.04676046999047555
2,SIRL_TEMP,0.04504342372807727
3,SIRL_TEMP,0.03770728421949111
4,SIRL_TEMP,0.03884387670553485
