seed,latent_dim,fbank_size,ckpt_path,wandb_run_url,query_sim_only,query
0,2,2,results/frozen_sirl_ts/frozen_sirl_ts_1786633548.pth,https://wandb.ai/m1randa-massachusetts-institute-of-technology/tversky-sirl/runs/4g7xec2x,"{'laptop (computer_dist)': {'n_pairs': 1000, 'n_max_trajs': 56, 'n_min_trajs': 448, 'n_nonempty_hist': {0: 269, 1: 696, 2: 35}, 'n_both_nonempty': 35, 'n_ttest_run': 35, 'n_significant': {0.05: 22, 0.01: 22, 0.001: 22}, 'frac_significant': {0.05: 0.6285714285714286, 0.01: 0.6285714285714286, 0.001: 0.6285714285714286}}, 'upright (joint_up)': {'n_pairs': 1000, 'n_max_trajs': 560, 'n_min_trajs': 280, 'n_nonempty_hist': {0: 30, 1: 912, 2: 58}, 'n_both_nonempty': 58, 'n_ttest_run': 58, 'n_significant': {0.05: 58, 0.01: 0, 0.001: 0}, 'frac_significant': {0.05: 1.0, 0.01: 0.0, 0.001: 0.0}}}","{'sim_only': {'laptop (computer_dist)': {'n_pairs': 1000, 'n_max_trajs': 56, 'n_min_trajs': 448, 'n_nonempty_hist': {0: 269, 1: 696, 2: 35}, 'n_both_nonempty': 35, 'n_ttest_run': 35, 'n_significant': {0.05: 22, 0.01: 22, 0.001: 22}, 'frac_significant': {0.05: 0.6285714285714286, 0.01: 0.6285714285714286, 0.001: 0.6285714285714286}}, 'upright (joint_up)': {'n_pairs': 1000, 'n_max_trajs': 560, 'n_min_trajs': 280, 'n_nonempty_hist': {0: 30, 1: 912, 2: 58}, 'n_both_nonempty': 58, 'n_ttest_run': 58, 'n_significant': {0.05: 58, 0.01: 0, 0.001: 0}, 'frac_significant': {0.05: 1.0, 0.01: 0.0, 0.001: 0.0}}}}"
1,2,2,results/frozen_sirl_ts/frozen_sirl_ts_1786633561.pth,https://wandb.ai/m1randa-massachusetts-institute-of-technology/tversky-sirl/runs/3hff2k3x,"{'laptop (computer_dist)': {'n_pairs': 1000, 'n_max_trajs': 56, 'n_min_trajs': 448, 'n_nonempty_hist': {0: 173, 1: 739, 2: 88}, 'n_both_nonempty': 88, 'n_ttest_run': 88, 'n_significant': {0.05: 0, 0.01: 0, 0.001: 0}, 'frac_significant': {0.05: 0.0, 0.01: 0.0, 0.001: 0.0}}, 'upright (joint_up)': {'n_pairs': 1000, 'n_max_trajs': 560, 'n_min_trajs': 280, 'n_nonempty_hist': {0: 10, 1: 981, 2: 9}, 'n_both_nonempty': 9, 'n_ttest_run': 0, 'n_significant': {0.05: 0, 0.01: 0, 0.001: 0}, 'frac_significant': {0.05: 0.0, 0.01: 0.0, 0.001: 0.0}}}","{'sim_only': {'laptop (computer_dist)': {'n_pairs': 1000, 'n_max_trajs': 56, 'n_min_trajs': 448, 'n_nonempty_hist': {0: 173, 1: 739, 2: 88}, 'n_both_nonempty': 88, 'n_ttest_run': 88, 'n_significant': {0.05: 0, 0.01: 0, 0.001: 0}, 'frac_significant': {0.05: 0.0, 0.01: 0.0, 0.001: 0.0}}, 'upright (joint_up)': {'n_pairs': 1000, 'n_max_trajs': 560, 'n_min_trajs': 280, 'n_nonempty_hist': {0: 10, 1: 981, 2: 9}, 'n_both_nonempty': 9, 'n_ttest_run': 0, 'n_significant': {0.05: 0, 0.01: 0, 0.001: 0}, 'frac_significant': {0.05: 0.0, 0.01: 0.0, 0.001: 0.0}}}}"
2,2,2,results/frozen_sirl_ts/frozen_sirl_ts_1786633571.pth,https://wandb.ai/m1randa-massachusetts-institute-of-technology/tversky-sirl/runs/r6rnvaeu,"{'laptop (computer_dist)': {'n_pairs': 1000, 'n_max_trajs': 56, 'n_min_trajs': 448, 'n_nonempty_hist': {0: 266, 1: 682, 2: 52}, 'n_both_nonempty': 52, 'n_ttest_run': 52, 'n_significant': {0.05: 0, 0.01: 0, 0.001: 0}, 'frac_significant': {0.05: 0.0, 0.01: 0.0, 0.001: 0.0}}, 'upright (joint_up)': {'n_pairs': 1000, 'n_max_trajs': 560, 'n_min_trajs': 280, 'n_nonempty_hist': {0: 13, 1: 984, 2: 3}, 'n_both_nonempty': 3, 'n_ttest_run': 0, 'n_significant': {0.05: 0, 0.01: 0, 0.001: 0}, 'frac_significant': {0.05: 0.0, 0.01: 0.0, 0.001: 0.0}}}","{'sim_only': {'laptop (computer_dist)': {'n_pairs': 1000, 'n_max_trajs': 56, 'n_min_trajs': 448, 'n_nonempty_hist': {0: 266, 1: 682, 2: 52}, 'n_both_nonempty': 52, 'n_ttest_run': 52, 'n_significant': {0.05: 0, 0.01: 0, 0.001: 0}, 'frac_significant': {0.05: 0.0, 0.01: 0.0, 0.001: 0.0}}, 'upright (joint_up)': {'n_pairs': 1000, 'n_max_trajs': 560, 'n_min_trajs': 280, 'n_nonempty_hist': {0: 13, 1: 984, 2: 3}, 'n_both_nonempty': 3, 'n_ttest_run': 0, 'n_significant': {0.05: 0, 0.01: 0, 0.001: 0}, 'frac_significant': {0.05: 0.0, 0.01: 0.0, 0.001: 0.0}}}}"
0,2,4,results/frozen_sirl_ts/frozen_sirl_ts_1786633581.pth,https://wandb.ai/m1randa-massachusetts-institute-of-technology/tversky-sirl/runs/nf47s2r5,"{'laptop (computer_dist)': {'n_pairs': 1000, 'n_max_trajs': 56, 'n_min_trajs': 448, 'n_nonempty_hist': {0: 232, 1: 722, 2: 46}, 'n_both_nonempty': 46, 'n_ttest_run': 46, 'n_significant': {0.05: 31, 0.01: 5, 0.001: 5}, 'frac_significant': {0.05: 0.6739130434782609, 0.01: 0.10869565217391304, 0.001: 0.10869565217391304}}, 'upright (joint_up)': {'n_pairs': 1000, 'n_max_trajs': 560, 'n_min_trajs': 280, 'n_nonempty_hist': {0: 24, 1: 902, 2: 74}, 'n_both_nonempty': 74, 'n_ttest_run': 74, 'n_significant': {0.05: 71, 0.01: 71, 0.001: 0}, 'frac_significant': {0.05: 0.9594594594594594, 0.01: 0.9594594594594594, 0.001: 0.0}}}","{'sim_only': {'laptop (computer_dist)': {'n_pairs': 1000, 'n_max_trajs': 56, 'n_min_trajs': 448, 'n_nonempty_hist': {0: 232, 1: 722, 2: 46}, 'n_both_nonempty': 46, 'n_ttest_run': 46, 'n_significant': {0.05: 31, 0.01: 5, 0.001: 5}, 'frac_significant': {0.05: 0.6739130434782609, 0.01: 0.10869565217391304, 0.001: 0.10869565217391304}}, 'upright (joint_up)': {'n_pairs': 1000, 'n_max_trajs': 560, 'n_min_trajs': 280, 'n_nonempty_hist': {0: 24, 1: 902, 2: 74}, 'n_both_nonempty': 74, 'n_ttest_run': 74, 'n_significant': {0.05: 71, 0.01: 71, 0.001: 0}, 'frac_significant': {0.05: 0.9594594594594594, 0.01: 0.9594594594594594, 0.001: 0.0}}}}"
1,2,4,results/frozen_sirl_ts/frozen_sirl_ts_1786633592.pth,https://wandb.ai/m1randa-massachusetts-institute-of-technology/tversky-sirl/runs/17p1pnv1,"{'laptop (computer_dist)': {'n_pairs': 1000, 'n_max_trajs': 56, 'n_min_trajs': 448, 'n_nonempty_hist': {0: 151, 1: 740, 2: 109}, 'n_both_nonempty': 109, 'n_ttest_run': 109, 'n_significant': {0.05: 56, 0.01: 16, 0.001: 0}, 'frac_significant': {0.05: 0.5137614678899083, 0.01: 0.14678899082568808, 0.001: 0.0}}, 'upright (joint_up)': {'n_pairs': 1000, 'n_max_trajs': 560, 'n_min_trajs': 280, 'n_nonempty_hist': {0: 5, 1: 979, 2: 16}, 'n_both_nonempty': 16, 'n_ttest_run': 14, 'n_significant': {0.05: 0, 0.01: 0, 0.001: 0}, 'frac_significant': {0.05: 0.0, 0.01: 0.0, 0.001: 0.0}}}","{'sim_only': {'laptop (computer_dist)': {'n_pairs': 1000, 'n_max_trajs': 56, 'n_min_trajs': 448, 'n_nonempty_hist': {0: 151, 1: 740, 2: 109}, 'n_both_nonempty': 109, 'n_ttest_run': 109, 'n_significant': {0.05: 56, 0.01: 16, 0.001: 0}, 'frac_significant': {0.05: 0.5137614678899083, 0.01: 0.14678899082568808, 0.001: 0.0}}, 'upright (joint_up)': {'n_pairs': 1000, 'n_max_trajs': 560, 'n_min_trajs': 280, 'n_nonempty_hist': {0: 5, 1: 979, 2: 16}, 'n_both_nonempty': 16, 'n_ttest_run': 14, 'n_significant': {0.05: 0, 0.01: 0, 0.001: 0}, 'frac_significant': {0.05: 0.0, 0.01: 0.0, 0.001: 0.0}}}}"
2,2,4,results/frozen_sirl_ts/frozen_sirl_ts_1786633603.pth,https://wandb.ai/m1randa-massachusetts-institute-of-technology/tversky-sirl/runs/8vovzz6d,"{'laptop (computer_dist)': {'n_pairs': 1000, 'n_max_trajs': 56, 'n_min_trajs': 448, 'n_nonempty_hist': {0: 137, 1: 723, 2: 140}, 'n_both_nonempty': 140, 'n_ttest_run': 140, 'n_significant': {0.05: 34, 0.01: 27, 0.001: 0}, 'frac_significant': {0.05: 0.24285714285714285, 0.01: 0.19285714285714287, 0.001: 0.0}}, 'upright (joint_up)': {'n_pairs': 1000, 'n_max_trajs': 560, 'n_min_trajs': 280, 'n_nonempty_hist': {0: 6, 1: 976, 2: 18}, 'n_both_nonempty': 18, 'n_ttest_run': 0, 'n_significant': {0.05: 0, 0.01: 0, 0.001: 0}, 'frac_significant': {0.05: 0.0, 0.01: 0.0, 0.001: 0.0}}}","{'sim_only': {'laptop (computer_dist)': {'n_pairs': 1000, 'n_max_trajs': 56, 'n_min_trajs': 448, 'n_nonempty_hist': {0: 137, 1: 723, 2: 140}, 'n_both_nonempty': 140, 'n_ttest_run': 140, 'n_significant': {0.05: 34, 0.01: 27, 0.001: 0}, 'frac_significant': {0.05: 0.24285714285714285, 0.01: 0.19285714285714287, 0.001: 0.0}}, 'upright (joint_up)': {'n_pairs': 1000, 'n_max_trajs': 560, 'n_min_trajs': 280, 'n_nonempty_hist': {0: 6, 1: 976, 2: 18}, 'n_both_nonempty': 18, 'n_ttest_run': 0, 'n_significant': {0.05: 0, 0.01: 0, 0.001: 0}, 'frac_significant': {0.05: 0.0, 0.01: 0.0, 0.001: 0.0}}}}"
0,2,8,results/frozen_sirl_ts/frozen_sirl_ts_1786633613.pth,https://wandb.ai/m1randa-massachusetts-institute-of-technology/tversky-sirl/runs/si3aiqv0,"{'laptop (computer_dist)': {'n_pairs': 1000, 'n_max_trajs': 56, 'n_min_trajs': 448, 'n_nonempty_hist': {0: 224, 1: 626, 2: 150}, 'n_both_nonempty': 150, 'n_ttest_run': 150, 'n_significant': {0.05: 71, 0.01: 41, 0.001: 41}, 'frac_significant': {0.05: 0.47333333333333333, 0.01: 0.2733333333333333, 0.001: 0.2733333333333333}}, 'upright (joint_up)': {'n_pairs': 1000, 'n_max_trajs': 560, 'n_min_trajs': 280, 'n_nonempty_hist': {0: 21, 1: 872, 2: 107}, 'n_both_nonempty': 107, 'n_ttest_run': 97, 'n_significant': {0.05: 92, 0.01: 84, 0.001: 0}, 'frac_significant': {0.05: 0.9484536082474226, 0.01: 0.865979381443299, 0.001: 0.0}}}","{'sim_only': {'laptop (computer_dist)': {'n_pairs': 1000, 'n_max_trajs': 56, 'n_min_trajs': 448, 'n_nonempty_hist': {0: 224, 1: 626, 2: 150}, 'n_both_nonempty': 150, 'n_ttest_run': 150, 'n_significant': {0.05: 71, 0.01: 41, 0.001: 41}, 'frac_significant': {0.05: 0.47333333333333333, 0.01: 0.2733333333333333, 0.001: 0.2733333333333333}}, 'upright (joint_up)': {'n_pairs': 1000, 'n_max_trajs': 560, 'n_min_trajs': 280, 'n_nonempty_hist': {0: 21, 1: 872, 2: 107}, 'n_both_nonempty': 107, 'n_ttest_run': 97, 'n_significant': {0.05: 92, 0.01: 84, 0.001: 0}, 'frac_significant': {0.05: 0.9484536082474226, 0.01: 0.865979381443299, 0.001: 0.0}}}}"
1,2,8,results/frozen_sirl_ts/frozen_sirl_ts_1786633624.pth,https://wandb.ai/m1randa-massachusetts-institute-of-technology/tversky-sirl/runs/qjf8hdbz,"{'laptop (computer_dist)': {'n_pairs': 1000, 'n_max_trajs': 56, 'n_min_trajs': 448, 'n_nonempty_hist': {0: 133, 1: 572, 2: 295}, 'n_both_nonempty': 295, 'n_ttest_run': 295, 'n_significant': {0.05: 12, 0.01: 0, 0.001: 0}, 'frac_significant': {0.05: 0.04067796610169491, 0.01: 0.0, 0.001: 0.0}}, 'upright (joint_up)': {'n_pairs': 1000, 'n_max_trajs': 560, 'n_min_trajs': 280, 'n_nonempty_hist': {0: 4, 1: 921, 2: 75}, 'n_both_nonempty': 75, 'n_ttest_run': 0, 'n_significant': {0.05: 0, 0.01: 0, 0.001: 0}, 'frac_significant': {0.05: 0.0, 0.01: 0.0, 0.001: 0.0}}}","{'sim_only': {'laptop (computer_dist)': {'n_pairs': 1000, 'n_max_trajs': 56, 'n_min_trajs': 448, 'n_nonempty_hist': {0: 133, 1: 572, 2: 295}, 'n_both_nonempty': 295, 'n_ttest_run': 295, 'n_significant': {0.05: 12, 0.01: 0, 0.001: 0}, 'frac_significant': {0.05: 0.04067796610169491, 0.01: 0.0, 0.001: 0.0}}, 'upright (joint_up)': {'n_pairs': 1000, 'n_max_trajs': 560, 'n_min_trajs': 280, 'n_nonempty_hist': {0: 4, 1: 921, 2: 75}, 'n_both_nonempty': 75, 'n_ttest_run': 0, 'n_significant': {0.05: 0, 0.01: 0, 0.001: 0}, 'frac_significant': {0.05: 0.0, 0.01: 0.0, 0.001: 0.0}}}}"
2,2,8,results/frozen_sirl_ts/frozen_sirl_ts_1786633635.pth,https://wandb.ai/m1randa-massachusetts-institute-of-technology/tversky-sirl/runs/ruj10xb8,"{'laptop (computer_dist)': {'n_pairs': 1000, 'n_max_trajs': 56, 'n_min_trajs': 448, 'n_nonempty_hist': {0: 116, 1: 127, 2: 757}, 'n_both_nonempty': 757, 'n_ttest_run': 757, 'n_significant': {0.05: 389, 0.01: 342, 0.001: 299}, 'frac_significant': {0.05: 0.5138705416116248, 0.01: 0.45178335535006603, 0.001: 0.3949801849405548}}, 'upright (joint_up)': {'n_pairs': 1000, 'n_max_trajs': 560, 'n_min_trajs': 280, 'n_nonempty_hist': {0: 6, 1: 20, 2: 974}, 'n_both_nonempty': 974, 'n_ttest_run': 937, 'n_significant': {0.05: 937, 0.01: 937, 0.001: 0}, 'frac_significant': {0.05: 1.0, 0.01: 1.0, 0.001: 0.0}}}","{'sim_only': {'laptop (computer_dist)': {'n_pairs': 1000, 'n_max_trajs': 56, 'n_min_trajs': 448, 'n_nonempty_hist': {0: 116, 1: 127, 2: 757}, 'n_both_nonempty': 757, 'n_ttest_run': 757, 'n_significant': {0.05: 389, 0.01: 342, 0.001: 299}, 'frac_significant': {0.05: 0.5138705416116248, 0.01: 0.45178335535006603, 0.001: 0.3949801849405548}}, 'upright (joint_up)': {'n_pairs': 1000, 'n_max_trajs': 560, 'n_min_trajs': 280, 'n_nonempty_hist': {0: 6, 1: 20, 2: 974}, 'n_both_nonempty': 974, 'n_ttest_run': 937, 'n_significant': {0.05: 937, 0.01: 937, 0.001: 0}, 'frac_significant': {0.05: 1.0, 0.01: 1.0, 0.001: 0.0}}}}"
0,2,16,results/frozen_sirl_ts/frozen_sirl_ts_1786633646.pth,https://wandb.ai/m1randa-massachusetts-institute-of-technology/tversky-sirl/runs/vuona1ol,"{'laptop (computer_dist)': {'n_pairs': 1000, 'n_max_trajs': 56, 'n_min_trajs': 448, 'n_nonempty_hist': {0: 188, 1: 569, 2: 243}, 'n_both_nonempty': 243, 'n_ttest_run': 243, 'n_significant': {0.05: 72, 0.01: 49, 0.001: 49}, 'frac_significant': {0.05: 0.2962962962962963, 0.01: 0.20164609053497942, 0.001: 0.20164609053497942}}, 'upright (joint_up)': {'n_pairs': 1000, 'n_max_trajs': 560, 'n_min_trajs': 280, 'n_nonempty_hist': {0: 8, 1: 877, 2: 115}, 'n_both_nonempty': 115, 'n_ttest_run': 112, 'n_significant': {0.05: 104, 0.01: 101, 0.001: 0}, 'frac_significant': {0.05: 0.9285714285714286, 0.01: 0.9017857142857143, 0.001: 0.0}}}","{'sim_only': {'laptop (computer_dist)': {'n_pairs': 1000, 'n_max_trajs': 56, 'n_min_trajs': 448, 'n_nonempty_hist': {0: 188, 1: 569, 2: 243}, 'n_both_nonempty': 243, 'n_ttest_run': 243, 'n_significant': {0.05: 72, 0.01: 49, 0.001: 49}, 'frac_significant': {0.05: 0.2962962962962963, 0.01: 0.20164609053497942, 0.001: 0.20164609053497942}}, 'upright (joint_up)': {'n_pairs': 1000, 'n_max_trajs': 560, 'n_min_trajs': 280, 'n_nonempty_hist': {0: 8, 1: 877, 2: 115}, 'n_both_nonempty': 115, 'n_ttest_run': 112, 'n_significant': {0.05: 104, 0.01: 101, 0.001: 0}, 'frac_significant': {0.05: 0.9285714285714286, 0.01: 0.9017857142857143, 0.001: 0.0}}}}"
1,2,16,results/frozen_sirl_ts/frozen_sirl_ts_1786633656.pth,https://wandb.ai/m1randa-massachusetts-institute-of-technology/tversky-sirl/runs/u6u19bnf,"{'laptop (computer_dist)': {'n_pairs': 1000, 'n_max_trajs': 56, 'n_min_trajs': 448, 'n_nonempty_hist': {0: 135, 1: 26, 2: 839}, 'n_both_nonempty': 839, 'n_ttest_run': 839, 'n_significant': {0.05: 97, 0.01: 0, 0.001: 0}, 'frac_significant': {0.05: 0.11561382598331346, 0.01: 0.0, 0.001: 0.0}}, 'upright (joint_up)': {'n_pairs': 1000, 'n_max_trajs': 560, 'n_min_trajs': 280, 'n_nonempty_hist': {0: 3, 1: 3, 2: 994}, 'n_both_nonempty': 994, 'n_ttest_run': 878, 'n_significant': {0.05: 878, 0.01: 878, 0.001: 878}, 'frac_significant': {0.05: 1.0, 0.01: 1.0, 0.001: 1.0}}}","{'sim_only': {'laptop (computer_dist)': {'n_pairs': 1000, 'n_max_trajs': 56, 'n_min_trajs': 448, 'n_nonempty_hist': {0: 135, 1: 26, 2: 839}, 'n_both_nonempty': 839, 'n_ttest_run': 839, 'n_significant': {0.05: 97, 0.01: 0, 0.001: 0}, 'frac_significant': {0.05: 0.11561382598331346, 0.01: 0.0, 0.001: 0.0}}, 'upright (joint_up)': {'n_pairs': 1000, 'n_max_trajs': 560, 'n_min_trajs': 280, 'n_nonempty_hist': {0: 3, 1: 3, 2: 994}, 'n_both_nonempty': 994, 'n_ttest_run': 878, 'n_significant': {0.05: 878, 0.01: 878, 0.001: 878}, 'frac_significant': {0.05: 1.0, 0.01: 1.0, 0.001: 1.0}}}}"
2,2,16,results/frozen_sirl_ts/frozen_sirl_ts_1786633667.pth,https://wandb.ai/m1randa-massachusetts-institute-of-technology/tversky-sirl/runs/g6eg640u,"{'laptop (computer_dist)': {'n_pairs': 1000, 'n_max_trajs': 56, 'n_min_trajs': 448, 'n_nonempty_hist': {0: 122, 1: 2, 2: 876}, 'n_both_nonempty': 876, 'n_ttest_run': 874, 'n_significant': {0.05: 410, 0.01: 378, 0.001: 312}, 'frac_significant': {0.05: 0.4691075514874142, 0.01: 0.43249427917620137, 0.001: 0.35697940503432496}}, 'upright (joint_up)': {'n_pairs': 1000, 'n_max_trajs': 560, 'n_min_trajs': 280, 'n_nonempty_hist': {0: 5, 1: 0, 2: 995}, 'n_both_nonempty': 995, 'n_ttest_run': 974, 'n_significant': {0.05: 970, 0.01: 970, 0.001: 0}, 'frac_significant': {0.05: 0.9958932238193019, 0.01: 0.9958932238193019, 0.001: 0.0}}}","{'sim_only': {'laptop (computer_dist)': {'n_pairs': 1000, 'n_max_trajs': 56, 'n_min_trajs': 448, 'n_nonempty_hist': {0: 122, 1: 2, 2: 876}, 'n_both_nonempty': 876, 'n_ttest_run': 874, 'n_significant': {0.05: 410, 0.01: 378, 0.001: 312}, 'frac_significant': {0.05: 0.4691075514874142, 0.01: 0.43249427917620137, 0.001: 0.35697940503432496}}, 'upright (joint_up)': {'n_pairs': 1000, 'n_max_trajs': 560, 'n_min_trajs': 280, 'n_nonempty_hist': {0: 5, 1: 0, 2: 995}, 'n_both_nonempty': 995, 'n_ttest_run': 974, 'n_significant': {0.05: 970, 0.01: 970, 0.001: 0}, 'frac_significant': {0.05: 0.9958932238193019, 0.01: 0.9958932238193019, 0.001: 0.0}}}}"
0,2,32,results/frozen_sirl_ts/frozen_sirl_ts_1786633679.pth,https://wandb.ai/m1randa-massachusetts-institute-of-technology/tversky-sirl/runs/1i1yswfg,"{'laptop (computer_dist)': {'n_pairs': 1000, 'n_max_trajs': 56, 'n_min_trajs': 448, 'n_nonempty_hist': {0: 106, 1: 12, 2: 882}, 'n_both_nonempty': 882, 'n_ttest_run': 828, 'n_significant': {0.05: 389, 0.01: 181, 0.001: 67}, 'frac_significant': {0.05: 0.46980676328502413, 0.01: 0.21859903381642512, 0.001: 0.08091787439613526}}, 'upright (joint_up)': {'n_pairs': 1000, 'n_max_trajs': 560, 'n_min_trajs': 280, 'n_nonempty_hist': {0: 4, 1: 1, 2: 995}, 'n_both_nonempty': 995, 'n_ttest_run': 965, 'n_significant': {0.05: 951, 0.01: 937, 0.001: 845}, 'frac_significant': {0.05: 0.9854922279792746, 0.01: 0.9709844559585492, 0.001: 0.8756476683937824}}}","{'sim_only': {'laptop (computer_dist)': {'n_pairs': 1000, 'n_max_trajs': 56, 'n_min_trajs': 448, 'n_nonempty_hist': {0: 106, 1: 12, 2: 882}, 'n_both_nonempty': 882, 'n_ttest_run': 828, 'n_significant': {0.05: 389, 0.01: 181, 0.001: 67}, 'frac_significant': {0.05: 0.46980676328502413, 0.01: 0.21859903381642512, 0.001: 0.08091787439613526}}, 'upright (joint_up)': {'n_pairs': 1000, 'n_max_trajs': 560, 'n_min_trajs': 280, 'n_nonempty_hist': {0: 4, 1: 1, 2: 995}, 'n_both_nonempty': 995, 'n_ttest_run': 965, 'n_significant': {0.05: 951, 0.01: 937, 0.001: 845}, 'frac_significant': {0.05: 0.9854922279792746, 0.01: 0.9709844559585492, 0.001: 0.8756476683937824}}}}"
1,2,32,results/frozen_sirl_ts/frozen_sirl_ts_1786633691.pth,https://wandb.ai/m1randa-massachusetts-institute-of-technology/tversky-sirl/runs/vim0kmcl,"{'laptop (computer_dist)': {'n_pairs': 1000, 'n_max_trajs': 56, 'n_min_trajs': 448, 'n_nonempty_hist': {0: 132, 1: 66, 2: 802}, 'n_both_nonempty': 802, 'n_ttest_run': 802, 'n_significant': {0.05: 291, 0.01: 11, 0.001: 0}, 'frac_significant': {0.05: 0.3628428927680798, 0.01: 0.01371571072319202, 0.001: 0.0}}, 'upright (joint_up)': {'n_pairs': 1000, 'n_max_trajs': 560, 'n_min_trajs': 280, 'n_nonempty_hist': {0: 6, 1: 3, 2: 991}, 'n_both_nonempty': 991, 'n_ttest_run': 875, 'n_significant': {0.05: 875, 0.01: 875, 0.001: 874}, 'frac_significant': {0.05: 1.0, 0.01: 1.0, 0.001: 0.9988571428571429}}}","{'sim_only': {'laptop (computer_dist)': {'n_pairs': 1000, 'n_max_trajs': 56, 'n_min_trajs': 448, 'n_nonempty_hist': {0: 132, 1: 66, 2: 802}, 'n_both_nonempty': 802, 'n_ttest_run': 802, 'n_significant': {0.05: 291, 0.01: 11, 0.001: 0}, 'frac_significant': {0.05: 0.3628428927680798, 0.01: 0.01371571072319202, 0.001: 0.0}}, 'upright (joint_up)': {'n_pairs': 1000, 'n_max_trajs': 560, 'n_min_trajs': 280, 'n_nonempty_hist': {0: 6, 1: 3, 2: 991}, 'n_both_nonempty': 991, 'n_ttest_run': 875, 'n_significant': {0.05: 875, 0.01: 875, 0.001: 874}, 'frac_significant': {0.05: 1.0, 0.01: 1.0, 0.001: 0.9988571428571429}}}}"
2,2,32,results/frozen_sirl_ts/frozen_sirl_ts_1786633702.pth,https://wandb.ai/m1randa-massachusetts-institute-of-technology/tversky-sirl/runs/3dajfdbo,"{'laptop (computer_dist)': {'n_pairs': 1000, 'n_max_trajs': 56, 'n_min_trajs': 448, 'n_nonempty_hist': {0: 78, 1: 0, 2: 922}, 'n_both_nonempty': 922, 'n_ttest_run': 871, 'n_significant': {0.05: 409, 0.01: 316, 0.001: 283}, 'frac_significant': {0.05: 0.4695752009184845, 0.01: 0.36280137772675086, 0.001: 0.3249138920780712}}, 'upright (joint_up)': {'n_pairs': 1000, 'n_max_trajs': 560, 'n_min_trajs': 280, 'n_nonempty_hist': {0: 4, 1: 0, 2: 996}, 'n_both_nonempty': 996, 'n_ttest_run': 988, 'n_significant': {0.05: 962, 0.01: 942, 0.001: 39}, 'frac_significant': {0.05: 0.9736842105263158, 0.01: 0.9534412955465587, 0.001: 0.039473684210526314}}}","{'sim_only': {'laptop (computer_dist)': {'n_pairs': 1000, 'n_max_trajs': 56, 'n_min_trajs': 448, 'n_nonempty_hist': {0: 78, 1: 0, 2: 922}, 'n_both_nonempty': 922, 'n_ttest_run': 871, 'n_significant': {0.05: 409, 0.01: 316, 0.001: 283}, 'frac_significant': {0.05: 0.4695752009184845, 0.01: 0.36280137772675086, 0.001: 0.3249138920780712}}, 'upright (joint_up)': {'n_pairs': 1000, 'n_max_trajs': 560, 'n_min_trajs': 280, 'n_nonempty_hist': {0: 4, 1: 0, 2: 996}, 'n_both_nonempty': 996, 'n_ttest_run': 988, 'n_significant': {0.05: 962, 0.01: 942, 0.001: 39}, 'frac_significant': {0.05: 0.9736842105263158, 0.01: 0.9534412955465587, 0.001: 0.039473684210526314}}}}"
0,2,64,results/frozen_sirl_ts/frozen_sirl_ts_1786633714.pth,https://wandb.ai/m1randa-massachusetts-institute-of-technology/tversky-sirl/runs/lxvs47cl,"{'laptop (computer_dist)': {'n_pairs': 1000, 'n_max_trajs': 56, 'n_min_trajs': 448, 'n_nonempty_hist': {0: 63, 1: 0, 2: 937}, 'n_both_nonempty': 937, 'n_ttest_run': 932, 'n_significant': {0.05: 218, 0.01: 109, 0.001: 46}, 'frac_significant': {0.05: 0.23390557939914164, 0.01: 0.11695278969957082, 0.001: 0.04935622317596566}}, 'upright (joint_up)': {'n_pairs': 1000, 'n_max_trajs': 560, 'n_min_trajs': 280, 'n_nonempty_hist': {0: 4, 1: 0, 2: 996}, 'n_both_nonempty': 996, 'n_ttest_run': 996, 'n_significant': {0.05: 954, 0.01: 766, 0.001: 398}, 'frac_significant': {0.05: 0.9578313253012049, 0.01: 0.7690763052208835, 0.001: 0.39959839357429716}}}","{'sim_only': {'laptop (computer_dist)': {'n_pairs': 1000, 'n_max_trajs': 56, 'n_min_trajs': 448, 'n_nonempty_hist': {0: 63, 1: 0, 2: 937}, 'n_both_nonempty': 937, 'n_ttest_run': 932, 'n_significant': {0.05: 218, 0.01: 109, 0.001: 46}, 'frac_significant': {0.05: 0.23390557939914164, 0.01: 0.11695278969957082, 0.001: 0.04935622317596566}}, 'upright (joint_up)': {'n_pairs': 1000, 'n_max_trajs': 560, 'n_min_trajs': 280, 'n_nonempty_hist': {0: 4, 1: 0, 2: 996}, 'n_both_nonempty': 996, 'n_ttest_run': 996, 'n_significant': {0.05: 954, 0.01: 766, 0.001: 398}, 'frac_significant': {0.05: 0.9578313253012049, 0.01: 0.7690763052208835, 0.001: 0.39959839357429716}}}}"
1,2,64,results/frozen_sirl_ts/frozen_sirl_ts_1786633725.pth,https://wandb.ai/m1randa-massachusetts-institute-of-technology/tversky-sirl/runs/fikmhf70,"{'laptop (computer_dist)': {'n_pairs': 1000, 'n_max_trajs': 56, 'n_min_trajs': 448, 'n_nonempty_hist': {0: 83, 1: 0, 2: 917}, 'n_both_nonempty': 917, 'n_ttest_run': 917, 'n_significant': {0.05: 258, 0.01: 54, 0.001: 17}, 'frac_significant': {0.05: 0.2813522355507088, 0.01: 0.05888767720828789, 0.001: 0.018538713195201745}}, 'upright (joint_up)': {'n_pairs': 1000, 'n_max_trajs': 560, 'n_min_trajs': 280, 'n_nonempty_hist': {0: 2, 1: 0, 2: 998}, 'n_both_nonempty': 998, 'n_ttest_run': 984, 'n_significant': {0.05: 943, 0.01: 942, 0.001: 934}, 'frac_significant': {0.05: 0.9583333333333334, 0.01: 0.9573170731707317, 0.001: 0.9491869918699187}}}","{'sim_only': {'laptop (computer_dist)': {'n_pairs': 1000, 'n_max_trajs': 56, 'n_min_trajs': 448, 'n_nonempty_hist': {0: 83, 1: 0, 2: 917}, 'n_both_nonempty': 917, 'n_ttest_run': 917, 'n_significant': {0.05: 258, 0.01: 54, 0.001: 17}, 'frac_significant': {0.05: 0.2813522355507088, 0.01: 0.05888767720828789, 0.001: 0.018538713195201745}}, 'upright (joint_up)': {'n_pairs': 1000, 'n_max_trajs': 560, 'n_min_trajs': 280, 'n_nonempty_hist': {0: 2, 1: 0, 2: 998}, 'n_both_nonempty': 998, 'n_ttest_run': 984, 'n_significant': {0.05: 943, 0.01: 942, 0.001: 934}, 'frac_significant': {0.05: 0.9583333333333334, 0.01: 0.9573170731707317, 0.001: 0.9491869918699187}}}}"
2,2,64,results/frozen_sirl_ts/frozen_sirl_ts_1786633737.pth,https://wandb.ai/m1randa-massachusetts-institute-of-technology/tversky-sirl/runs/hj3nxm92,"{'laptop (computer_dist)': {'n_pairs': 1000, 'n_max_trajs': 56, 'n_min_trajs': 448, 'n_nonempty_hist': {0: 66, 1: 197, 2: 737}, 'n_both_nonempty': 737, 'n_ttest_run': 737, 'n_significant': {0.05: 145, 0.01: 1, 0.001: 0}, 'frac_significant': {0.05: 0.19674355495251017, 0.01: 0.0013568521031207597, 0.001: 0.0}}, 'upright (joint_up)': {'n_pairs': 1000, 'n_max_trajs': 560, 'n_min_trajs': 280, 'n_nonempty_hist': {0: 2, 1: 230, 2: 768}, 'n_both_nonempty': 768, 'n_ttest_run': 723, 'n_significant': {0.05: 723, 0.01: 0, 0.001: 0}, 'frac_significant': {0.05: 1.0, 0.01: 0.0, 0.001: 0.0}}}","{'sim_only': {'laptop (computer_dist)': {'n_pairs': 1000, 'n_max_trajs': 56, 'n_min_trajs': 448, 'n_nonempty_hist': {0: 66, 1: 197, 2: 737}, 'n_both_nonempty': 737, 'n_ttest_run': 737, 'n_significant': {0.05: 145, 0.01: 1, 0.001: 0}, 'frac_significant': {0.05: 0.19674355495251017, 0.01: 0.0013568521031207597, 0.001: 0.0}}, 'upright (joint_up)': {'n_pairs': 1000, 'n_max_trajs': 560, 'n_min_trajs': 280, 'n_nonempty_hist': {0: 2, 1: 230, 2: 768}, 'n_both_nonempty': 768, 'n_ttest_run': 723, 'n_significant': {0.05: 723, 0.01: 0, 0.001: 0}, 'frac_significant': {0.05: 1.0, 0.01: 0.0, 0.001: 0.0}}}}"
0,2,128,results/frozen_sirl_ts/frozen_sirl_ts_1786633749.pth,https://wandb.ai/m1randa-massachusetts-institute-of-technology/tversky-sirl/runs/pcoa7u56,"{'laptop (computer_dist)': {'n_pairs': 1000, 'n_max_trajs': 56, 'n_min_trajs': 448, 'n_nonempty_hist': {0: 71, 1: 0, 2: 929}, 'n_both_nonempty': 929, 'n_ttest_run': 833, 'n_significant': {0.05: 388, 0.01: 217, 0.001: 48}, 'frac_significant': {0.05: 0.4657863145258103, 0.01: 0.2605042016806723, 0.001: 0.057623049219687875}}, 'upright (joint_up)': {'n_pairs': 1000, 'n_max_trajs': 560, 'n_min_trajs': 280, 'n_nonempty_hist': {0: 2, 1: 0, 2: 998}, 'n_both_nonempty': 998, 'n_ttest_run': 998, 'n_significant': {0.05: 924, 0.01: 924, 0.001: 576}, 'frac_significant': {0.05: 0.9258517034068137, 0.01: 0.9258517034068137, 0.001: 0.5771543086172345}}}","{'sim_only': {'laptop (computer_dist)': {'n_pairs': 1000, 'n_max_trajs': 56, 'n_min_trajs': 448, 'n_nonempty_hist': {0: 71, 1: 0, 2: 929}, 'n_both_nonempty': 929, 'n_ttest_run': 833, 'n_significant': {0.05: 388, 0.01: 217, 0.001: 48}, 'frac_significant': {0.05: 0.4657863145258103, 0.01: 0.2605042016806723, 0.001: 0.057623049219687875}}, 'upright (joint_up)': {'n_pairs': 1000, 'n_max_trajs': 560, 'n_min_trajs': 280, 'n_nonempty_hist': {0: 2, 1: 0, 2: 998}, 'n_both_nonempty': 998, 'n_ttest_run': 998, 'n_significant': {0.05: 924, 0.01: 924, 0.001: 576}, 'frac_significant': {0.05: 0.9258517034068137, 0.01: 0.9258517034068137, 0.001: 0.5771543086172345}}}}"
1,2,128,results/frozen_sirl_ts/frozen_sirl_ts_1786633761.pth,https://wandb.ai/m1randa-massachusetts-institute-of-technology/tversky-sirl/runs/m9vwqchf,"{'laptop (computer_dist)': {'n_pairs': 1000, 'n_max_trajs': 56, 'n_min_trajs': 448, 'n_nonempty_hist': {0: 30, 1: 103, 2: 867}, 'n_both_nonempty': 867, 'n_ttest_run': 846, 'n_significant': {0.05: 474, 0.01: 211, 0.001: 112}, 'frac_significant': {0.05: 0.5602836879432624, 0.01: 0.24940898345153664, 0.001: 0.13238770685579196}}, 'upright (joint_up)': {'n_pairs': 1000, 'n_max_trajs': 560, 'n_min_trajs': 280, 'n_nonempty_hist': {0: 3, 1: 98, 2: 899}, 'n_both_nonempty': 899, 'n_ttest_run': 700, 'n_significant': {0.05: 650, 0.01: 648, 0.001: 609}, 'frac_significant': {0.05: 0.9285714285714286, 0.01: 0.9257142857142857, 0.001: 0.87}}}","{'sim_only': {'laptop (computer_dist)': {'n_pairs': 1000, 'n_max_trajs': 56, 'n_min_trajs': 448, 'n_nonempty_hist': {0: 30, 1: 103, 2: 867}, 'n_both_nonempty': 867, 'n_ttest_run': 846, 'n_significant': {0.05: 474, 0.01: 211, 0.001: 112}, 'frac_significant': {0.05: 0.5602836879432624, 0.01: 0.24940898345153664, 0.001: 0.13238770685579196}}, 'upright (joint_up)': {'n_pairs': 1000, 'n_max_trajs': 560, 'n_min_trajs': 280, 'n_nonempty_hist': {0: 3, 1: 98, 2: 899}, 'n_both_nonempty': 899, 'n_ttest_run': 700, 'n_significant': {0.05: 650, 0.01: 648, 0.001: 609}, 'frac_significant': {0.05: 0.9285714285714286, 0.01: 0.9257142857142857, 0.001: 0.87}}}}"
2,2,128,results/frozen_sirl_ts/frozen_sirl_ts_1786633773.pth,https://wandb.ai/m1randa-massachusetts-institute-of-technology/tversky-sirl/runs/1ql590p3,"{'laptop (computer_dist)': {'n_pairs': 1000, 'n_max_trajs': 56, 'n_min_trajs': 448, 'n_nonempty_hist': {0: 41, 1: 100, 2: 859}, 'n_both_nonempty': 859, 'n_ttest_run': 859, 'n_significant': {0.05: 105, 0.01: 16, 0.001: 0}, 'frac_significant': {0.05: 0.12223515715948778, 0.01: 0.018626309662398137, 0.001: 0.0}}, 'upright (joint_up)': {'n_pairs': 1000, 'n_max_trajs': 560, 'n_min_trajs': 280, 'n_nonempty_hist': {0: 2, 1: 199, 2: 799}, 'n_both_nonempty': 799, 'n_ttest_run': 767, 'n_significant': {0.05: 686, 0.01: 0, 0.001: 0}, 'frac_significant': {0.05: 0.894393741851369, 0.01: 0.0, 0.001: 0.0}}}","{'sim_only': {'laptop (computer_dist)': {'n_pairs': 1000, 'n_max_trajs': 56, 'n_min_trajs': 448, 'n_nonempty_hist': {0: 41, 1: 100, 2: 859}, 'n_both_nonempty': 859, 'n_ttest_run': 859, 'n_significant': {0.05: 105, 0.01: 16, 0.001: 0}, 'frac_significant': {0.05: 0.12223515715948778, 0.01: 0.018626309662398137, 0.001: 0.0}}, 'upright (joint_up)': {'n_pairs': 1000, 'n_max_trajs': 560, 'n_min_trajs': 280, 'n_nonempty_hist': {0: 2, 1: 199, 2: 799}, 'n_both_nonempty': 799, 'n_ttest_run': 767, 'n_significant': {0.05: 686, 0.01: 0, 0.001: 0}, 'frac_significant': {0.05: 0.894393741851369, 0.01: 0.0, 0.001: 0.0}}}}"
0,2,256,results/frozen_sirl_ts/frozen_sirl_ts_1786633785.pth,https://wandb.ai/m1randa-massachusetts-institute-of-technology/tversky-sirl/runs/799d5pk5,"{'laptop (computer_dist)': {'n_pairs': 1000, 'n_max_trajs': 56, 'n_min_trajs': 448, 'n_nonempty_hist': {0: 84, 1: 0, 2: 916}, 'n_both_nonempty': 916, 'n_ttest_run': 911, 'n_significant': {0.05: 507, 0.01: 188, 0.001: 54}, 'frac_significant': {0.05: 0.5565312843029637, 0.01: 0.20636663007683864, 0.001: 0.059275521405049394}}, 'upright (joint_up)': {'n_pairs': 1000, 'n_max_trajs': 560, 'n_min_trajs': 280, 'n_nonempty_hist': {0: 5, 1: 0, 2: 995}, 'n_both_nonempty': 995, 'n_ttest_run': 995, 'n_significant': {0.05: 925, 0.01: 925, 0.001: 822}, 'frac_significant': {0.05: 0.9296482412060302, 0.01: 0.9296482412060302, 0.001: 0.8261306532663316}}}","{'sim_only': {'laptop (computer_dist)': {'n_pairs': 1000, 'n_max_trajs': 56, 'n_min_trajs': 448, 'n_nonempty_hist': {0: 84, 1: 0, 2: 916}, 'n_both_nonempty': 916, 'n_ttest_run': 911, 'n_significant': {0.05: 507, 0.01: 188, 0.001: 54}, 'frac_significant': {0.05: 0.5565312843029637, 0.01: 0.20636663007683864, 0.001: 0.059275521405049394}}, 'upright (joint_up)': {'n_pairs': 1000, 'n_max_trajs': 560, 'n_min_trajs': 280, 'n_nonempty_hist': {0: 5, 1: 0, 2: 995}, 'n_both_nonempty': 995, 'n_ttest_run': 995, 'n_significant': {0.05: 925, 0.01: 925, 0.001: 822}, 'frac_significant': {0.05: 0.9296482412060302, 0.01: 0.9296482412060302, 0.001: 0.8261306532663316}}}}"
1,2,256,results/frozen_sirl_ts/frozen_sirl_ts_1786633799.pth,https://wandb.ai/m1randa-massachusetts-institute-of-technology/tversky-sirl/runs/z1yrymbb,"{'laptop (computer_dist)': {'n_pairs': 1000, 'n_max_trajs': 56, 'n_min_trajs': 448, 'n_nonempty_hist': {0: 65, 1: 36, 2: 899}, 'n_both_nonempty': 899, 'n_ttest_run': 881, 'n_significant': {0.05: 581, 0.01: 211, 0.001: 181}, 'frac_significant': {0.05: 0.659477866061294, 0.01: 0.2395005675368899, 0.001: 0.2054483541430193}}, 'upright (joint_up)': {'n_pairs': 1000, 'n_max_trajs': 560, 'n_min_trajs': 280, 'n_nonempty_hist': {0: 8, 1: 45, 2: 947}, 'n_both_nonempty': 947, 'n_ttest_run': 758, 'n_significant': {0.05: 616, 0.01: 610, 0.001: 566}, 'frac_significant': {0.05: 0.8126649076517151, 0.01: 0.8047493403693932, 0.001: 0.7467018469656992}}}","{'sim_only': {'laptop (computer_dist)': {'n_pairs': 1000, 'n_max_trajs': 56, 'n_min_trajs': 448, 'n_nonempty_hist': {0: 65, 1: 36, 2: 899}, 'n_both_nonempty': 899, 'n_ttest_run': 881, 'n_significant': {0.05: 581, 0.01: 211, 0.001: 181}, 'frac_significant': {0.05: 0.659477866061294, 0.01: 0.2395005675368899, 0.001: 0.2054483541430193}}, 'upright (joint_up)': {'n_pairs': 1000, 'n_max_trajs': 560, 'n_min_trajs': 280, 'n_nonempty_hist': {0: 8, 1: 45, 2: 947}, 'n_both_nonempty': 947, 'n_ttest_run': 758, 'n_significant': {0.05: 616, 0.01: 610, 0.001: 566}, 'frac_significant': {0.05: 0.8126649076517151, 0.01: 0.8047493403693932, 0.001: 0.7467018469656992}}}}"
2,2,256,results/frozen_sirl_ts/frozen_sirl_ts_1786633814.pth,https://wandb.ai/m1randa-massachusetts-institute-of-technology/tversky-sirl/runs/ptvyfwxf,"{'laptop (computer_dist)': {'n_pairs': 1000, 'n_max_trajs': 56, 'n_min_trajs': 448, 'n_nonempty_hist': {0: 84, 1: 91, 2: 825}, 'n_both_nonempty': 825, 'n_ttest_run': 825, 'n_significant': {0.05: 128, 0.01: 24, 0.001: 0}, 'frac_significant': {0.05: 0.15515151515151515, 0.01: 0.02909090909090909, 0.001: 0.0}}, 'upright (joint_up)': {'n_pairs': 1000, 'n_max_trajs': 560, 'n_min_trajs': 280, 'n_nonempty_hist': {0: 5, 1: 172, 2: 823}, 'n_both_nonempty': 823, 'n_ttest_run': 800, 'n_significant': {0.05: 689, 0.01: 0, 0.001: 0}, 'frac_significant': {0.05: 0.86125, 0.01: 0.0, 0.001: 0.0}}}","{'sim_only': {'laptop (computer_dist)': {'n_pairs': 1000, 'n_max_trajs': 56, 'n_min_trajs': 448, 'n_nonempty_hist': {0: 84, 1: 91, 2: 825}, 'n_both_nonempty': 825, 'n_ttest_run': 825, 'n_significant': {0.05: 128, 0.01: 24, 0.001: 0}, 'frac_significant': {0.05: 0.15515151515151515, 0.01: 0.02909090909090909, 0.001: 0.0}}, 'upright (joint_up)': {'n_pairs': 1000, 'n_max_trajs': 560, 'n_min_trajs': 280, 'n_nonempty_hist': {0: 5, 1: 172, 2: 823}, 'n_both_nonempty': 823, 'n_ttest_run': 800, 'n_significant': {0.05: 689, 0.01: 0, 0.001: 0}, 'frac_significant': {0.05: 0.86125, 0.01: 0.0, 0.001: 0.0}}}}"
0,4,2,results/frozen_sirl_ts/frozen_sirl_ts_1786633828.pth,https://wandb.ai/m1randa-massachusetts-institute-of-technology/tversky-sirl/runs/q9wnpy67,"{'laptop (computer_dist)': {'n_pairs': 1000, 'n_max_trajs': 56, 'n_min_trajs': 448, 'n_nonempty_hist': {0: 201, 1: 760, 2: 39}, 'n_both_nonempty': 39, 'n_ttest_run': 39, 'n_significant': {0.05: 33, 0.01: 33, 0.001: 0}, 'frac_significant': {0.05: 0.8461538461538461, 0.01: 0.8461538461538461, 0.001: 0.0}}, 'upright (joint_up)': {'n_pairs': 1000, 'n_max_trajs': 560, 'n_min_trajs': 280, 'n_nonempty_hist': {0: 227, 1: 702, 2: 71}, 'n_both_nonempty': 71, 'n_ttest_run': 71, 'n_significant': {0.05: 0, 0.01: 0, 0.001: 0}, 'frac_significant': {0.05: 0.0, 0.01: 0.0, 0.001: 0.0}}}","{'sim_only': {'laptop (computer_dist)': {'n_pairs': 1000, 'n_max_trajs': 56, 'n_min_trajs': 448, 'n_nonempty_hist': {0: 201, 1: 760, 2: 39}, 'n_both_nonempty': 39, 'n_ttest_run': 39, 'n_significant': {0.05: 33, 0.01: 33, 0.001: 0}, 'frac_significant': {0.05: 0.8461538461538461, 0.01: 0.8461538461538461, 0.001: 0.0}}, 'upright (joint_up)': {'n_pairs': 1000, 'n_max_trajs': 560, 'n_min_trajs': 280, 'n_nonempty_hist': {0: 227, 1: 702, 2: 71}, 'n_both_nonempty': 71, 'n_ttest_run': 71, 'n_significant': {0.05: 0, 0.01: 0, 0.001: 0}, 'frac_significant': {0.05: 0.0, 0.01: 0.0, 0.001: 0.0}}}}"
1,4,2,results/frozen_sirl_ts/frozen_sirl_ts_1786633840.pth,https://wandb.ai/m1randa-massachusetts-institute-of-technology/tversky-sirl/runs/a5qmvmgr,"{'laptop (computer_dist)': {'n_pairs': 1000, 'n_max_trajs': 56, 'n_min_trajs': 448, 'n_nonempty_hist': {0: 256, 1: 350, 2: 394}, 'n_both_nonempty': 394, 'n_ttest_run': 394, 'n_significant': {0.05: 359, 0.01: 0, 0.001: 0}, 'frac_significant': {0.05: 0.9111675126903553, 0.01: 0.0, 0.001: 0.0}}, 'upright (joint_up)': {'n_pairs': 1000, 'n_max_trajs': 560, 'n_min_trajs': 280, 'n_nonempty_hist': {0: 83, 1: 505, 2: 412}, 'n_both_nonempty': 412, 'n_ttest_run': 412, 'n_significant': {0.05: 407, 0.01: 0, 0.001: 0}, 'frac_significant': {0.05: 0.9878640776699029, 0.01: 0.0, 0.001: 0.0}}}","{'sim_only': {'laptop (computer_dist)': {'n_pairs': 1000, 'n_max_trajs': 56, 'n_min_trajs': 448, 'n_nonempty_hist': {0: 256, 1: 350, 2: 394}, 'n_both_nonempty': 394, 'n_ttest_run': 394, 'n_significant': {0.05: 359, 0.01: 0, 0.001: 0}, 'frac_significant': {0.05: 0.9111675126903553, 0.01: 0.0, 0.001: 0.0}}, 'upright (joint_up)': {'n_pairs': 1000, 'n_max_trajs': 560, 'n_min_trajs': 280, 'n_nonempty_hist': {0: 83, 1: 505, 2: 412}, 'n_both_nonempty': 412, 'n_ttest_run': 412, 'n_significant': {0.05: 407, 0.01: 0, 0.001: 0}, 'frac_significant': {0.05: 0.9878640776699029, 0.01: 0.0, 0.001: 0.0}}}}"
2,4,2,results/frozen_sirl_ts/frozen_sirl_ts_1786633851.pth,https://wandb.ai/m1randa-massachusetts-institute-of-technology/tversky-sirl/runs/afhn9tab,"{'laptop (computer_dist)': {'n_pairs': 1000, 'n_max_trajs': 56, 'n_min_trajs': 448, 'n_nonempty_hist': {0: 292, 1: 190, 2: 518}, 'n_both_nonempty': 518, 'n_ttest_run': 518, 'n_significant': {0.05: 499, 0.01: 499, 0.001: 499}, 'frac_significant': {0.05: 0.9633204633204633, 0.01: 0.9633204633204633, 0.001: 0.9633204633204633}}, 'upright (joint_up)': {'n_pairs': 1000, 'n_max_trajs': 560, 'n_min_trajs': 280, 'n_nonempty_hist': {0: 256, 1: 282, 2: 462}, 'n_both_nonempty': 462, 'n_ttest_run': 462, 'n_significant': {0.05: 422, 0.01: 0, 0.001: 0}, 'frac_significant': {0.05: 0.9134199134199135, 0.01: 0.0, 0.001: 0.0}}}","{'sim_only': {'laptop (computer_dist)': {'n_pairs': 1000, 'n_max_trajs': 56, 'n_min_trajs': 448, 'n_nonempty_hist': {0: 292, 1: 190, 2: 518}, 'n_both_nonempty': 518, 'n_ttest_run': 518, 'n_significant': {0.05: 499, 0.01: 499, 0.001: 499}, 'frac_significant': {0.05: 0.9633204633204633, 0.01: 0.9633204633204633, 0.001: 0.9633204633204633}}, 'upright (joint_up)': {'n_pairs': 1000, 'n_max_trajs': 560, 'n_min_trajs': 280, 'n_nonempty_hist': {0: 256, 1: 282, 2: 462}, 'n_both_nonempty': 462, 'n_ttest_run': 462, 'n_significant': {0.05: 422, 0.01: 0, 0.001: 0}, 'frac_significant': {0.05: 0.9134199134199135, 0.01: 0.0, 0.001: 0.0}}}}"
0,4,4,results/frozen_sirl_ts/frozen_sirl_ts_1786633864.pth,https://wandb.ai/m1randa-massachusetts-institute-of-technology/tversky-sirl/runs/2ycvtb0s,"{'laptop (computer_dist)': {'n_pairs': 1000, 'n_max_trajs': 56, 'n_min_trajs': 448, 'n_nonempty_hist': {0: 33, 1: 688, 2: 279}, 'n_both_nonempty': 279, 'n_ttest_run': 279, 'n_significant': {0.05: 266, 0.01: 266, 0.001: 258}, 'frac_significant': {0.05: 0.953405017921147, 0.01: 0.953405017921147, 0.001: 0.9247311827956989}}, 'upright (joint_up)': {'n_pairs': 1000, 'n_max_trajs': 560, 'n_min_trajs': 280, 'n_nonempty_hist': {0: 104, 1: 576, 2: 320}, 'n_both_nonempty': 320, 'n_ttest_run': 318, 'n_significant': {0.05: 71, 0.01: 61, 0.001: 25}, 'frac_significant': {0.05: 0.22327044025157233, 0.01: 0.1918238993710692, 0.001: 0.07861635220125786}}}","{'sim_only': {'laptop (computer_dist)': {'n_pairs': 1000, 'n_max_trajs': 56, 'n_min_trajs': 448, 'n_nonempty_hist': {0: 33, 1: 688, 2: 279}, 'n_both_nonempty': 279, 'n_ttest_run': 279, 'n_significant': {0.05: 266, 0.01: 266, 0.001: 258}, 'frac_significant': {0.05: 0.953405017921147, 0.01: 0.953405017921147, 0.001: 0.9247311827956989}}, 'upright (joint_up)': {'n_pairs': 1000, 'n_max_trajs': 560, 'n_min_trajs': 280, 'n_nonempty_hist': {0: 104, 1: 576, 2: 320}, 'n_both_nonempty': 320, 'n_ttest_run': 318, 'n_significant': {0.05: 71, 0.01: 61, 0.001: 25}, 'frac_significant': {0.05: 0.22327044025157233, 0.01: 0.1918238993710692, 0.001: 0.07861635220125786}}}}"
1,4,4,results/frozen_sirl_ts/frozen_sirl_ts_1786633874.pth,https://wandb.ai/m1randa-massachusetts-institute-of-technology/tversky-sirl/runs/t5v01d8i,"{'laptop (computer_dist)': {'n_pairs': 1000, 'n_max_trajs': 56, 'n_min_trajs': 448, 'n_nonempty_hist': {0: 17, 1: 472, 2: 511}, 'n_both_nonempty': 511, 'n_ttest_run': 511, 'n_significant': {0.05: 158, 0.01: 20, 0.001: 0}, 'frac_significant': {0.05: 0.30919765166340507, 0.01: 0.03913894324853229, 0.001: 0.0}}, 'upright (joint_up)': {'n_pairs': 1000, 'n_max_trajs': 560, 'n_min_trajs': 280, 'n_nonempty_hist': {0: 11, 1: 416, 2: 573}, 'n_both_nonempty': 573, 'n_ttest_run': 573, 'n_significant': {0.05: 528, 0.01: 520, 0.001: 371}, 'frac_significant': {0.05: 0.9214659685863874, 0.01: 0.9075043630017452, 0.001: 0.6474694589877836}}}","{'sim_only': {'laptop (computer_dist)': {'n_pairs': 1000, 'n_max_trajs': 56, 'n_min_trajs': 448, 'n_nonempty_hist': {0: 17, 1: 472, 2: 511}, 'n_both_nonempty': 511, 'n_ttest_run': 511, 'n_significant': {0.05: 158, 0.01: 20, 0.001: 0}, 'frac_significant': {0.05: 0.30919765166340507, 0.01: 0.03913894324853229, 0.001: 0.0}}, 'upright (joint_up)': {'n_pairs': 1000, 'n_max_trajs': 560, 'n_min_trajs': 280, 'n_nonempty_hist': {0: 11, 1: 416, 2: 573}, 'n_both_nonempty': 573, 'n_ttest_run': 573, 'n_significant': {0.05: 528, 0.01: 520, 0.001: 371}, 'frac_significant': {0.05: 0.9214659685863874, 0.01: 0.9075043630017452, 0.001: 0.6474694589877836}}}}"
2,4,4,results/frozen_sirl_ts/frozen_sirl_ts_1786633886.pth,https://wandb.ai/m1randa-massachusetts-institute-of-technology/tversky-sirl/runs/ed5jhlbc,"{'laptop (computer_dist)': {'n_pairs': 1000, 'n_max_trajs': 56, 'n_min_trajs': 448, 'n_nonempty_hist': {0: 145, 1: 239, 2: 616}, 'n_both_nonempty': 616, 'n_ttest_run': 616, 'n_significant': {0.05: 595, 0.01: 581, 0.001: 580}, 'frac_significant': {0.05: 0.9659090909090909, 0.01: 0.9431818181818182, 0.001: 0.9415584415584416}}, 'upright (joint_up)': {'n_pairs': 1000, 'n_max_trajs': 560, 'n_min_trajs': 280, 'n_nonempty_hist': {0: 38, 1: 383, 2: 579}, 'n_both_nonempty': 579, 'n_ttest_run': 579, 'n_significant': {0.05: 436, 0.01: 60, 0.001: 0}, 'frac_significant': {0.05: 0.7530224525043178, 0.01: 0.10362694300518134, 0.001: 0.0}}}","{'sim_only': {'laptop (computer_dist)': {'n_pairs': 1000, 'n_max_trajs': 56, 'n_min_trajs': 448, 'n_nonempty_hist': {0: 145, 1: 239, 2: 616}, 'n_both_nonempty': 616, 'n_ttest_run': 616, 'n_significant': {0.05: 595, 0.01: 581, 0.001: 580}, 'frac_significant': {0.05: 0.9659090909090909, 0.01: 0.9431818181818182, 0.001: 0.9415584415584416}}, 'upright (joint_up)': {'n_pairs': 1000, 'n_max_trajs': 560, 'n_min_trajs': 280, 'n_nonempty_hist': {0: 38, 1: 383, 2: 579}, 'n_both_nonempty': 579, 'n_ttest_run': 579, 'n_significant': {0.05: 436, 0.01: 60, 0.001: 0}, 'frac_significant': {0.05: 0.7530224525043178, 0.01: 0.10362694300518134, 0.001: 0.0}}}}"
0,4,8,results/frozen_sirl_ts/frozen_sirl_ts_1786633898.pth,https://wandb.ai/m1randa-massachusetts-institute-of-technology/tversky-sirl/runs/m2zm4d3w,"{'laptop (computer_dist)': {'n_pairs': 1000, 'n_max_trajs': 56, 'n_min_trajs': 448, 'n_nonempty_hist': {0: 3, 1: 134, 2: 863}, 'n_both_nonempty': 863, 'n_ttest_run': 817, 'n_significant': {0.05: 736, 0.01: 706, 0.001: 622}, 'frac_significant': {0.05: 0.9008567931456548, 0.01: 0.8641370869033048, 0.001: 0.7613219094247246}}, 'upright (joint_up)': {'n_pairs': 1000, 'n_max_trajs': 560, 'n_min_trajs': 280, 'n_nonempty_hist': {0: 5, 1: 153, 2: 842}, 'n_both_nonempty': 842, 'n_ttest_run': 839, 'n_significant': {0.05: 449, 0.01: 334, 0.001: 92}, 'frac_significant': {0.05: 0.5351609058402861, 0.01: 0.39809296781883197, 0.001: 0.10965435041716329}}}","{'sim_only': {'laptop (computer_dist)': {'n_pairs': 1000, 'n_max_trajs': 56, 'n_min_trajs': 448, 'n_nonempty_hist': {0: 3, 1: 134, 2: 863}, 'n_both_nonempty': 863, 'n_ttest_run': 817, 'n_significant': {0.05: 736, 0.01: 706, 0.001: 622}, 'frac_significant': {0.05: 0.9008567931456548, 0.01: 0.8641370869033048, 0.001: 0.7613219094247246}}, 'upright (joint_up)': {'n_pairs': 1000, 'n_max_trajs': 560, 'n_min_trajs': 280, 'n_nonempty_hist': {0: 5, 1: 153, 2: 842}, 'n_both_nonempty': 842, 'n_ttest_run': 839, 'n_significant': {0.05: 449, 0.01: 334, 0.001: 92}, 'frac_significant': {0.05: 0.5351609058402861, 0.01: 0.39809296781883197, 0.001: 0.10965435041716329}}}}"
1,4,8,results/frozen_sirl_ts/frozen_sirl_ts_1786633910.pth,https://wandb.ai/m1randa-massachusetts-institute-of-technology/tversky-sirl/runs/kohdg2m5,"{'laptop (computer_dist)': {'n_pairs': 1000, 'n_max_trajs': 56, 'n_min_trajs': 448, 'n_nonempty_hist': {0: 1, 1: 126, 2: 873}, 'n_both_nonempty': 873, 'n_ttest_run': 873, 'n_significant': {0.05: 671, 0.01: 655, 0.001: 575}, 'frac_significant': {0.05: 0.7686139747995419, 0.01: 0.7502863688430699, 0.001: 0.6586483390607102}}, 'upright (joint_up)': {'n_pairs': 1000, 'n_max_trajs': 560, 'n_min_trajs': 280, 'n_nonempty_hist': {0: 8, 1: 68, 2: 924}, 'n_both_nonempty': 924, 'n_ttest_run': 924, 'n_significant': {0.05: 747, 0.01: 600, 0.001: 338}, 'frac_significant': {0.05: 0.8084415584415584, 0.01: 0.6493506493506493, 0.001: 0.3658008658008658}}}","{'sim_only': {'laptop (computer_dist)': {'n_pairs': 1000, 'n_max_trajs': 56, 'n_min_trajs': 448, 'n_nonempty_hist': {0: 1, 1: 126, 2: 873}, 'n_both_nonempty': 873, 'n_ttest_run': 873, 'n_significant': {0.05: 671, 0.01: 655, 0.001: 575}, 'frac_significant': {0.05: 0.7686139747995419, 0.01: 0.7502863688430699, 0.001: 0.6586483390607102}}, 'upright (joint_up)': {'n_pairs': 1000, 'n_max_trajs': 560, 'n_min_trajs': 280, 'n_nonempty_hist': {0: 8, 1: 68, 2: 924}, 'n_both_nonempty': 924, 'n_ttest_run': 924, 'n_significant': {0.05: 747, 0.01: 600, 0.001: 338}, 'frac_significant': {0.05: 0.8084415584415584, 0.01: 0.6493506493506493, 0.001: 0.3658008658008658}}}}"
2,4,8,results/frozen_sirl_ts/frozen_sirl_ts_1786633922.pth,https://wandb.ai/m1randa-massachusetts-institute-of-technology/tversky-sirl/runs/693rek9u,"{'laptop (computer_dist)': {'n_pairs': 1000, 'n_max_trajs': 56, 'n_min_trajs': 448, 'n_nonempty_hist': {0: 10, 1: 136, 2: 854}, 'n_both_nonempty': 854, 'n_ttest_run': 722, 'n_significant': {0.05: 651, 0.01: 634, 0.001: 509}, 'frac_significant': {0.05: 0.9016620498614959, 0.01: 0.8781163434903048, 0.001: 0.7049861495844876}}, 'upright (joint_up)': {'n_pairs': 1000, 'n_max_trajs': 560, 'n_min_trajs': 280, 'n_nonempty_hist': {0: 2, 1: 76, 2: 922}, 'n_both_nonempty': 922, 'n_ttest_run': 922, 'n_significant': {0.05: 670, 0.01: 435, 0.001: 265}, 'frac_significant': {0.05: 0.7266811279826464, 0.01: 0.4718004338394794, 0.001: 0.2874186550976139}}}","{'sim_only': {'laptop (computer_dist)': {'n_pairs': 1000, 'n_max_trajs': 56, 'n_min_trajs': 448, 'n_nonempty_hist': {0: 10, 1: 136, 2: 854}, 'n_both_nonempty': 854, 'n_ttest_run': 722, 'n_significant': {0.05: 651, 0.01: 634, 0.001: 509}, 'frac_significant': {0.05: 0.9016620498614959, 0.01: 0.8781163434903048, 0.001: 0.7049861495844876}}, 'upright (joint_up)': {'n_pairs': 1000, 'n_max_trajs': 560, 'n_min_trajs': 280, 'n_nonempty_hist': {0: 2, 1: 76, 2: 922}, 'n_both_nonempty': 922, 'n_ttest_run': 922, 'n_significant': {0.05: 670, 0.01: 435, 0.001: 265}, 'frac_significant': {0.05: 0.7266811279826464, 0.01: 0.4718004338394794, 0.001: 0.2874186550976139}}}}"
0,4,16,results/frozen_sirl_ts/frozen_sirl_ts_1786633934.pth,https://wandb.ai/m1randa-massachusetts-institute-of-technology/tversky-sirl/runs/08g0lf95,"{'laptop (computer_dist)': {'n_pairs': 1000, 'n_max_trajs': 56, 'n_min_trajs': 448, 'n_nonempty_hist': {0: 0, 1: 5, 2: 995}, 'n_both_nonempty': 995, 'n_ttest_run': 995, 'n_significant': {0.05: 635, 0.01: 552, 0.001: 498}, 'frac_significant': {0.05: 0.6381909547738693, 0.01: 0.5547738693467337, 0.001: 0.5005025125628141}}, 'upright (joint_up)': {'n_pairs': 1000, 'n_max_trajs': 560, 'n_min_trajs': 280, 'n_nonempty_hist': {0: 2, 1: 14, 2: 984}, 'n_both_nonempty': 984, 'n_ttest_run': 975, 'n_significant': {0.05: 537, 0.01: 430, 0.001: 326}, 'frac_significant': {0.05: 0.5507692307692308, 0.01: 0.441025641025641, 0.001: 0.3343589743589744}}}","{'sim_only': {'laptop (computer_dist)': {'n_pairs': 1000, 'n_max_trajs': 56, 'n_min_trajs': 448, 'n_nonempty_hist': {0: 0, 1: 5, 2: 995}, 'n_both_nonempty': 995, 'n_ttest_run': 995, 'n_significant': {0.05: 635, 0.01: 552, 0.001: 498}, 'frac_significant': {0.05: 0.6381909547738693, 0.01: 0.5547738693467337, 0.001: 0.5005025125628141}}, 'upright (joint_up)': {'n_pairs': 1000, 'n_max_trajs': 560, 'n_min_trajs': 280, 'n_nonempty_hist': {0: 2, 1: 14, 2: 984}, 'n_both_nonempty': 984, 'n_ttest_run': 975, 'n_significant': {0.05: 537, 0.01: 430, 0.001: 326}, 'frac_significant': {0.05: 0.5507692307692308, 0.01: 0.441025641025641, 0.001: 0.3343589743589744}}}}"
1,4,16,results/frozen_sirl_ts/frozen_sirl_ts_1786633947.pth,https://wandb.ai/m1randa-massachusetts-institute-of-technology/tversky-sirl/runs/73wmahtp,"{'laptop (computer_dist)': {'n_pairs': 1000, 'n_max_trajs': 56, 'n_min_trajs': 448, 'n_nonempty_hist': {0: 4, 1: 14, 2: 982}, 'n_both_nonempty': 982, 'n_ttest_run': 982, 'n_significant': {0.05: 872, 0.01: 791, 0.001: 517}, 'frac_significant': {0.05: 0.8879837067209776, 0.01: 0.8054989816700611, 0.001: 0.5264765784114053}}, 'upright (joint_up)': {'n_pairs': 1000, 'n_max_trajs': 560, 'n_min_trajs': 280, 'n_nonempty_hist': {0: 5, 1: 4, 2: 991}, 'n_both_nonempty': 991, 'n_ttest_run': 975, 'n_significant': {0.05: 673, 0.01: 542, 0.001: 372}, 'frac_significant': {0.05: 0.6902564102564103, 0.01: 0.5558974358974359, 0.001: 0.38153846153846155}}}","{'sim_only': {'laptop (computer_dist)': {'n_pairs': 1000, 'n_max_trajs': 56, 'n_min_trajs': 448, 'n_nonempty_hist': {0: 4, 1: 14, 2: 982}, 'n_both_nonempty': 982, 'n_ttest_run': 982, 'n_significant': {0.05: 872, 0.01: 791, 0.001: 517}, 'frac_significant': {0.05: 0.8879837067209776, 0.01: 0.8054989816700611, 0.001: 0.5264765784114053}}, 'upright (joint_up)': {'n_pairs': 1000, 'n_max_trajs': 560, 'n_min_trajs': 280, 'n_nonempty_hist': {0: 5, 1: 4, 2: 991}, 'n_both_nonempty': 991, 'n_ttest_run': 975, 'n_significant': {0.05: 673, 0.01: 542, 0.001: 372}, 'frac_significant': {0.05: 0.6902564102564103, 0.01: 0.5558974358974359, 0.001: 0.38153846153846155}}}}"
2,4,16,results/frozen_sirl_ts/frozen_sirl_ts_1786633959.pth,https://wandb.ai/m1randa-massachusetts-institute-of-technology/tversky-sirl/runs/0cwwrdiz,"{'laptop (computer_dist)': {'n_pairs': 1000, 'n_max_trajs': 56, 'n_min_trajs': 448, 'n_nonempty_hist': {0: 74, 1: 187, 2: 739}, 'n_both_nonempty': 739, 'n_ttest_run': 739, 'n_significant': {0.05: 667, 0.01: 635, 0.001: 623}, 'frac_significant': {0.05: 0.9025710419485792, 0.01: 0.8592692828146143, 0.001: 0.8430311231393776}}, 'upright (joint_up)': {'n_pairs': 1000, 'n_max_trajs': 560, 'n_min_trajs': 280, 'n_nonempty_hist': {0: 42, 1: 118, 2: 840}, 'n_both_nonempty': 840, 'n_ttest_run': 840, 'n_significant': {0.05: 630, 0.01: 141, 0.001: 4}, 'frac_significant': {0.05: 0.75, 0.01: 0.16785714285714284, 0.001: 0.004761904761904762}}}","{'sim_only': {'laptop (computer_dist)': {'n_pairs': 1000, 'n_max_trajs': 56, 'n_min_trajs': 448, 'n_nonempty_hist': {0: 74, 1: 187, 2: 739}, 'n_both_nonempty': 739, 'n_ttest_run': 739, 'n_significant': {0.05: 667, 0.01: 635, 0.001: 623}, 'frac_significant': {0.05: 0.9025710419485792, 0.01: 0.8592692828146143, 0.001: 0.8430311231393776}}, 'upright (joint_up)': {'n_pairs': 1000, 'n_max_trajs': 560, 'n_min_trajs': 280, 'n_nonempty_hist': {0: 42, 1: 118, 2: 840}, 'n_both_nonempty': 840, 'n_ttest_run': 840, 'n_significant': {0.05: 630, 0.01: 141, 0.001: 4}, 'frac_significant': {0.05: 0.75, 0.01: 0.16785714285714284, 0.001: 0.004761904761904762}}}}"
0,4,32,results/frozen_sirl_ts/frozen_sirl_ts_1786633970.pth,https://wandb.ai/m1randa-massachusetts-institute-of-technology/tversky-sirl/runs/93b3q43b,"{'laptop (computer_dist)': {'n_pairs': 1000, 'n_max_trajs': 56, 'n_min_trajs': 448, 'n_nonempty_hist': {0: 11, 1: 18, 2: 971}, 'n_both_nonempty': 971, 'n_ttest_run': 970, 'n_significant': {0.05: 832, 0.01: 742, 0.001: 699}, 'frac_significant': {0.05: 0.8577319587628865, 0.01: 0.7649484536082474, 0.001: 0.7206185567010309}}, 'upright (joint_up)': {'n_pairs': 1000, 'n_max_trajs': 560, 'n_min_trajs': 280, 'n_nonempty_hist': {0: 12, 1: 139, 2: 849}, 'n_both_nonempty': 849, 'n_ttest_run': 844, 'n_significant': {0.05: 420, 0.01: 277, 0.001: 184}, 'frac_significant': {0.05: 0.4976303317535545, 0.01: 0.3281990521327014, 0.001: 0.21800947867298578}}}","{'sim_only': {'laptop (computer_dist)': {'n_pairs': 1000, 'n_max_trajs': 56, 'n_min_trajs': 448, 'n_nonempty_hist': {0: 11, 1: 18, 2: 971}, 'n_both_nonempty': 971, 'n_ttest_run': 970, 'n_significant': {0.05: 832, 0.01: 742, 0.001: 699}, 'frac_significant': {0.05: 0.8577319587628865, 0.01: 0.7649484536082474, 0.001: 0.7206185567010309}}, 'upright (joint_up)': {'n_pairs': 1000, 'n_max_trajs': 560, 'n_min_trajs': 280, 'n_nonempty_hist': {0: 12, 1: 139, 2: 849}, 'n_both_nonempty': 849, 'n_ttest_run': 844, 'n_significant': {0.05: 420, 0.01: 277, 0.001: 184}, 'frac_significant': {0.05: 0.4976303317535545, 0.01: 0.3281990521327014, 0.001: 0.21800947867298578}}}}"
1,4,32,results/frozen_sirl_ts/frozen_sirl_ts_1786633982.pth,https://wandb.ai/m1randa-massachusetts-institute-of-technology/tversky-sirl/runs/ftatrfnw,"{'laptop (computer_dist)': {'n_pairs': 1000, 'n_max_trajs': 56, 'n_min_trajs': 448, 'n_nonempty_hist': {0: 4, 1: 40, 2: 956}, 'n_both_nonempty': 956, 'n_ttest_run': 950, 'n_significant': {0.05: 518, 0.01: 321, 0.001: 146}, 'frac_significant': {0.05: 0.5452631578947369, 0.01: 0.33789473684210525, 0.001: 0.15368421052631578}}, 'upright (joint_up)': {'n_pairs': 1000, 'n_max_trajs': 560, 'n_min_trajs': 280, 'n_nonempty_hist': {0: 2, 1: 1, 2: 997}, 'n_both_nonempty': 997, 'n_ttest_run': 909, 'n_significant': {0.05: 823, 0.01: 755, 0.001: 575}, 'frac_significant': {0.05: 0.9053905390539054, 0.01: 0.8305830583058306, 0.001: 0.6325632563256326}}}","{'sim_only': {'laptop (computer_dist)': {'n_pairs': 1000, 'n_max_trajs': 56, 'n_min_trajs': 448, 'n_nonempty_hist': {0: 4, 1: 40, 2: 956}, 'n_both_nonempty': 956, 'n_ttest_run': 950, 'n_significant': {0.05: 518, 0.01: 321, 0.001: 146}, 'frac_significant': {0.05: 0.5452631578947369, 0.01: 0.33789473684210525, 0.001: 0.15368421052631578}}, 'upright (joint_up)': {'n_pairs': 1000, 'n_max_trajs': 560, 'n_min_trajs': 280, 'n_nonempty_hist': {0: 2, 1: 1, 2: 997}, 'n_both_nonempty': 997, 'n_ttest_run': 909, 'n_significant': {0.05: 823, 0.01: 755, 0.001: 575}, 'frac_significant': {0.05: 0.9053905390539054, 0.01: 0.8305830583058306, 0.001: 0.6325632563256326}}}}"
2,4,32,results/frozen_sirl_ts/frozen_sirl_ts_1786633994.pth,https://wandb.ai/m1randa-massachusetts-institute-of-technology/tversky-sirl/runs/3t375nkw,"{'laptop (computer_dist)': {'n_pairs': 1000, 'n_max_trajs': 56, 'n_min_trajs': 448, 'n_nonempty_hist': {0: 29, 1: 159, 2: 812}, 'n_both_nonempty': 812, 'n_ttest_run': 812, 'n_significant': {0.05: 749, 0.01: 640, 0.001: 628}, 'frac_significant': {0.05: 0.9224137931034483, 0.01: 0.7881773399014779, 0.001: 0.7733990147783252}}, 'upright (joint_up)': {'n_pairs': 1000, 'n_max_trajs': 560, 'n_min_trajs': 280, 'n_nonempty_hist': {0: 23, 1: 85, 2: 892}, 'n_both_nonempty': 892, 'n_ttest_run': 888, 'n_significant': {0.05: 456, 0.01: 386, 0.001: 7}, 'frac_significant': {0.05: 0.5135135135135135, 0.01: 0.4346846846846847, 0.001: 0.007882882882882882}}}","{'sim_only': {'laptop (computer_dist)': {'n_pairs': 1000, 'n_max_trajs': 56, 'n_min_trajs': 448, 'n_nonempty_hist': {0: 29, 1: 159, 2: 812}, 'n_both_nonempty': 812, 'n_ttest_run': 812, 'n_significant': {0.05: 749, 0.01: 640, 0.001: 628}, 'frac_significant': {0.05: 0.9224137931034483, 0.01: 0.7881773399014779, 0.001: 0.7733990147783252}}, 'upright (joint_up)': {'n_pairs': 1000, 'n_max_trajs': 560, 'n_min_trajs': 280, 'n_nonempty_hist': {0: 23, 1: 85, 2: 892}, 'n_both_nonempty': 892, 'n_ttest_run': 888, 'n_significant': {0.05: 456, 0.01: 386, 0.001: 7}, 'frac_significant': {0.05: 0.5135135135135135, 0.01: 0.4346846846846847, 0.001: 0.007882882882882882}}}}"
0,4,64,results/frozen_sirl_ts/frozen_sirl_ts_1786634007.pth,https://wandb.ai/m1randa-massachusetts-institute-of-technology/tversky-sirl/runs/yyt2hmve,"{'laptop (computer_dist)': {'n_pairs': 1000, 'n_max_trajs': 56, 'n_min_trajs': 448, 'n_nonempty_hist': {0: 1, 1: 0, 2: 999}, 'n_both_nonempty': 999, 'n_ttest_run': 989, 'n_significant': {0.05: 925, 0.01: 891, 0.001: 745}, 'frac_significant': {0.05: 0.9352881698685541, 0.01: 0.9009100101112234, 0.001: 0.7532861476238625}}, 'upright (joint_up)': {'n_pairs': 1000, 'n_max_trajs': 560, 'n_min_trajs': 280, 'n_nonempty_hist': {0: 5, 1: 0, 2: 995}, 'n_both_nonempty': 995, 'n_ttest_run': 844, 'n_significant': {0.05: 686, 0.01: 536, 0.001: 270}, 'frac_significant': {0.05: 0.8127962085308057, 0.01: 0.6350710900473934, 0.001: 0.31990521327014215}}}","{'sim_only': {'laptop (computer_dist)': {'n_pairs': 1000, 'n_max_trajs': 56, 'n_min_trajs': 448, 'n_nonempty_hist': {0: 1, 1: 0, 2: 999}, 'n_both_nonempty': 999, 'n_ttest_run': 989, 'n_significant': {0.05: 925, 0.01: 891, 0.001: 745}, 'frac_significant': {0.05: 0.9352881698685541, 0.01: 0.9009100101112234, 0.001: 0.7532861476238625}}, 'upright (joint_up)': {'n_pairs': 1000, 'n_max_trajs': 560, 'n_min_trajs': 280, 'n_nonempty_hist': {0: 5, 1: 0, 2: 995}, 'n_both_nonempty': 995, 'n_ttest_run': 844, 'n_significant': {0.05: 686, 0.01: 536, 0.001: 270}, 'frac_significant': {0.05: 0.8127962085308057, 0.01: 0.6350710900473934, 0.001: 0.31990521327014215}}}}"
1,4,64,results/frozen_sirl_ts/frozen_sirl_ts_1786634020.pth,https://wandb.ai/m1randa-massachusetts-institute-of-technology/tversky-sirl/runs/ja5jq192,"{'laptop (computer_dist)': {'n_pairs': 1000, 'n_max_trajs': 56, 'n_min_trajs': 448, 'n_nonempty_hist': {0: 4, 1: 0, 2: 996}, 'n_both_nonempty': 996, 'n_ttest_run': 995, 'n_significant': {0.05: 811, 0.01: 739, 0.001: 539}, 'frac_significant': {0.05: 0.8150753768844221, 0.01: 0.742713567839196, 0.001: 0.5417085427135678}}, 'upright (joint_up)': {'n_pairs': 1000, 'n_max_trajs': 560, 'n_min_trajs': 280, 'n_nonempty_hist': {0: 2, 1: 0, 2: 998}, 'n_both_nonempty': 998, 'n_ttest_run': 992, 'n_significant': {0.05: 846, 0.01: 611, 0.001: 497}, 'frac_significant': {0.05: 0.8528225806451613, 0.01: 0.6159274193548387, 0.001: 0.501008064516129}}}","{'sim_only': {'laptop (computer_dist)': {'n_pairs': 1000, 'n_max_trajs': 56, 'n_min_trajs': 448, 'n_nonempty_hist': {0: 4, 1: 0, 2: 996}, 'n_both_nonempty': 996, 'n_ttest_run': 995, 'n_significant': {0.05: 811, 0.01: 739, 0.001: 539}, 'frac_significant': {0.05: 0.8150753768844221, 0.01: 0.742713567839196, 0.001: 0.5417085427135678}}, 'upright (joint_up)': {'n_pairs': 1000, 'n_max_trajs': 560, 'n_min_trajs': 280, 'n_nonempty_hist': {0: 2, 1: 0, 2: 998}, 'n_both_nonempty': 998, 'n_ttest_run': 992, 'n_significant': {0.05: 846, 0.01: 611, 0.001: 497}, 'frac_significant': {0.05: 0.8528225806451613, 0.01: 0.6159274193548387, 0.001: 0.501008064516129}}}}"
2,4,64,results/frozen_sirl_ts/frozen_sirl_ts_1786634033.pth,https://wandb.ai/m1randa-massachusetts-institute-of-technology/tversky-sirl/runs/1lclssmu,"{'laptop (computer_dist)': {'n_pairs': 1000, 'n_max_trajs': 56, 'n_min_trajs': 448, 'n_nonempty_hist': {0: 8, 1: 0, 2: 992}, 'n_both_nonempty': 992, 'n_ttest_run': 988, 'n_significant': {0.05: 948, 0.01: 944, 0.001: 913}, 'frac_significant': {0.05: 0.9595141700404858, 0.01: 0.9554655870445344, 0.001: 0.9240890688259109}}, 'upright (joint_up)': {'n_pairs': 1000, 'n_max_trajs': 560, 'n_min_trajs': 280, 'n_nonempty_hist': {0: 22, 1: 0, 2: 978}, 'n_both_nonempty': 978, 'n_ttest_run': 934, 'n_significant': {0.05: 571, 0.01: 425, 0.001: 267}, 'frac_significant': {0.05: 0.6113490364025695, 0.01: 0.4550321199143469, 0.001: 0.28586723768736616}}}","{'sim_only': {'laptop (computer_dist)': {'n_pairs': 1000, 'n_max_trajs': 56, 'n_min_trajs': 448, 'n_nonempty_hist': {0: 8, 1: 0, 2: 992}, 'n_both_nonempty': 992, 'n_ttest_run': 988, 'n_significant': {0.05: 948, 0.01: 944, 0.001: 913}, 'frac_significant': {0.05: 0.9595141700404858, 0.01: 0.9554655870445344, 0.001: 0.9240890688259109}}, 'upright (joint_up)': {'n_pairs': 1000, 'n_max_trajs': 560, 'n_min_trajs': 280, 'n_nonempty_hist': {0: 22, 1: 0, 2: 978}, 'n_both_nonempty': 978, 'n_ttest_run': 934, 'n_significant': {0.05: 571, 0.01: 425, 0.001: 267}, 'frac_significant': {0.05: 0.6113490364025695, 0.01: 0.4550321199143469, 0.001: 0.28586723768736616}}}}"
0,4,128,results/frozen_sirl_ts/frozen_sirl_ts_1786634046.pth,https://wandb.ai/m1randa-massachusetts-institute-of-technology/tversky-sirl/runs/a8tdl3at,"{'laptop (computer_dist)': {'n_pairs': 1000, 'n_max_trajs': 56, 'n_min_trajs': 448, 'n_nonempty_hist': {0: 28, 1: 0, 2: 972}, 'n_both_nonempty': 972, 'n_ttest_run': 958, 'n_significant': {0.05: 774, 0.01: 771, 0.001: 753}, 'frac_significant': {0.05: 0.8079331941544885, 0.01: 0.8048016701461378, 0.001: 0.7860125260960334}}, 'upright (joint_up)': {'n_pairs': 1000, 'n_max_trajs': 560, 'n_min_trajs': 280, 'n_nonempty_hist': {0: 12, 1: 0, 2: 988}, 'n_both_nonempty': 988, 'n_ttest_run': 957, 'n_significant': {0.05: 619, 0.01: 303, 0.001: 196}, 'frac_significant': {0.05: 0.6468129571577848, 0.01: 0.3166144200626959, 0.001: 0.20480668756530826}}}","{'sim_only': {'laptop (computer_dist)': {'n_pairs': 1000, 'n_max_trajs': 56, 'n_min_trajs': 448, 'n_nonempty_hist': {0: 28, 1: 0, 2: 972}, 'n_both_nonempty': 972, 'n_ttest_run': 958, 'n_significant': {0.05: 774, 0.01: 771, 0.001: 753}, 'frac_significant': {0.05: 0.8079331941544885, 0.01: 0.8048016701461378, 0.001: 0.7860125260960334}}, 'upright (joint_up)': {'n_pairs': 1000, 'n_max_trajs': 560, 'n_min_trajs': 280, 'n_nonempty_hist': {0: 12, 1: 0, 2: 988}, 'n_both_nonempty': 988, 'n_ttest_run': 957, 'n_significant': {0.05: 619, 0.01: 303, 0.001: 196}, 'frac_significant': {0.05: 0.6468129571577848, 0.01: 0.3166144200626959, 0.001: 0.20480668756530826}}}}"
1,4,128,results/frozen_sirl_ts/frozen_sirl_ts_1786634060.pth,https://wandb.ai/m1randa-massachusetts-institute-of-technology/tversky-sirl/runs/u0yil2ei,"{'laptop (computer_dist)': {'n_pairs': 1000, 'n_max_trajs': 56, 'n_min_trajs': 448, 'n_nonempty_hist': {0: 5, 1: 1, 2: 994}, 'n_both_nonempty': 994, 'n_ttest_run': 994, 'n_significant': {0.05: 590, 0.01: 364, 0.001: 180}, 'frac_significant': {0.05: 0.5935613682092555, 0.01: 0.36619718309859156, 0.001: 0.18108651911468812}}, 'upright (joint_up)': {'n_pairs': 1000, 'n_max_trajs': 560, 'n_min_trajs': 280, 'n_nonempty_hist': {0: 3, 1: 0, 2: 997}, 'n_both_nonempty': 997, 'n_ttest_run': 965, 'n_significant': {0.05: 865, 0.01: 790, 0.001: 721}, 'frac_significant': {0.05: 0.8963730569948186, 0.01: 0.8186528497409327, 0.001: 0.7471502590673575}}}","{'sim_only': {'laptop (computer_dist)': {'n_pairs': 1000, 'n_max_trajs': 56, 'n_min_trajs': 448, 'n_nonempty_hist': {0: 5, 1: 1, 2: 994}, 'n_both_nonempty': 994, 'n_ttest_run': 994, 'n_significant': {0.05: 590, 0.01: 364, 0.001: 180}, 'frac_significant': {0.05: 0.5935613682092555, 0.01: 0.36619718309859156, 0.001: 0.18108651911468812}}, 'upright (joint_up)': {'n_pairs': 1000, 'n_max_trajs': 560, 'n_min_trajs': 280, 'n_nonempty_hist': {0: 3, 1: 0, 2: 997}, 'n_both_nonempty': 997, 'n_ttest_run': 965, 'n_significant': {0.05: 865, 0.01: 790, 0.001: 721}, 'frac_significant': {0.05: 0.8963730569948186, 0.01: 0.8186528497409327, 0.001: 0.7471502590673575}}}}"
2,4,128,results/frozen_sirl_ts/frozen_sirl_ts_1786634073.pth,https://wandb.ai/m1randa-massachusetts-institute-of-technology/tversky-sirl/runs/emmk28mi,"{'laptop (computer_dist)': {'n_pairs': 1000, 'n_max_trajs': 56, 'n_min_trajs': 448, 'n_nonempty_hist': {0: 1, 1: 0, 2: 999}, 'n_both_nonempty': 999, 'n_ttest_run': 984, 'n_significant': {0.05: 949, 0.01: 897, 0.001: 762}, 'frac_significant': {0.05: 0.9644308943089431, 0.01: 0.9115853658536586, 0.001: 0.774390243902439}}, 'upright (joint_up)': {'n_pairs': 1000, 'n_max_trajs': 560, 'n_min_trajs': 280, 'n_nonempty_hist': {0: 13, 1: 0, 2: 987}, 'n_both_nonempty': 987, 'n_ttest_run': 987, 'n_significant': {0.05: 331, 0.01: 174, 0.001: 75}, 'frac_significant': {0.05: 0.3353596757852077, 0.01: 0.1762917933130699, 0.001: 0.07598784194528875}}}","{'sim_only': {'laptop (computer_dist)': {'n_pairs': 1000, 'n_max_trajs': 56, 'n_min_trajs': 448, 'n_nonempty_hist': {0: 1, 1: 0, 2: 999}, 'n_both_nonempty': 999, 'n_ttest_run': 984, 'n_significant': {0.05: 949, 0.01: 897, 0.001: 762}, 'frac_significant': {0.05: 0.9644308943089431, 0.01: 0.9115853658536586, 0.001: 0.774390243902439}}, 'upright (joint_up)': {'n_pairs': 1000, 'n_max_trajs': 560, 'n_min_trajs': 280, 'n_nonempty_hist': {0: 13, 1: 0, 2: 987}, 'n_both_nonempty': 987, 'n_ttest_run': 987, 'n_significant': {0.05: 331, 0.01: 174, 0.001: 75}, 'frac_significant': {0.05: 0.3353596757852077, 0.01: 0.1762917933130699, 0.001: 0.07598784194528875}}}}"
0,4,256,results/frozen_sirl_ts/frozen_sirl_ts_1786634087.pth,https://wandb.ai/m1randa-massachusetts-institute-of-technology/tversky-sirl/runs/mo1xtfl0,"{'laptop (computer_dist)': {'n_pairs': 1000, 'n_max_trajs': 56, 'n_min_trajs': 448, 'n_nonempty_hist': {0: 8, 1: 0, 2: 992}, 'n_both_nonempty': 992, 'n_ttest_run': 966, 'n_significant': {0.05: 730, 0.01: 552, 0.001: 413}, 'frac_significant': {0.05: 0.7556935817805382, 0.01: 0.5714285714285714, 0.001: 0.427536231884058}}, 'upright (joint_up)': {'n_pairs': 1000, 'n_max_trajs': 560, 'n_min_trajs': 280, 'n_nonempty_hist': {0: 0, 1: 0, 2: 1000}, 'n_both_nonempty': 1000, 'n_ttest_run': 993, 'n_significant': {0.05: 618, 0.01: 398, 0.001: 173}, 'frac_significant': {0.05: 0.622356495468278, 0.01: 0.40080563947633435, 0.001: 0.17421953675730112}}}","{'sim_only': {'laptop (computer_dist)': {'n_pairs': 1000, 'n_max_trajs': 56, 'n_min_trajs': 448, 'n_nonempty_hist': {0: 8, 1: 0, 2: 992}, 'n_both_nonempty': 992, 'n_ttest_run': 966, 'n_significant': {0.05: 730, 0.01: 552, 0.001: 413}, 'frac_significant': {0.05: 0.7556935817805382, 0.01: 0.5714285714285714, 0.001: 0.427536231884058}}, 'upright (joint_up)': {'n_pairs': 1000, 'n_max_trajs': 560, 'n_min_trajs': 280, 'n_nonempty_hist': {0: 0, 1: 0, 2: 1000}, 'n_both_nonempty': 1000, 'n_ttest_run': 993, 'n_significant': {0.05: 618, 0.01: 398, 0.001: 173}, 'frac_significant': {0.05: 0.622356495468278, 0.01: 0.40080563947633435, 0.001: 0.17421953675730112}}}}"
1,4,256,results/frozen_sirl_ts/frozen_sirl_ts_1786634102.pth,https://wandb.ai/m1randa-massachusetts-institute-of-technology/tversky-sirl/runs/j65883uh,"{'laptop (computer_dist)': {'n_pairs': 1000, 'n_max_trajs': 56, 'n_min_trajs': 448, 'n_nonempty_hist': {0: 54, 1: 0, 2: 946}, 'n_both_nonempty': 946, 'n_ttest_run': 946, 'n_significant': {0.05: 565, 0.01: 464, 0.001: 326}, 'frac_significant': {0.05: 0.5972515856236786, 0.01: 0.4904862579281184, 0.001: 0.34460887949260044}}, 'upright (joint_up)': {'n_pairs': 1000, 'n_max_trajs': 560, 'n_min_trajs': 280, 'n_nonempty_hist': {0: 7, 1: 0, 2: 993}, 'n_both_nonempty': 993, 'n_ttest_run': 588, 'n_significant': {0.05: 285, 0.01: 237, 0.001: 167}, 'frac_significant': {0.05: 0.4846938775510204, 0.01: 0.4030612244897959, 0.001: 0.28401360544217685}}}","{'sim_only': {'laptop (computer_dist)': {'n_pairs': 1000, 'n_max_trajs': 56, 'n_min_trajs': 448, 'n_nonempty_hist': {0: 54, 1: 0, 2: 946}, 'n_both_nonempty': 946, 'n_ttest_run': 946, 'n_significant': {0.05: 565, 0.01: 464, 0.001: 326}, 'frac_significant': {0.05: 0.5972515856236786, 0.01: 0.4904862579281184, 0.001: 0.34460887949260044}}, 'upright (joint_up)': {'n_pairs': 1000, 'n_max_trajs': 560, 'n_min_trajs': 280, 'n_nonempty_hist': {0: 7, 1: 0, 2: 993}, 'n_both_nonempty': 993, 'n_ttest_run': 588, 'n_significant': {0.05: 285, 0.01: 237, 0.001: 167}, 'frac_significant': {0.05: 0.4846938775510204, 0.01: 0.4030612244897959, 0.001: 0.28401360544217685}}}}"
2,4,256,results/frozen_sirl_ts/frozen_sirl_ts_1786634117.pth,https://wandb.ai/m1randa-massachusetts-institute-of-technology/tversky-sirl/runs/gg3hs2hb,"{'laptop (computer_dist)': {'n_pairs': 1000, 'n_max_trajs': 56, 'n_min_trajs': 448, 'n_nonempty_hist': {0: 6, 1: 0, 2: 994}, 'n_both_nonempty': 994, 'n_ttest_run': 946, 'n_significant': {0.05: 913, 0.01: 867, 0.001: 691}, 'frac_significant': {0.05: 0.9651162790697675, 0.01: 0.9164904862579282, 0.001: 0.7304439746300211}}, 'upright (joint_up)': {'n_pairs': 1000, 'n_max_trajs': 560, 'n_min_trajs': 280, 'n_nonempty_hist': {0: 41, 1: 0, 2: 959}, 'n_both_nonempty': 959, 'n_ttest_run': 959, 'n_significant': {0.05: 322, 0.01: 107, 0.001: 31}, 'frac_significant': {0.05: 0.3357664233576642, 0.01: 0.11157455683003129, 0.001: 0.03232533889468196}}}","{'sim_only': {'laptop (computer_dist)': {'n_pairs': 1000, 'n_max_trajs': 56, 'n_min_trajs': 448, 'n_nonempty_hist': {0: 6, 1: 0, 2: 994}, 'n_both_nonempty': 994, 'n_ttest_run': 946, 'n_significant': {0.05: 913, 0.01: 867, 0.001: 691}, 'frac_significant': {0.05: 0.9651162790697675, 0.01: 0.9164904862579282, 0.001: 0.7304439746300211}}, 'upright (joint_up)': {'n_pairs': 1000, 'n_max_trajs': 560, 'n_min_trajs': 280, 'n_nonempty_hist': {0: 41, 1: 0, 2: 959}, 'n_both_nonempty': 959, 'n_ttest_run': 959, 'n_significant': {0.05: 322, 0.01: 107, 0.001: 31}, 'frac_significant': {0.05: 0.3357664233576642, 0.01: 0.11157455683003129, 0.001: 0.03232533889468196}}}}"
0,6,2,results/frozen_sirl_ts/frozen_sirl_ts_1786634132.pth,https://wandb.ai/m1randa-massachusetts-institute-of-technology/tversky-sirl/runs/rr21d0xb,"{'laptop (computer_dist)': {'n_pairs': 1000, 'n_max_trajs': 56, 'n_min_trajs': 448, 'n_nonempty_hist': {0: 250, 1: 567, 2: 183}, 'n_both_nonempty': 183, 'n_ttest_run': 183, 'n_significant': {0.05: 0, 0.01: 0, 0.001: 0}, 'frac_significant': {0.05: 0.0, 0.01: 0.0, 0.001: 0.0}}, 'upright (joint_up)': {'n_pairs': 1000, 'n_max_trajs': 560, 'n_min_trajs': 280, 'n_nonempty_hist': {0: 100, 1: 438, 2: 462}, 'n_both_nonempty': 462, 'n_ttest_run': 462, 'n_significant': {0.05: 458, 0.01: 0, 0.001: 0}, 'frac_significant': {0.05: 0.9913419913419913, 0.01: 0.0, 0.001: 0.0}}}","{'sim_only': {'laptop (computer_dist)': {'n_pairs': 1000, 'n_max_trajs': 56, 'n_min_trajs': 448, 'n_nonempty_hist': {0: 250, 1: 567, 2: 183}, 'n_both_nonempty': 183, 'n_ttest_run': 183, 'n_significant': {0.05: 0, 0.01: 0, 0.001: 0}, 'frac_significant': {0.05: 0.0, 0.01: 0.0, 0.001: 0.0}}, 'upright (joint_up)': {'n_pairs': 1000, 'n_max_trajs': 560, 'n_min_trajs': 280, 'n_nonempty_hist': {0: 100, 1: 438, 2: 462}, 'n_both_nonempty': 462, 'n_ttest_run': 462, 'n_significant': {0.05: 458, 0.01: 0, 0.001: 0}, 'frac_significant': {0.05: 0.9913419913419913, 0.01: 0.0, 0.001: 0.0}}}}"
1,6,2,results/frozen_sirl_ts/frozen_sirl_ts_1786634144.pth,https://wandb.ai/m1randa-massachusetts-institute-of-technology/tversky-sirl/runs/jkgaes5i,"{'laptop (computer_dist)': {'n_pairs': 1000, 'n_max_trajs': 56, 'n_min_trajs': 448, 'n_nonempty_hist': {0: 145, 1: 742, 2: 113}, 'n_both_nonempty': 113, 'n_ttest_run': 113, 'n_significant': {0.05: 0, 0.01: 0, 0.001: 0}, 'frac_significant': {0.05: 0.0, 0.01: 0.0, 0.001: 0.0}}, 'upright (joint_up)': {'n_pairs': 1000, 'n_max_trajs': 560, 'n_min_trajs': 280, 'n_nonempty_hist': {0: 70, 1: 727, 2: 203}, 'n_both_nonempty': 203, 'n_ttest_run': 203, 'n_significant': {0.05: 203, 0.01: 203, 0.001: 0}, 'frac_significant': {0.05: 1.0, 0.01: 1.0, 0.001: 0.0}}}","{'sim_only': {'laptop (computer_dist)': {'n_pairs': 1000, 'n_max_trajs': 56, 'n_min_trajs': 448, 'n_nonempty_hist': {0: 145, 1: 742, 2: 113}, 'n_both_nonempty': 113, 'n_ttest_run': 113, 'n_significant': {0.05: 0, 0.01: 0, 0.001: 0}, 'frac_significant': {0.05: 0.0, 0.01: 0.0, 0.001: 0.0}}, 'upright (joint_up)': {'n_pairs': 1000, 'n_max_trajs': 560, 'n_min_trajs': 280, 'n_nonempty_hist': {0: 70, 1: 727, 2: 203}, 'n_both_nonempty': 203, 'n_ttest_run': 203, 'n_significant': {0.05: 203, 0.01: 203, 0.001: 0}, 'frac_significant': {0.05: 1.0, 0.01: 1.0, 0.001: 0.0}}}}"
2,6,2,results/frozen_sirl_ts/frozen_sirl_ts_1786634154.pth,https://wandb.ai/m1randa-massachusetts-institute-of-technology/tversky-sirl/runs/lrlt74tl,"{'laptop (computer_dist)': {'n_pairs': 1000, 'n_max_trajs': 56, 'n_min_trajs': 448, 'n_nonempty_hist': {0: 66, 1: 342, 2: 592}, 'n_both_nonempty': 592, 'n_ttest_run': 0, 'n_significant': {0.05: 0, 0.01: 0, 0.001: 0}, 'frac_significant': {0.05: 0.0, 0.01: 0.0, 0.001: 0.0}}, 'upright (joint_up)': {'n_pairs': 1000, 'n_max_trajs': 560, 'n_min_trajs': 280, 'n_nonempty_hist': {0: 187, 1: 600, 2: 213}, 'n_both_nonempty': 213, 'n_ttest_run': 213, 'n_significant': {0.05: 188, 0.01: 0, 0.001: 0}, 'frac_significant': {0.05: 0.8826291079812206, 0.01: 0.0, 0.001: 0.0}}}","{'sim_only': {'laptop (computer_dist)': {'n_pairs': 1000, 'n_max_trajs': 56, 'n_min_trajs': 448, 'n_nonempty_hist': {0: 66, 1: 342, 2: 592}, 'n_both_nonempty': 592, 'n_ttest_run': 0, 'n_significant': {0.05: 0, 0.01: 0, 0.001: 0}, 'frac_significant': {0.05: 0.0, 0.01: 0.0, 0.001: 0.0}}, 'upright (joint_up)': {'n_pairs': 1000, 'n_max_trajs': 560, 'n_min_trajs': 280, 'n_nonempty_hist': {0: 187, 1: 600, 2: 213}, 'n_both_nonempty': 213, 'n_ttest_run': 213, 'n_significant': {0.05: 188, 0.01: 0, 0.001: 0}, 'frac_significant': {0.05: 0.8826291079812206, 0.01: 0.0, 0.001: 0.0}}}}"
0,6,4,results/frozen_sirl_ts/frozen_sirl_ts_1786634166.pth,https://wandb.ai/m1randa-massachusetts-institute-of-technology/tversky-sirl/runs/dl6880u6,"{'laptop (computer_dist)': {'n_pairs': 1000, 'n_max_trajs': 56, 'n_min_trajs': 448, 'n_nonempty_hist': {0: 19, 1: 629, 2: 352}, 'n_both_nonempty': 352, 'n_ttest_run': 352, 'n_significant': {0.05: 9, 0.01: 0, 0.001: 0}, 'frac_significant': {0.05: 0.02556818181818182, 0.01: 0.0, 0.001: 0.0}}, 'upright (joint_up)': {'n_pairs': 1000, 'n_max_trajs': 560, 'n_min_trajs': 280, 'n_nonempty_hist': {0: 15, 1: 448, 2: 537}, 'n_both_nonempty': 537, 'n_ttest_run': 537, 'n_significant': {0.05: 160, 0.01: 45, 0.001: 34}, 'frac_significant': {0.05: 0.297951582867784, 0.01: 0.08379888268156424, 0.001: 0.0633147113594041}}}","{'sim_only': {'laptop (computer_dist)': {'n_pairs': 1000, 'n_max_trajs': 56, 'n_min_trajs': 448, 'n_nonempty_hist': {0: 19, 1: 629, 2: 352}, 'n_both_nonempty': 352, 'n_ttest_run': 352, 'n_significant': {0.05: 9, 0.01: 0, 0.001: 0}, 'frac_significant': {0.05: 0.02556818181818182, 0.01: 0.0, 0.001: 0.0}}, 'upright (joint_up)': {'n_pairs': 1000, 'n_max_trajs': 560, 'n_min_trajs': 280, 'n_nonempty_hist': {0: 15, 1: 448, 2: 537}, 'n_both_nonempty': 537, 'n_ttest_run': 537, 'n_significant': {0.05: 160, 0.01: 45, 0.001: 34}, 'frac_significant': {0.05: 0.297951582867784, 0.01: 0.08379888268156424, 0.001: 0.0633147113594041}}}}"
1,6,4,results/frozen_sirl_ts/frozen_sirl_ts_1786634178.pth,https://wandb.ai/m1randa-massachusetts-institute-of-technology/tversky-sirl/runs/a9eieeli,"{'laptop (computer_dist)': {'n_pairs': 1000, 'n_max_trajs': 56, 'n_min_trajs': 448, 'n_nonempty_hist': {0: 62, 1: 323, 2: 615}, 'n_both_nonempty': 615, 'n_ttest_run': 615, 'n_significant': {0.05: 574, 0.01: 447, 0.001: 447}, 'frac_significant': {0.05: 0.9333333333333333, 0.01: 0.7268292682926829, 0.001: 0.7268292682926829}}, 'upright (joint_up)': {'n_pairs': 1000, 'n_max_trajs': 560, 'n_min_trajs': 280, 'n_nonempty_hist': {0: 25, 1: 199, 2: 776}, 'n_both_nonempty': 776, 'n_ttest_run': 776, 'n_significant': {0.05: 704, 0.01: 494, 0.001: 493}, 'frac_significant': {0.05: 0.9072164948453608, 0.01: 0.6365979381443299, 0.001: 0.6353092783505154}}}","{'sim_only': {'laptop (computer_dist)': {'n_pairs': 1000, 'n_max_trajs': 56, 'n_min_trajs': 448, 'n_nonempty_hist': {0: 62, 1: 323, 2: 615}, 'n_both_nonempty': 615, 'n_ttest_run': 615, 'n_significant': {0.05: 574, 0.01: 447, 0.001: 447}, 'frac_significant': {0.05: 0.9333333333333333, 0.01: 0.7268292682926829, 0.001: 0.7268292682926829}}, 'upright (joint_up)': {'n_pairs': 1000, 'n_max_trajs': 560, 'n_min_trajs': 280, 'n_nonempty_hist': {0: 25, 1: 199, 2: 776}, 'n_both_nonempty': 776, 'n_ttest_run': 776, 'n_significant': {0.05: 704, 0.01: 494, 0.001: 493}, 'frac_significant': {0.05: 0.9072164948453608, 0.01: 0.6365979381443299, 0.001: 0.6353092783505154}}}}"
2,6,4,results/frozen_sirl_ts/frozen_sirl_ts_1786634189.pth,https://wandb.ai/m1randa-massachusetts-institute-of-technology/tversky-sirl/runs/wn5wl1c9,"{'laptop (computer_dist)': {'n_pairs': 1000, 'n_max_trajs': 56, 'n_min_trajs': 448, 'n_nonempty_hist': {0: 5, 1: 334, 2: 661}, 'n_both_nonempty': 661, 'n_ttest_run': 652, 'n_significant': {0.05: 602, 0.01: 602, 0.001: 602}, 'frac_significant': {0.05: 0.9233128834355828, 0.01: 0.9233128834355828, 0.001: 0.9233128834355828}}, 'upright (joint_up)': {'n_pairs': 1000, 'n_max_trajs': 560, 'n_min_trajs': 280, 'n_nonempty_hist': {0: 2, 1: 371, 2: 627}, 'n_both_nonempty': 627, 'n_ttest_run': 627, 'n_significant': {0.05: 593, 0.01: 577, 0.001: 510}, 'frac_significant': {0.05: 0.9457735247208932, 0.01: 0.9202551834130781, 0.001: 0.8133971291866029}}}","{'sim_only': {'laptop (computer_dist)': {'n_pairs': 1000, 'n_max_trajs': 56, 'n_min_trajs': 448, 'n_nonempty_hist': {0: 5, 1: 334, 2: 661}, 'n_both_nonempty': 661, 'n_ttest_run': 652, 'n_significant': {0.05: 602, 0.01: 602, 0.001: 602}, 'frac_significant': {0.05: 0.9233128834355828, 0.01: 0.9233128834355828, 0.001: 0.9233128834355828}}, 'upright (joint_up)': {'n_pairs': 1000, 'n_max_trajs': 560, 'n_min_trajs': 280, 'n_nonempty_hist': {0: 2, 1: 371, 2: 627}, 'n_both_nonempty': 627, 'n_ttest_run': 627, 'n_significant': {0.05: 593, 0.01: 577, 0.001: 510}, 'frac_significant': {0.05: 0.9457735247208932, 0.01: 0.9202551834130781, 0.001: 0.8133971291866029}}}}"
0,6,8,results/frozen_sirl_ts/frozen_sirl_ts_1786634200.pth,https://wandb.ai/m1randa-massachusetts-institute-of-technology/tversky-sirl/runs/87cvp21q,"{'laptop (computer_dist)': {'n_pairs': 1000, 'n_max_trajs': 56, 'n_min_trajs': 448, 'n_nonempty_hist': {0: 14, 1: 91, 2: 895}, 'n_both_nonempty': 895, 'n_ttest_run': 895, 'n_significant': {0.05: 451, 0.01: 281, 0.001: 172}, 'frac_significant': {0.05: 0.5039106145251396, 0.01: 0.3139664804469274, 0.001: 0.19217877094972066}}, 'upright (joint_up)': {'n_pairs': 1000, 'n_max_trajs': 560, 'n_min_trajs': 280, 'n_nonempty_hist': {0: 5, 1: 29, 2: 966}, 'n_both_nonempty': 966, 'n_ttest_run': 847, 'n_significant': {0.05: 743, 0.01: 624, 0.001: 413}, 'frac_significant': {0.05: 0.8772136953955135, 0.01: 0.7367178276269185, 0.001: 0.48760330578512395}}}","{'sim_only': {'laptop (computer_dist)': {'n_pairs': 1000, 'n_max_trajs': 56, 'n_min_trajs': 448, 'n_nonempty_hist': {0: 14, 1: 91, 2: 895}, 'n_both_nonempty': 895, 'n_ttest_run': 895, 'n_significant': {0.05: 451, 0.01: 281, 0.001: 172}, 'frac_significant': {0.05: 0.5039106145251396, 0.01: 0.3139664804469274, 0.001: 0.19217877094972066}}, 'upright (joint_up)': {'n_pairs': 1000, 'n_max_trajs': 560, 'n_min_trajs': 280, 'n_nonempty_hist': {0: 5, 1: 29, 2: 966}, 'n_both_nonempty': 966, 'n_ttest_run': 847, 'n_significant': {0.05: 743, 0.01: 624, 0.001: 413}, 'frac_significant': {0.05: 0.8772136953955135, 0.01: 0.7367178276269185, 0.001: 0.48760330578512395}}}}"
1,6,8,results/frozen_sirl_ts/frozen_sirl_ts_1786634213.pth,https://wandb.ai/m1randa-massachusetts-institute-of-technology/tversky-sirl/runs/3ruaxalh,"{'laptop (computer_dist)': {'n_pairs': 1000, 'n_max_trajs': 56, 'n_min_trajs': 448, 'n_nonempty_hist': {0: 2, 1: 10, 2: 988}, 'n_both_nonempty': 988, 'n_ttest_run': 983, 'n_significant': {0.05: 850, 0.01: 740, 0.001: 605}, 'frac_significant': {0.05: 0.8646998982706002, 0.01: 0.7527975584944049, 0.001: 0.6154628687690743}}, 'upright (joint_up)': {'n_pairs': 1000, 'n_max_trajs': 560, 'n_min_trajs': 280, 'n_nonempty_hist': {0: 4, 1: 3, 2: 993}, 'n_both_nonempty': 993, 'n_ttest_run': 953, 'n_significant': {0.05: 824, 0.01: 736, 0.001: 602}, 'frac_significant': {0.05: 0.8646379853095488, 0.01: 0.7722980062959076, 0.001: 0.6316894018887723}}}","{'sim_only': {'laptop (computer_dist)': {'n_pairs': 1000, 'n_max_trajs': 56, 'n_min_trajs': 448, 'n_nonempty_hist': {0: 2, 1: 10, 2: 988}, 'n_both_nonempty': 988, 'n_ttest_run': 983, 'n_significant': {0.05: 850, 0.01: 740, 0.001: 605}, 'frac_significant': {0.05: 0.8646998982706002, 0.01: 0.7527975584944049, 0.001: 0.6154628687690743}}, 'upright (joint_up)': {'n_pairs': 1000, 'n_max_trajs': 560, 'n_min_trajs': 280, 'n_nonempty_hist': {0: 4, 1: 3, 2: 993}, 'n_both_nonempty': 993, 'n_ttest_run': 953, 'n_significant': {0.05: 824, 0.01: 736, 0.001: 602}, 'frac_significant': {0.05: 0.8646379853095488, 0.01: 0.7722980062959076, 0.001: 0.6316894018887723}}}}"
2,6,8,results/frozen_sirl_ts/frozen_sirl_ts_1786634225.pth,https://wandb.ai/m1randa-massachusetts-institute-of-technology/tversky-sirl/runs/fq1rg8z5,"{'laptop (computer_dist)': {'n_pairs': 1000, 'n_max_trajs': 56, 'n_min_trajs': 448, 'n_nonempty_hist': {0: 0, 1: 17, 2: 983}, 'n_both_nonempty': 983, 'n_ttest_run': 962, 'n_significant': {0.05: 860, 0.01: 830, 0.001: 752}, 'frac_significant': {0.05: 0.893970893970894, 0.01: 0.8627858627858628, 0.001: 0.7817047817047817}}, 'upright (joint_up)': {'n_pairs': 1000, 'n_max_trajs': 560, 'n_min_trajs': 280, 'n_nonempty_hist': {0: 1, 1: 31, 2: 968}, 'n_both_nonempty': 968, 'n_ttest_run': 933, 'n_significant': {0.05: 829, 0.01: 729, 0.001: 607}, 'frac_significant': {0.05: 0.8885316184351554, 0.01: 0.7813504823151125, 0.001: 0.6505894962486602}}}","{'sim_only': {'laptop (computer_dist)': {'n_pairs': 1000, 'n_max_trajs': 56, 'n_min_trajs': 448, 'n_nonempty_hist': {0: 0, 1: 17, 2: 983}, 'n_both_nonempty': 983, 'n_ttest_run': 962, 'n_significant': {0.05: 860, 0.01: 830, 0.001: 752}, 'frac_significant': {0.05: 0.893970893970894, 0.01: 0.8627858627858628, 0.001: 0.7817047817047817}}, 'upright (joint_up)': {'n_pairs': 1000, 'n_max_trajs': 560, 'n_min_trajs': 280, 'n_nonempty_hist': {0: 1, 1: 31, 2: 968}, 'n_both_nonempty': 968, 'n_ttest_run': 933, 'n_significant': {0.05: 829, 0.01: 729, 0.001: 607}, 'frac_significant': {0.05: 0.8885316184351554, 0.01: 0.7813504823151125, 0.001: 0.6505894962486602}}}}"
0,6,16,results/frozen_sirl_ts/frozen_sirl_ts_1786634237.pth,https://wandb.ai/m1randa-massachusetts-institute-of-technology/tversky-sirl/runs/jnvpte3w,"{'laptop (computer_dist)': {'n_pairs': 1000, 'n_max_trajs': 56, 'n_min_trajs': 448, 'n_nonempty_hist': {0: 0, 1: 3, 2: 997}, 'n_both_nonempty': 997, 'n_ttest_run': 994, 'n_significant': {0.05: 849, 0.01: 697, 0.001: 567}, 'frac_significant': {0.05: 0.8541247484909457, 0.01: 0.7012072434607646, 0.001: 0.5704225352112676}}, 'upright (joint_up)': {'n_pairs': 1000, 'n_max_trajs': 560, 'n_min_trajs': 280, 'n_nonempty_hist': {0: 4, 1: 0, 2: 996}, 'n_both_nonempty': 996, 'n_ttest_run': 868, 'n_significant': {0.05: 581, 0.01: 416, 0.001: 287}, 'frac_significant': {0.05: 0.6693548387096774, 0.01: 0.4792626728110599, 0.001: 0.33064516129032256}}}","{'sim_only': {'laptop (computer_dist)': {'n_pairs': 1000, 'n_max_trajs': 56, 'n_min_trajs': 448, 'n_nonempty_hist': {0: 0, 1: 3, 2: 997}, 'n_both_nonempty': 997, 'n_ttest_run': 994, 'n_significant': {0.05: 849, 0.01: 697, 0.001: 567}, 'frac_significant': {0.05: 0.8541247484909457, 0.01: 0.7012072434607646, 0.001: 0.5704225352112676}}, 'upright (joint_up)': {'n_pairs': 1000, 'n_max_trajs': 560, 'n_min_trajs': 280, 'n_nonempty_hist': {0: 4, 1: 0, 2: 996}, 'n_both_nonempty': 996, 'n_ttest_run': 868, 'n_significant': {0.05: 581, 0.01: 416, 0.001: 287}, 'frac_significant': {0.05: 0.6693548387096774, 0.01: 0.4792626728110599, 0.001: 0.33064516129032256}}}}"
1,6,16,results/frozen_sirl_ts/frozen_sirl_ts_1786634250.pth,https://wandb.ai/m1randa-massachusetts-institute-of-technology/tversky-sirl/runs/t9d76om6,"{'laptop (computer_dist)': {'n_pairs': 1000, 'n_max_trajs': 56, 'n_min_trajs': 448, 'n_nonempty_hist': {0: 0, 1: 2, 2: 998}, 'n_both_nonempty': 998, 'n_ttest_run': 998, 'n_significant': {0.05: 606, 0.01: 450, 0.001: 214}, 'frac_significant': {0.05: 0.6072144288577155, 0.01: 0.45090180360721444, 0.001: 0.21442885771543085}}, 'upright (joint_up)': {'n_pairs': 1000, 'n_max_trajs': 560, 'n_min_trajs': 280, 'n_nonempty_hist': {0: 1, 1: 1, 2: 998}, 'n_both_nonempty': 998, 'n_ttest_run': 964, 'n_significant': {0.05: 818, 0.01: 728, 0.001: 426}, 'frac_significant': {0.05: 0.8485477178423236, 0.01: 0.7551867219917012, 0.001: 0.44190871369294604}}}","{'sim_only': {'laptop (computer_dist)': {'n_pairs': 1000, 'n_max_trajs': 56, 'n_min_trajs': 448, 'n_nonempty_hist': {0: 0, 1: 2, 2: 998}, 'n_both_nonempty': 998, 'n_ttest_run': 998, 'n_significant': {0.05: 606, 0.01: 450, 0.001: 214}, 'frac_significant': {0.05: 0.6072144288577155, 0.01: 0.45090180360721444, 0.001: 0.21442885771543085}}, 'upright (joint_up)': {'n_pairs': 1000, 'n_max_trajs': 560, 'n_min_trajs': 280, 'n_nonempty_hist': {0: 1, 1: 1, 2: 998}, 'n_both_nonempty': 998, 'n_ttest_run': 964, 'n_significant': {0.05: 818, 0.01: 728, 0.001: 426}, 'frac_significant': {0.05: 0.8485477178423236, 0.01: 0.7551867219917012, 0.001: 0.44190871369294604}}}}"
2,6,16,results/frozen_sirl_ts/frozen_sirl_ts_1786634262.pth,https://wandb.ai/m1randa-massachusetts-institute-of-technology/tversky-sirl/runs/sco9posz,"{'laptop (computer_dist)': {'n_pairs': 1000, 'n_max_trajs': 56, 'n_min_trajs': 448, 'n_nonempty_hist': {0: 0, 1: 0, 2: 1000}, 'n_both_nonempty': 1000, 'n_ttest_run': 977, 'n_significant': {0.05: 892, 0.01: 847, 0.001: 744}, 'frac_significant': {0.05: 0.9129989764585466, 0.01: 0.8669396110542477, 0.001: 0.7615148413510747}}, 'upright (joint_up)': {'n_pairs': 1000, 'n_max_trajs': 560, 'n_min_trajs': 280, 'n_nonempty_hist': {0: 0, 1: 0, 2: 1000}, 'n_both_nonempty': 1000, 'n_ttest_run': 837, 'n_significant': {0.05: 672, 0.01: 549, 0.001: 443}, 'frac_significant': {0.05: 0.8028673835125448, 0.01: 0.6559139784946236, 0.001: 0.5292712066905615}}}","{'sim_only': {'laptop (computer_dist)': {'n_pairs': 1000, 'n_max_trajs': 56, 'n_min_trajs': 448, 'n_nonempty_hist': {0: 0, 1: 0, 2: 1000}, 'n_both_nonempty': 1000, 'n_ttest_run': 977, 'n_significant': {0.05: 892, 0.01: 847, 0.001: 744}, 'frac_significant': {0.05: 0.9129989764585466, 0.01: 0.8669396110542477, 0.001: 0.7615148413510747}}, 'upright (joint_up)': {'n_pairs': 1000, 'n_max_trajs': 560, 'n_min_trajs': 280, 'n_nonempty_hist': {0: 0, 1: 0, 2: 1000}, 'n_both_nonempty': 1000, 'n_ttest_run': 837, 'n_significant': {0.05: 672, 0.01: 549, 0.001: 443}, 'frac_significant': {0.05: 0.8028673835125448, 0.01: 0.6559139784946236, 0.001: 0.5292712066905615}}}}"
0,6,32,results/frozen_sirl_ts/frozen_sirl_ts_1786634275.pth,https://wandb.ai/m1randa-massachusetts-institute-of-technology/tversky-sirl/runs/yohih1e9,"{'laptop (computer_dist)': {'n_pairs': 1000, 'n_max_trajs': 56, 'n_min_trajs': 448, 'n_nonempty_hist': {0: 0, 1: 0, 2: 1000}, 'n_both_nonempty': 1000, 'n_ttest_run': 990, 'n_significant': {0.05: 798, 0.01: 699, 0.001: 634}, 'frac_significant': {0.05: 0.806060606060606, 0.01: 0.706060606060606, 0.001: 0.6404040404040404}}, 'upright (joint_up)': {'n_pairs': 1000, 'n_max_trajs': 560, 'n_min_trajs': 280, 'n_nonempty_hist': {0: 1, 1: 0, 2: 999}, 'n_both_nonempty': 999, 'n_ttest_run': 914, 'n_significant': {0.05: 650, 0.01: 516, 0.001: 337}, 'frac_significant': {0.05: 0.7111597374179431, 0.01: 0.5645514223194749, 0.001: 0.3687089715536105}}}","{'sim_only': {'laptop (computer_dist)': {'n_pairs': 1000, 'n_max_trajs': 56, 'n_min_trajs': 448, 'n_nonempty_hist': {0: 0, 1: 0, 2: 1000}, 'n_both_nonempty': 1000, 'n_ttest_run': 990, 'n_significant': {0.05: 798, 0.01: 699, 0.001: 634}, 'frac_significant': {0.05: 0.806060606060606, 0.01: 0.706060606060606, 0.001: 0.6404040404040404}}, 'upright (joint_up)': {'n_pairs': 1000, 'n_max_trajs': 560, 'n_min_trajs': 280, 'n_nonempty_hist': {0: 1, 1: 0, 2: 999}, 'n_both_nonempty': 999, 'n_ttest_run': 914, 'n_significant': {0.05: 650, 0.01: 516, 0.001: 337}, 'frac_significant': {0.05: 0.7111597374179431, 0.01: 0.5645514223194749, 0.001: 0.3687089715536105}}}}"
1,6,32,results/frozen_sirl_ts/frozen_sirl_ts_1786634288.pth,https://wandb.ai/m1randa-massachusetts-institute-of-technology/tversky-sirl/runs/bjuiu32x,"{'laptop (computer_dist)': {'n_pairs': 1000, 'n_max_trajs': 56, 'n_min_trajs': 448, 'n_nonempty_hist': {0: 1, 1: 0, 2: 999}, 'n_both_nonempty': 999, 'n_ttest_run': 998, 'n_significant': {0.05: 860, 0.01: 752, 0.001: 465}, 'frac_significant': {0.05: 0.8617234468937875, 0.01: 0.7535070140280561, 0.001: 0.46593186372745493}}, 'upright (joint_up)': {'n_pairs': 1000, 'n_max_trajs': 560, 'n_min_trajs': 280, 'n_nonempty_hist': {0: 1, 1: 0, 2: 999}, 'n_both_nonempty': 999, 'n_ttest_run': 913, 'n_significant': {0.05: 765, 0.01: 653, 0.001: 536}, 'frac_significant': {0.05: 0.8378970427163198, 0.01: 0.7152245345016429, 0.001: 0.5870755750273823}}}","{'sim_only': {'laptop (computer_dist)': {'n_pairs': 1000, 'n_max_trajs': 56, 'n_min_trajs': 448, 'n_nonempty_hist': {0: 1, 1: 0, 2: 999}, 'n_both_nonempty': 999, 'n_ttest_run': 998, 'n_significant': {0.05: 860, 0.01: 752, 0.001: 465}, 'frac_significant': {0.05: 0.8617234468937875, 0.01: 0.7535070140280561, 0.001: 0.46593186372745493}}, 'upright (joint_up)': {'n_pairs': 1000, 'n_max_trajs': 560, 'n_min_trajs': 280, 'n_nonempty_hist': {0: 1, 1: 0, 2: 999}, 'n_both_nonempty': 999, 'n_ttest_run': 913, 'n_significant': {0.05: 765, 0.01: 653, 0.001: 536}, 'frac_significant': {0.05: 0.8378970427163198, 0.01: 0.7152245345016429, 0.001: 0.5870755750273823}}}}"
2,6,32,results/frozen_sirl_ts/frozen_sirl_ts_1786634300.pth,https://wandb.ai/m1randa-massachusetts-institute-of-technology/tversky-sirl/runs/yu34ksaw,"{'laptop (computer_dist)': {'n_pairs': 1000, 'n_max_trajs': 56, 'n_min_trajs': 448, 'n_nonempty_hist': {0: 1, 1: 0, 2: 999}, 'n_both_nonempty': 999, 'n_ttest_run': 973, 'n_significant': {0.05: 823, 0.01: 717, 0.001: 568}, 'frac_significant': {0.05: 0.8458376156217883, 0.01: 0.736896197327852, 0.001: 0.5837615621788284}}, 'upright (joint_up)': {'n_pairs': 1000, 'n_max_trajs': 560, 'n_min_trajs': 280, 'n_nonempty_hist': {0: 0, 1: 0, 2: 1000}, 'n_both_nonempty': 1000, 'n_ttest_run': 918, 'n_significant': {0.05: 688, 0.01: 537, 0.001: 401}, 'frac_significant': {0.05: 0.7494553376906318, 0.01: 0.5849673202614379, 0.001: 0.43681917211328974}}}","{'sim_only': {'laptop (computer_dist)': {'n_pairs': 1000, 'n_max_trajs': 56, 'n_min_trajs': 448, 'n_nonempty_hist': {0: 1, 1: 0, 2: 999}, 'n_both_nonempty': 999, 'n_ttest_run': 973, 'n_significant': {0.05: 823, 0.01: 717, 0.001: 568}, 'frac_significant': {0.05: 0.8458376156217883, 0.01: 0.736896197327852, 0.001: 0.5837615621788284}}, 'upright (joint_up)': {'n_pairs': 1000, 'n_max_trajs': 560, 'n_min_trajs': 280, 'n_nonempty_hist': {0: 0, 1: 0, 2: 1000}, 'n_both_nonempty': 1000, 'n_ttest_run': 918, 'n_significant': {0.05: 688, 0.01: 537, 0.001: 401}, 'frac_significant': {0.05: 0.7494553376906318, 0.01: 0.5849673202614379, 0.001: 0.43681917211328974}}}}"
0,6,64,results/frozen_sirl_ts/frozen_sirl_ts_1786634312.pth,https://wandb.ai/m1randa-massachusetts-institute-of-technology/tversky-sirl/runs/h3ed3sgx,"{'laptop (computer_dist)': {'n_pairs': 1000, 'n_max_trajs': 56, 'n_min_trajs': 448, 'n_nonempty_hist': {0: 0, 1: 0, 2: 1000}, 'n_both_nonempty': 1000, 'n_ttest_run': 984, 'n_significant': {0.05: 917, 0.01: 876, 0.001: 785}, 'frac_significant': {0.05: 0.931910569105691, 0.01: 0.8902439024390244, 0.001: 0.7977642276422764}}, 'upright (joint_up)': {'n_pairs': 1000, 'n_max_trajs': 560, 'n_min_trajs': 280, 'n_nonempty_hist': {0: 1, 1: 1, 2: 998}, 'n_both_nonempty': 998, 'n_ttest_run': 702, 'n_significant': {0.05: 615, 0.01: 544, 0.001: 411}, 'frac_significant': {0.05: 0.8760683760683761, 0.01: 0.7749287749287749, 0.001: 0.5854700854700855}}}","{'sim_only': {'laptop (computer_dist)': {'n_pairs': 1000, 'n_max_trajs': 56, 'n_min_trajs': 448, 'n_nonempty_hist': {0: 0, 1: 0, 2: 1000}, 'n_both_nonempty': 1000, 'n_ttest_run': 984, 'n_significant': {0.05: 917, 0.01: 876, 0.001: 785}, 'frac_significant': {0.05: 0.931910569105691, 0.01: 0.8902439024390244, 0.001: 0.7977642276422764}}, 'upright (joint_up)': {'n_pairs': 1000, 'n_max_trajs': 560, 'n_min_trajs': 280, 'n_nonempty_hist': {0: 1, 1: 1, 2: 998}, 'n_both_nonempty': 998, 'n_ttest_run': 702, 'n_significant': {0.05: 615, 0.01: 544, 0.001: 411}, 'frac_significant': {0.05: 0.8760683760683761, 0.01: 0.7749287749287749, 0.001: 0.5854700854700855}}}}"
1,6,64,results/frozen_sirl_ts/frozen_sirl_ts_1786634325.pth,https://wandb.ai/m1randa-massachusetts-institute-of-technology/tversky-sirl/runs/9gdh4ien,"{'laptop (computer_dist)': {'n_pairs': 1000, 'n_max_trajs': 56, 'n_min_trajs': 448, 'n_nonempty_hist': {0: 0, 1: 0, 2: 1000}, 'n_both_nonempty': 1000, 'n_ttest_run': 997, 'n_significant': {0.05: 877, 0.01: 783, 0.001: 549}, 'frac_significant': {0.05: 0.8796389167502507, 0.01: 0.7853560682046138, 0.001: 0.5506519558676028}}, 'upright (joint_up)': {'n_pairs': 1000, 'n_max_trajs': 560, 'n_min_trajs': 280, 'n_nonempty_hist': {0: 0, 1: 0, 2: 1000}, 'n_both_nonempty': 1000, 'n_ttest_run': 831, 'n_significant': {0.05: 633, 0.01: 465, 0.001: 394}, 'frac_significant': {0.05: 0.7617328519855595, 0.01: 0.5595667870036101, 0.001: 0.4741275571600481}}}","{'sim_only': {'laptop (computer_dist)': {'n_pairs': 1000, 'n_max_trajs': 56, 'n_min_trajs': 448, 'n_nonempty_hist': {0: 0, 1: 0, 2: 1000}, 'n_both_nonempty': 1000, 'n_ttest_run': 997, 'n_significant': {0.05: 877, 0.01: 783, 0.001: 549}, 'frac_significant': {0.05: 0.8796389167502507, 0.01: 0.7853560682046138, 0.001: 0.5506519558676028}}, 'upright (joint_up)': {'n_pairs': 1000, 'n_max_trajs': 560, 'n_min_trajs': 280, 'n_nonempty_hist': {0: 0, 1: 0, 2: 1000}, 'n_both_nonempty': 1000, 'n_ttest_run': 831, 'n_significant': {0.05: 633, 0.01: 465, 0.001: 394}, 'frac_significant': {0.05: 0.7617328519855595, 0.01: 0.5595667870036101, 0.001: 0.4741275571600481}}}}"
2,6,64,results/frozen_sirl_ts/frozen_sirl_ts_1786634338.pth,https://wandb.ai/m1randa-massachusetts-institute-of-technology/tversky-sirl/runs/hwbypxm0,"{'laptop (computer_dist)': {'n_pairs': 1000, 'n_max_trajs': 56, 'n_min_trajs': 448, 'n_nonempty_hist': {0: 0, 1: 0, 2: 1000}, 'n_both_nonempty': 1000, 'n_ttest_run': 887, 'n_significant': {0.05: 764, 0.01: 705, 0.001: 612}, 'frac_significant': {0.05: 0.8613303269447576, 0.01: 0.7948139797068771, 0.001: 0.6899661781285231}}, 'upright (joint_up)': {'n_pairs': 1000, 'n_max_trajs': 560, 'n_min_trajs': 280, 'n_nonempty_hist': {0: 7, 1: 0, 2: 993}, 'n_both_nonempty': 993, 'n_ttest_run': 931, 'n_significant': {0.05: 600, 0.01: 457, 0.001: 375}, 'frac_significant': {0.05: 0.644468313641246, 0.01: 0.4908700322234157, 0.001: 0.4027926960257787}}}","{'sim_only': {'laptop (computer_dist)': {'n_pairs': 1000, 'n_max_trajs': 56, 'n_min_trajs': 448, 'n_nonempty_hist': {0: 0, 1: 0, 2: 1000}, 'n_both_nonempty': 1000, 'n_ttest_run': 887, 'n_significant': {0.05: 764, 0.01: 705, 0.001: 612}, 'frac_significant': {0.05: 0.8613303269447576, 0.01: 0.7948139797068771, 0.001: 0.6899661781285231}}, 'upright (joint_up)': {'n_pairs': 1000, 'n_max_trajs': 560, 'n_min_trajs': 280, 'n_nonempty_hist': {0: 7, 1: 0, 2: 993}, 'n_both_nonempty': 993, 'n_ttest_run': 931, 'n_significant': {0.05: 600, 0.01: 457, 0.001: 375}, 'frac_significant': {0.05: 0.644468313641246, 0.01: 0.4908700322234157, 0.001: 0.4027926960257787}}}}"
0,6,128,results/frozen_sirl_ts/frozen_sirl_ts_1786634350.pth,https://wandb.ai/m1randa-massachusetts-institute-of-technology/tversky-sirl/runs/xert5aal,"{'laptop (computer_dist)': {'n_pairs': 1000, 'n_max_trajs': 56, 'n_min_trajs': 448, 'n_nonempty_hist': {0: 2, 1: 0, 2: 998}, 'n_both_nonempty': 998, 'n_ttest_run': 985, 'n_significant': {0.05: 906, 0.01: 842, 0.001: 756}, 'frac_significant': {0.05: 0.9197969543147209, 0.01: 0.8548223350253807, 0.001: 0.76751269035533}}, 'upright (joint_up)': {'n_pairs': 1000, 'n_max_trajs': 560, 'n_min_trajs': 280, 'n_nonempty_hist': {0: 3, 1: 0, 2: 997}, 'n_both_nonempty': 997, 'n_ttest_run': 833, 'n_significant': {0.05: 724, 0.01: 634, 0.001: 482}, 'frac_significant': {0.05: 0.8691476590636255, 0.01: 0.7611044417767107, 0.001: 0.5786314525810324}}}","{'sim_only': {'laptop (computer_dist)': {'n_pairs': 1000, 'n_max_trajs': 56, 'n_min_trajs': 448, 'n_nonempty_hist': {0: 2, 1: 0, 2: 998}, 'n_both_nonempty': 998, 'n_ttest_run': 985, 'n_significant': {0.05: 906, 0.01: 842, 0.001: 756}, 'frac_significant': {0.05: 0.9197969543147209, 0.01: 0.8548223350253807, 0.001: 0.76751269035533}}, 'upright (joint_up)': {'n_pairs': 1000, 'n_max_trajs': 560, 'n_min_trajs': 280, 'n_nonempty_hist': {0: 3, 1: 0, 2: 997}, 'n_both_nonempty': 997, 'n_ttest_run': 833, 'n_significant': {0.05: 724, 0.01: 634, 0.001: 482}, 'frac_significant': {0.05: 0.8691476590636255, 0.01: 0.7611044417767107, 0.001: 0.5786314525810324}}}}"
1,6,128,results/frozen_sirl_ts/frozen_sirl_ts_1786634364.pth,https://wandb.ai/m1randa-massachusetts-institute-of-technology/tversky-sirl/runs/42s4b2zv,"{'laptop (computer_dist)': {'n_pairs': 1000, 'n_max_trajs': 56, 'n_min_trajs': 448, 'n_nonempty_hist': {0: 1, 1: 0, 2: 999}, 'n_both_nonempty': 999, 'n_ttest_run': 994, 'n_significant': {0.05: 904, 0.01: 774, 0.001: 534}, 'frac_significant': {0.05: 0.9094567404426559, 0.01: 0.778672032193159, 0.001: 0.5372233400402414}}, 'upright (joint_up)': {'n_pairs': 1000, 'n_max_trajs': 560, 'n_min_trajs': 280, 'n_nonempty_hist': {0: 0, 1: 0, 2: 1000}, 'n_both_nonempty': 1000, 'n_ttest_run': 940, 'n_significant': {0.05: 721, 0.01: 586, 0.001: 472}, 'frac_significant': {0.05: 0.7670212765957447, 0.01: 0.6234042553191489, 0.001: 0.502127659574468}}}","{'sim_only': {'laptop (computer_dist)': {'n_pairs': 1000, 'n_max_trajs': 56, 'n_min_trajs': 448, 'n_nonempty_hist': {0: 1, 1: 0, 2: 999}, 'n_both_nonempty': 999, 'n_ttest_run': 994, 'n_significant': {0.05: 904, 0.01: 774, 0.001: 534}, 'frac_significant': {0.05: 0.9094567404426559, 0.01: 0.778672032193159, 0.001: 0.5372233400402414}}, 'upright (joint_up)': {'n_pairs': 1000, 'n_max_trajs': 560, 'n_min_trajs': 280, 'n_nonempty_hist': {0: 0, 1: 0, 2: 1000}, 'n_both_nonempty': 1000, 'n_ttest_run': 940, 'n_significant': {0.05: 721, 0.01: 586, 0.001: 472}, 'frac_significant': {0.05: 0.7670212765957447, 0.01: 0.6234042553191489, 0.001: 0.502127659574468}}}}"
2,6,128,results/frozen_sirl_ts/frozen_sirl_ts_1786634377.pth,https://wandb.ai/m1randa-massachusetts-institute-of-technology/tversky-sirl/runs/zaxhqm65,"{'laptop (computer_dist)': {'n_pairs': 1000, 'n_max_trajs': 56, 'n_min_trajs': 448, 'n_nonempty_hist': {0: 18, 1: 0, 2: 982}, 'n_both_nonempty': 982, 'n_ttest_run': 919, 'n_significant': {0.05: 662, 0.01: 559, 0.001: 428}, 'frac_significant': {0.05: 0.720348204570185, 0.01: 0.6082698585418934, 0.001: 0.4657236126224157}}, 'upright (joint_up)': {'n_pairs': 1000, 'n_max_trajs': 560, 'n_min_trajs': 280, 'n_nonempty_hist': {0: 14, 1: 0, 2: 986}, 'n_both_nonempty': 986, 'n_ttest_run': 954, 'n_significant': {0.05: 637, 0.01: 436, 0.001: 283}, 'frac_significant': {0.05: 0.6677148846960168, 0.01: 0.4570230607966457, 0.001: 0.2966457023060797}}}","{'sim_only': {'laptop (computer_dist)': {'n_pairs': 1000, 'n_max_trajs': 56, 'n_min_trajs': 448, 'n_nonempty_hist': {0: 18, 1: 0, 2: 982}, 'n_both_nonempty': 982, 'n_ttest_run': 919, 'n_significant': {0.05: 662, 0.01: 559, 0.001: 428}, 'frac_significant': {0.05: 0.720348204570185, 0.01: 0.6082698585418934, 0.001: 0.4657236126224157}}, 'upright (joint_up)': {'n_pairs': 1000, 'n_max_trajs': 560, 'n_min_trajs': 280, 'n_nonempty_hist': {0: 14, 1: 0, 2: 986}, 'n_both_nonempty': 986, 'n_ttest_run': 954, 'n_significant': {0.05: 637, 0.01: 436, 0.001: 283}, 'frac_significant': {0.05: 0.6677148846960168, 0.01: 0.4570230607966457, 0.001: 0.2966457023060797}}}}"
0,6,256,results/frozen_sirl_ts/frozen_sirl_ts_1786634389.pth,https://wandb.ai/m1randa-massachusetts-institute-of-technology/tversky-sirl/runs/x8iz99vw,"{'laptop (computer_dist)': {'n_pairs': 1000, 'n_max_trajs': 56, 'n_min_trajs': 448, 'n_nonempty_hist': {0: 14, 1: 0, 2: 986}, 'n_both_nonempty': 986, 'n_ttest_run': 972, 'n_significant': {0.05: 788, 0.01: 761, 0.001: 678}, 'frac_significant': {0.05: 0.8106995884773662, 0.01: 0.7829218106995884, 0.001: 0.6975308641975309}}, 'upright (joint_up)': {'n_pairs': 1000, 'n_max_trajs': 560, 'n_min_trajs': 280, 'n_nonempty_hist': {0: 2, 1: 0, 2: 998}, 'n_both_nonempty': 998, 'n_ttest_run': 882, 'n_significant': {0.05: 762, 0.01: 683, 0.001: 579}, 'frac_significant': {0.05: 0.8639455782312925, 0.01: 0.7743764172335601, 0.001: 0.6564625850340136}}}","{'sim_only': {'laptop (computer_dist)': {'n_pairs': 1000, 'n_max_trajs': 56, 'n_min_trajs': 448, 'n_nonempty_hist': {0: 14, 1: 0, 2: 986}, 'n_both_nonempty': 986, 'n_ttest_run': 972, 'n_significant': {0.05: 788, 0.01: 761, 0.001: 678}, 'frac_significant': {0.05: 0.8106995884773662, 0.01: 0.7829218106995884, 0.001: 0.6975308641975309}}, 'upright (joint_up)': {'n_pairs': 1000, 'n_max_trajs': 560, 'n_min_trajs': 280, 'n_nonempty_hist': {0: 2, 1: 0, 2: 998}, 'n_both_nonempty': 998, 'n_ttest_run': 882, 'n_significant': {0.05: 762, 0.01: 683, 0.001: 579}, 'frac_significant': {0.05: 0.8639455782312925, 0.01: 0.7743764172335601, 0.001: 0.6564625850340136}}}}"
1,6,256,results/frozen_sirl_ts/frozen_sirl_ts_1786634405.pth,https://wandb.ai/m1randa-massachusetts-institute-of-technology/tversky-sirl/runs/2czk63vw,"{'laptop (computer_dist)': {'n_pairs': 1000, 'n_max_trajs': 56, 'n_min_trajs': 448, 'n_nonempty_hist': {0: 0, 1: 0, 2: 1000}, 'n_both_nonempty': 1000, 'n_ttest_run': 996, 'n_significant': {0.05: 781, 0.01: 649, 0.001: 386}, 'frac_significant': {0.05: 0.7841365461847389, 0.01: 0.6516064257028112, 0.001: 0.38755020080321284}}, 'upright (joint_up)': {'n_pairs': 1000, 'n_max_trajs': 560, 'n_min_trajs': 280, 'n_nonempty_hist': {0: 0, 1: 0, 2: 1000}, 'n_both_nonempty': 1000, 'n_ttest_run': 870, 'n_significant': {0.05: 645, 0.01: 447, 0.001: 210}, 'frac_significant': {0.05: 0.7413793103448276, 0.01: 0.5137931034482759, 0.001: 0.2413793103448276}}}","{'sim_only': {'laptop (computer_dist)': {'n_pairs': 1000, 'n_max_trajs': 56, 'n_min_trajs': 448, 'n_nonempty_hist': {0: 0, 1: 0, 2: 1000}, 'n_both_nonempty': 1000, 'n_ttest_run': 996, 'n_significant': {0.05: 781, 0.01: 649, 0.001: 386}, 'frac_significant': {0.05: 0.7841365461847389, 0.01: 0.6516064257028112, 0.001: 0.38755020080321284}}, 'upright (joint_up)': {'n_pairs': 1000, 'n_max_trajs': 560, 'n_min_trajs': 280, 'n_nonempty_hist': {0: 0, 1: 0, 2: 1000}, 'n_both_nonempty': 1000, 'n_ttest_run': 870, 'n_significant': {0.05: 645, 0.01: 447, 0.001: 210}, 'frac_significant': {0.05: 0.7413793103448276, 0.01: 0.5137931034482759, 0.001: 0.2413793103448276}}}}"
2,6,256,results/frozen_sirl_ts/frozen_sirl_ts_1786634419.pth,https://wandb.ai/m1randa-massachusetts-institute-of-technology/tversky-sirl/runs/nks74ge7,"{'laptop (computer_dist)': {'n_pairs': 1000, 'n_max_trajs': 56, 'n_min_trajs': 448, 'n_nonempty_hist': {0: 20, 1: 0, 2: 980}, 'n_both_nonempty': 980, 'n_ttest_run': 914, 'n_significant': {0.05: 649, 0.01: 544, 0.001: 425}, 'frac_significant': {0.05: 0.7100656455142232, 0.01: 0.5951859956236324, 0.001: 0.4649890590809628}}, 'upright (joint_up)': {'n_pairs': 1000, 'n_max_trajs': 560, 'n_min_trajs': 280, 'n_nonempty_hist': {0: 7, 1: 0, 2: 993}, 'n_both_nonempty': 993, 'n_ttest_run': 983, 'n_significant': {0.05: 648, 0.01: 437, 0.001: 303}, 'frac_significant': {0.05: 0.659206510681587, 0.01: 0.44455747711088506, 0.001: 0.3082400813835198}}}","{'sim_only': {'laptop (computer_dist)': {'n_pairs': 1000, 'n_max_trajs': 56, 'n_min_trajs': 448, 'n_nonempty_hist': {0: 20, 1: 0, 2: 980}, 'n_both_nonempty': 980, 'n_ttest_run': 914, 'n_significant': {0.05: 649, 0.01: 544, 0.001: 425}, 'frac_significant': {0.05: 0.7100656455142232, 0.01: 0.5951859956236324, 0.001: 0.4649890590809628}}, 'upright (joint_up)': {'n_pairs': 1000, 'n_max_trajs': 560, 'n_min_trajs': 280, 'n_nonempty_hist': {0: 7, 1: 0, 2: 993}, 'n_both_nonempty': 993, 'n_ttest_run': 983, 'n_significant': {0.05: 648, 0.01: 437, 0.001: 303}, 'frac_significant': {0.05: 0.659206510681587, 0.01: 0.44455747711088506, 0.001: 0.3082400813835198}}}}"
0,8,2,results/frozen_sirl_ts/frozen_sirl_ts_1786634434.pth,https://wandb.ai/m1randa-massachusetts-institute-of-technology/tversky-sirl/runs/t18k1atb,"{'laptop (computer_dist)': {'n_pairs': 1000, 'n_max_trajs': 56, 'n_min_trajs': 448, 'n_nonempty_hist': {0: 110, 1: 350, 2: 540}, 'n_both_nonempty': 540, 'n_ttest_run': 540, 'n_significant': {0.05: 540, 0.01: 540, 0.001: 540}, 'frac_significant': {0.05: 1.0, 0.01: 1.0, 0.001: 1.0}}, 'upright (joint_up)': {'n_pairs': 1000, 'n_max_trajs': 560, 'n_min_trajs': 280, 'n_nonempty_hist': {0: 301, 1: 385, 2: 314}, 'n_both_nonempty': 314, 'n_ttest_run': 314, 'n_significant': {0.05: 0, 0.01: 0, 0.001: 0}, 'frac_significant': {0.05: 0.0, 0.01: 0.0, 0.001: 0.0}}}","{'sim_only': {'laptop (computer_dist)': {'n_pairs': 1000, 'n_max_trajs': 56, 'n_min_trajs': 448, 'n_nonempty_hist': {0: 110, 1: 350, 2: 540}, 'n_both_nonempty': 540, 'n_ttest_run': 540, 'n_significant': {0.05: 540, 0.01: 540, 0.001: 540}, 'frac_significant': {0.05: 1.0, 0.01: 1.0, 0.001: 1.0}}, 'upright (joint_up)': {'n_pairs': 1000, 'n_max_trajs': 560, 'n_min_trajs': 280, 'n_nonempty_hist': {0: 301, 1: 385, 2: 314}, 'n_both_nonempty': 314, 'n_ttest_run': 314, 'n_significant': {0.05: 0, 0.01: 0, 0.001: 0}, 'frac_significant': {0.05: 0.0, 0.01: 0.0, 0.001: 0.0}}}}"
1,8,2,results/frozen_sirl_ts/frozen_sirl_ts_1786634445.pth,https://wandb.ai/m1randa-massachusetts-institute-of-technology/tversky-sirl/runs/9g1mnnex,"{'laptop (computer_dist)': {'n_pairs': 1000, 'n_max_trajs': 56, 'n_min_trajs': 448, 'n_nonempty_hist': {0: 93, 1: 633, 2: 274}, 'n_both_nonempty': 274, 'n_ttest_run': 274, 'n_significant': {0.05: 274, 0.01: 0, 0.001: 0}, 'frac_significant': {0.05: 1.0, 0.01: 0.0, 0.001: 0.0}}, 'upright (joint_up)': {'n_pairs': 1000, 'n_max_trajs': 560, 'n_min_trajs': 280, 'n_nonempty_hist': {0: 36, 1: 947, 2: 17}, 'n_both_nonempty': 17, 'n_ttest_run': 0, 'n_significant': {0.05: 0, 0.01: 0, 0.001: 0}, 'frac_significant': {0.05: 0.0, 0.01: 0.0, 0.001: 0.0}}}","{'sim_only': {'laptop (computer_dist)': {'n_pairs': 1000, 'n_max_trajs': 56, 'n_min_trajs': 448, 'n_nonempty_hist': {0: 93, 1: 633, 2: 274}, 'n_both_nonempty': 274, 'n_ttest_run': 274, 'n_significant': {0.05: 274, 0.01: 0, 0.001: 0}, 'frac_significant': {0.05: 1.0, 0.01: 0.0, 0.001: 0.0}}, 'upright (joint_up)': {'n_pairs': 1000, 'n_max_trajs': 560, 'n_min_trajs': 280, 'n_nonempty_hist': {0: 36, 1: 947, 2: 17}, 'n_both_nonempty': 17, 'n_ttest_run': 0, 'n_significant': {0.05: 0, 0.01: 0, 0.001: 0}, 'frac_significant': {0.05: 0.0, 0.01: 0.0, 0.001: 0.0}}}}"
2,8,2,results/frozen_sirl_ts/frozen_sirl_ts_1786634457.pth,https://wandb.ai/m1randa-massachusetts-institute-of-technology/tversky-sirl/runs/lgiz42dy,"{'laptop (computer_dist)': {'n_pairs': 1000, 'n_max_trajs': 56, 'n_min_trajs': 448, 'n_nonempty_hist': {0: 193, 1: 766, 2: 41}, 'n_both_nonempty': 41, 'n_ttest_run': 41, 'n_significant': {0.05: 0, 0.01: 0, 0.001: 0}, 'frac_significant': {0.05: 0.0, 0.01: 0.0, 0.001: 0.0}}, 'upright (joint_up)': {'n_pairs': 1000, 'n_max_trajs': 560, 'n_min_trajs': 280, 'n_nonempty_hist': {0: 69, 1: 875, 2: 56}, 'n_both_nonempty': 56, 'n_ttest_run': 56, 'n_significant': {0.05: 0, 0.01: 0, 0.001: 0}, 'frac_significant': {0.05: 0.0, 0.01: 0.0, 0.001: 0.0}}}","{'sim_only': {'laptop (computer_dist)': {'n_pairs': 1000, 'n_max_trajs': 56, 'n_min_trajs': 448, 'n_nonempty_hist': {0: 193, 1: 766, 2: 41}, 'n_both_nonempty': 41, 'n_ttest_run': 41, 'n_significant': {0.05: 0, 0.01: 0, 0.001: 0}, 'frac_significant': {0.05: 0.0, 0.01: 0.0, 0.001: 0.0}}, 'upright (joint_up)': {'n_pairs': 1000, 'n_max_trajs': 560, 'n_min_trajs': 280, 'n_nonempty_hist': {0: 69, 1: 875, 2: 56}, 'n_both_nonempty': 56, 'n_ttest_run': 56, 'n_significant': {0.05: 0, 0.01: 0, 0.001: 0}, 'frac_significant': {0.05: 0.0, 0.01: 0.0, 0.001: 0.0}}}}"
0,8,4,results/frozen_sirl_ts/frozen_sirl_ts_1786634468.pth,https://wandb.ai/m1randa-massachusetts-institute-of-technology/tversky-sirl/runs/s0n2ae8y,"{'laptop (computer_dist)': {'n_pairs': 1000, 'n_max_trajs': 56, 'n_min_trajs': 448, 'n_nonempty_hist': {0: 13, 1: 360, 2: 627}, 'n_both_nonempty': 627, 'n_ttest_run': 627, 'n_significant': {0.05: 621, 0.01: 616, 0.001: 615}, 'frac_significant': {0.05: 0.9904306220095693, 0.01: 0.9824561403508771, 0.001: 0.9808612440191388}}, 'upright (joint_up)': {'n_pairs': 1000, 'n_max_trajs': 560, 'n_min_trajs': 280, 'n_nonempty_hist': {0: 42, 1: 628, 2: 330}, 'n_both_nonempty': 330, 'n_ttest_run': 301, 'n_significant': {0.05: 147, 0.01: 97, 0.001: 0}, 'frac_significant': {0.05: 0.4883720930232558, 0.01: 0.3222591362126246, 0.001: 0.0}}}","{'sim_only': {'laptop (computer_dist)': {'n_pairs': 1000, 'n_max_trajs': 56, 'n_min_trajs': 448, 'n_nonempty_hist': {0: 13, 1: 360, 2: 627}, 'n_both_nonempty': 627, 'n_ttest_run': 627, 'n_significant': {0.05: 621, 0.01: 616, 0.001: 615}, 'frac_significant': {0.05: 0.9904306220095693, 0.01: 0.9824561403508771, 0.001: 0.9808612440191388}}, 'upright (joint_up)': {'n_pairs': 1000, 'n_max_trajs': 560, 'n_min_trajs': 280, 'n_nonempty_hist': {0: 42, 1: 628, 2: 330}, 'n_both_nonempty': 330, 'n_ttest_run': 301, 'n_significant': {0.05: 147, 0.01: 97, 0.001: 0}, 'frac_significant': {0.05: 0.4883720930232558, 0.01: 0.3222591362126246, 0.001: 0.0}}}}"
1,8,4,results/frozen_sirl_ts/frozen_sirl_ts_1786634479.pth,https://wandb.ai/m1randa-massachusetts-institute-of-technology/tversky-sirl/runs/arfohma4,"{'laptop (computer_dist)': {'n_pairs': 1000, 'n_max_trajs': 56, 'n_min_trajs': 448, 'n_nonempty_hist': {0: 31, 1: 339, 2: 630}, 'n_both_nonempty': 630, 'n_ttest_run': 630, 'n_significant': {0.05: 537, 0.01: 510, 0.001: 500}, 'frac_significant': {0.05: 0.8523809523809524, 0.01: 0.8095238095238095, 0.001: 0.7936507936507936}}, 'upright (joint_up)': {'n_pairs': 1000, 'n_max_trajs': 560, 'n_min_trajs': 280, 'n_nonempty_hist': {0: 4, 1: 213, 2: 783}, 'n_both_nonempty': 783, 'n_ttest_run': 783, 'n_significant': {0.05: 600, 0.01: 548, 0.001: 335}, 'frac_significant': {0.05: 0.7662835249042146, 0.01: 0.6998722860791826, 0.001: 0.4278416347381865}}}","{'sim_only': {'laptop (computer_dist)': {'n_pairs': 1000, 'n_max_trajs': 56, 'n_min_trajs': 448, 'n_nonempty_hist': {0: 31, 1: 339, 2: 630}, 'n_both_nonempty': 630, 'n_ttest_run': 630, 'n_significant': {0.05: 537, 0.01: 510, 0.001: 500}, 'frac_significant': {0.05: 0.8523809523809524, 0.01: 0.8095238095238095, 0.001: 0.7936507936507936}}, 'upright (joint_up)': {'n_pairs': 1000, 'n_max_trajs': 560, 'n_min_trajs': 280, 'n_nonempty_hist': {0: 4, 1: 213, 2: 783}, 'n_both_nonempty': 783, 'n_ttest_run': 783, 'n_significant': {0.05: 600, 0.01: 548, 0.001: 335}, 'frac_significant': {0.05: 0.7662835249042146, 0.01: 0.6998722860791826, 0.001: 0.4278416347381865}}}}"
2,8,4,results/frozen_sirl_ts/frozen_sirl_ts_1786634490.pth,https://wandb.ai/m1randa-massachusetts-institute-of-technology/tversky-sirl/runs/utdhkd9u,"{'laptop (computer_dist)': {'n_pairs': 1000, 'n_max_trajs': 56, 'n_min_trajs': 448, 'n_nonempty_hist': {0: 50, 1: 355, 2: 595}, 'n_both_nonempty': 595, 'n_ttest_run': 595, 'n_significant': {0.05: 385, 0.01: 357, 0.001: 256}, 'frac_significant': {0.05: 0.6470588235294118, 0.01: 0.6, 0.001: 0.43025210084033616}}, 'upright (joint_up)': {'n_pairs': 1000, 'n_max_trajs': 560, 'n_min_trajs': 280, 'n_nonempty_hist': {0: 24, 1: 328, 2: 648}, 'n_both_nonempty': 648, 'n_ttest_run': 645, 'n_significant': {0.05: 577, 0.01: 567, 0.001: 311}, 'frac_significant': {0.05: 0.8945736434108527, 0.01: 0.8790697674418605, 0.001: 0.4821705426356589}}}","{'sim_only': {'laptop (computer_dist)': {'n_pairs': 1000, 'n_max_trajs': 56, 'n_min_trajs': 448, 'n_nonempty_hist': {0: 50, 1: 355, 2: 595}, 'n_both_nonempty': 595, 'n_ttest_run': 595, 'n_significant': {0.05: 385, 0.01: 357, 0.001: 256}, 'frac_significant': {0.05: 0.6470588235294118, 0.01: 0.6, 0.001: 0.43025210084033616}}, 'upright (joint_up)': {'n_pairs': 1000, 'n_max_trajs': 560, 'n_min_trajs': 280, 'n_nonempty_hist': {0: 24, 1: 328, 2: 648}, 'n_both_nonempty': 648, 'n_ttest_run': 645, 'n_significant': {0.05: 577, 0.01: 567, 0.001: 311}, 'frac_significant': {0.05: 0.8945736434108527, 0.01: 0.8790697674418605, 0.001: 0.4821705426356589}}}}"
0,8,8,results/frozen_sirl_ts/frozen_sirl_ts_1786634502.pth,https://wandb.ai/m1randa-massachusetts-institute-of-technology/tversky-sirl/runs/86ggl9pb,"{'laptop (computer_dist)': {'n_pairs': 1000, 'n_max_trajs': 56, 'n_min_trajs': 448, 'n_nonempty_hist': {0: 4, 1: 116, 2: 880}, 'n_both_nonempty': 880, 'n_ttest_run': 877, 'n_significant': {0.05: 711, 0.01: 688, 0.001: 645}, 'frac_significant': {0.05: 0.8107183580387686, 0.01: 0.7844925883694412, 0.001: 0.7354618015963512}}, 'upright (joint_up)': {'n_pairs': 1000, 'n_max_trajs': 560, 'n_min_trajs': 280, 'n_nonempty_hist': {0: 6, 1: 60, 2: 934}, 'n_both_nonempty': 934, 'n_ttest_run': 899, 'n_significant': {0.05: 765, 0.01: 636, 0.001: 577}, 'frac_significant': {0.05: 0.8509454949944383, 0.01: 0.7074527252502781, 0.001: 0.6418242491657397}}}","{'sim_only': {'laptop (computer_dist)': {'n_pairs': 1000, 'n_max_trajs': 56, 'n_min_trajs': 448, 'n_nonempty_hist': {0: 4, 1: 116, 2: 880}, 'n_both_nonempty': 880, 'n_ttest_run': 877, 'n_significant': {0.05: 711, 0.01: 688, 0.001: 645}, 'frac_significant': {0.05: 0.8107183580387686, 0.01: 0.7844925883694412, 0.001: 0.7354618015963512}}, 'upright (joint_up)': {'n_pairs': 1000, 'n_max_trajs': 560, 'n_min_trajs': 280, 'n_nonempty_hist': {0: 6, 1: 60, 2: 934}, 'n_both_nonempty': 934, 'n_ttest_run': 899, 'n_significant': {0.05: 765, 0.01: 636, 0.001: 577}, 'frac_significant': {0.05: 0.8509454949944383, 0.01: 0.7074527252502781, 0.001: 0.6418242491657397}}}}"
1,8,8,results/frozen_sirl_ts/frozen_sirl_ts_1786634514.pth,https://wandb.ai/m1randa-massachusetts-institute-of-technology/tversky-sirl/runs/rv5f2cju,"{'laptop (computer_dist)': {'n_pairs': 1000, 'n_max_trajs': 56, 'n_min_trajs': 448, 'n_nonempty_hist': {0: 5, 1: 48, 2: 947}, 'n_both_nonempty': 947, 'n_ttest_run': 947, 'n_significant': {0.05: 873, 0.01: 787, 0.001: 748}, 'frac_significant': {0.05: 0.9218585005279831, 0.01: 0.8310454065469906, 0.001: 0.7898627243928195}}, 'upright (joint_up)': {'n_pairs': 1000, 'n_max_trajs': 560, 'n_min_trajs': 280, 'n_nonempty_hist': {0: 5, 1: 110, 2: 885}, 'n_both_nonempty': 885, 'n_ttest_run': 885, 'n_significant': {0.05: 412, 0.01: 275, 0.001: 142}, 'frac_significant': {0.05: 0.4655367231638418, 0.01: 0.3107344632768362, 0.001: 0.16045197740112993}}}","{'sim_only': {'laptop (computer_dist)': {'n_pairs': 1000, 'n_max_trajs': 56, 'n_min_trajs': 448, 'n_nonempty_hist': {0: 5, 1: 48, 2: 947}, 'n_both_nonempty': 947, 'n_ttest_run': 947, 'n_significant': {0.05: 873, 0.01: 787, 0.001: 748}, 'frac_significant': {0.05: 0.9218585005279831, 0.01: 0.8310454065469906, 0.001: 0.7898627243928195}}, 'upright (joint_up)': {'n_pairs': 1000, 'n_max_trajs': 560, 'n_min_trajs': 280, 'n_nonempty_hist': {0: 5, 1: 110, 2: 885}, 'n_both_nonempty': 885, 'n_ttest_run': 885, 'n_significant': {0.05: 412, 0.01: 275, 0.001: 142}, 'frac_significant': {0.05: 0.4655367231638418, 0.01: 0.3107344632768362, 0.001: 0.16045197740112993}}}}"
2,8,8,results/frozen_sirl_ts/frozen_sirl_ts_1786634526.pth,https://wandb.ai/m1randa-massachusetts-institute-of-technology/tversky-sirl/runs/p6ixrfhz,"{'laptop (computer_dist)': {'n_pairs': 1000, 'n_max_trajs': 56, 'n_min_trajs': 448, 'n_nonempty_hist': {0: 17, 1: 136, 2: 847}, 'n_both_nonempty': 847, 'n_ttest_run': 847, 'n_significant': {0.05: 533, 0.01: 502, 0.001: 435}, 'frac_significant': {0.05: 0.6292798110979929, 0.01: 0.5926800472255017, 0.001: 0.51357733175915}}, 'upright (joint_up)': {'n_pairs': 1000, 'n_max_trajs': 560, 'n_min_trajs': 280, 'n_nonempty_hist': {0: 3, 1: 10, 2: 987}, 'n_both_nonempty': 987, 'n_ttest_run': 314, 'n_significant': {0.05: 267, 0.01: 234, 0.001: 224}, 'frac_significant': {0.05: 0.8503184713375797, 0.01: 0.7452229299363057, 0.001: 0.7133757961783439}}}","{'sim_only': {'laptop (computer_dist)': {'n_pairs': 1000, 'n_max_trajs': 56, 'n_min_trajs': 448, 'n_nonempty_hist': {0: 17, 1: 136, 2: 847}, 'n_both_nonempty': 847, 'n_ttest_run': 847, 'n_significant': {0.05: 533, 0.01: 502, 0.001: 435}, 'frac_significant': {0.05: 0.6292798110979929, 0.01: 0.5926800472255017, 0.001: 0.51357733175915}}, 'upright (joint_up)': {'n_pairs': 1000, 'n_max_trajs': 560, 'n_min_trajs': 280, 'n_nonempty_hist': {0: 3, 1: 10, 2: 987}, 'n_both_nonempty': 987, 'n_ttest_run': 314, 'n_significant': {0.05: 267, 0.01: 234, 0.001: 224}, 'frac_significant': {0.05: 0.8503184713375797, 0.01: 0.7452229299363057, 0.001: 0.7133757961783439}}}}"
0,8,16,results/frozen_sirl_ts/frozen_sirl_ts_1786634539.pth,https://wandb.ai/m1randa-massachusetts-institute-of-technology/tversky-sirl/runs/6g6v5l10,"{'laptop (computer_dist)': {'n_pairs': 1000, 'n_max_trajs': 56, 'n_min_trajs': 448, 'n_nonempty_hist': {0: 1, 1: 5, 2: 994}, 'n_both_nonempty': 994, 'n_ttest_run': 983, 'n_significant': {0.05: 902, 0.01: 854, 0.001: 733}, 'frac_significant': {0.05: 0.9175991861648016, 0.01: 0.8687690742624619, 0.001: 0.745676500508647}}, 'upright (joint_up)': {'n_pairs': 1000, 'n_max_trajs': 560, 'n_min_trajs': 280, 'n_nonempty_hist': {0: 0, 1: 6, 2: 994}, 'n_both_nonempty': 994, 'n_ttest_run': 934, 'n_significant': {0.05: 781, 0.01: 627, 0.001: 506}, 'frac_significant': {0.05: 0.8361884368308351, 0.01: 0.671306209850107, 0.001: 0.5417558886509636}}}","{'sim_only': {'laptop (computer_dist)': {'n_pairs': 1000, 'n_max_trajs': 56, 'n_min_trajs': 448, 'n_nonempty_hist': {0: 1, 1: 5, 2: 994}, 'n_both_nonempty': 994, 'n_ttest_run': 983, 'n_significant': {0.05: 902, 0.01: 854, 0.001: 733}, 'frac_significant': {0.05: 0.9175991861648016, 0.01: 0.8687690742624619, 0.001: 0.745676500508647}}, 'upright (joint_up)': {'n_pairs': 1000, 'n_max_trajs': 560, 'n_min_trajs': 280, 'n_nonempty_hist': {0: 0, 1: 6, 2: 994}, 'n_both_nonempty': 994, 'n_ttest_run': 934, 'n_significant': {0.05: 781, 0.01: 627, 0.001: 506}, 'frac_significant': {0.05: 0.8361884368308351, 0.01: 0.671306209850107, 0.001: 0.5417558886509636}}}}"
1,8,16,results/frozen_sirl_ts/frozen_sirl_ts_1786634552.pth,https://wandb.ai/m1randa-massachusetts-institute-of-technology/tversky-sirl/runs/6kbnm6b1,"{'laptop (computer_dist)': {'n_pairs': 1000, 'n_max_trajs': 56, 'n_min_trajs': 448, 'n_nonempty_hist': {0: 0, 1: 2, 2: 998}, 'n_both_nonempty': 998, 'n_ttest_run': 917, 'n_significant': {0.05: 807, 0.01: 709, 0.001: 644}, 'frac_significant': {0.05: 0.8800436205016358, 0.01: 0.7731733914940022, 0.001: 0.7022900763358778}}, 'upright (joint_up)': {'n_pairs': 1000, 'n_max_trajs': 560, 'n_min_trajs': 280, 'n_nonempty_hist': {0: 0, 1: 0, 2: 1000}, 'n_both_nonempty': 1000, 'n_ttest_run': 874, 'n_significant': {0.05: 644, 0.01: 479, 0.001: 323}, 'frac_significant': {0.05: 0.7368421052631579, 0.01: 0.5480549199084668, 0.001: 0.3695652173913043}}}","{'sim_only': {'laptop (computer_dist)': {'n_pairs': 1000, 'n_max_trajs': 56, 'n_min_trajs': 448, 'n_nonempty_hist': {0: 0, 1: 2, 2: 998}, 'n_both_nonempty': 998, 'n_ttest_run': 917, 'n_significant': {0.05: 807, 0.01: 709, 0.001: 644}, 'frac_significant': {0.05: 0.8800436205016358, 0.01: 0.7731733914940022, 0.001: 0.7022900763358778}}, 'upright (joint_up)': {'n_pairs': 1000, 'n_max_trajs': 560, 'n_min_trajs': 280, 'n_nonempty_hist': {0: 0, 1: 0, 2: 1000}, 'n_both_nonempty': 1000, 'n_ttest_run': 874, 'n_significant': {0.05: 644, 0.01: 479, 0.001: 323}, 'frac_significant': {0.05: 0.7368421052631579, 0.01: 0.5480549199084668, 0.001: 0.3695652173913043}}}}"
2,8,16,results/frozen_sirl_ts/frozen_sirl_ts_1786634563.pth,https://wandb.ai/m1randa-massachusetts-institute-of-technology/tversky-sirl/runs/7v15ttlb,"{'laptop (computer_dist)': {'n_pairs': 1000, 'n_max_trajs': 56, 'n_min_trajs': 448, 'n_nonempty_hist': {0: 0, 1: 0, 2: 1000}, 'n_both_nonempty': 1000, 'n_ttest_run': 999, 'n_significant': {0.05: 822, 0.01: 731, 0.001: 557}, 'frac_significant': {0.05: 0.8228228228228228, 0.01: 0.7317317317317318, 0.001: 0.5575575575575575}}, 'upright (joint_up)': {'n_pairs': 1000, 'n_max_trajs': 560, 'n_min_trajs': 280, 'n_nonempty_hist': {0: 0, 1: 0, 2: 1000}, 'n_both_nonempty': 1000, 'n_ttest_run': 922, 'n_significant': {0.05: 689, 0.01: 578, 0.001: 494}, 'frac_significant': {0.05: 0.7472885032537961, 0.01: 0.6268980477223427, 0.001: 0.5357917570498916}}}","{'sim_only': {'laptop (computer_dist)': {'n_pairs': 1000, 'n_max_trajs': 56, 'n_min_trajs': 448, 'n_nonempty_hist': {0: 0, 1: 0, 2: 1000}, 'n_both_nonempty': 1000, 'n_ttest_run': 999, 'n_significant': {0.05: 822, 0.01: 731, 0.001: 557}, 'frac_significant': {0.05: 0.8228228228228228, 0.01: 0.7317317317317318, 0.001: 0.5575575575575575}}, 'upright (joint_up)': {'n_pairs': 1000, 'n_max_trajs': 560, 'n_min_trajs': 280, 'n_nonempty_hist': {0: 0, 1: 0, 2: 1000}, 'n_both_nonempty': 1000, 'n_ttest_run': 922, 'n_significant': {0.05: 689, 0.01: 578, 0.001: 494}, 'frac_significant': {0.05: 0.7472885032537961, 0.01: 0.6268980477223427, 0.001: 0.5357917570498916}}}}"
0,8,32,results/frozen_sirl_ts/frozen_sirl_ts_1786634575.pth,https://wandb.ai/m1randa-massachusetts-institute-of-technology/tversky-sirl/runs/063brk4z,"{'laptop (computer_dist)': {'n_pairs': 1000, 'n_max_trajs': 56, 'n_min_trajs': 448, 'n_nonempty_hist': {0: 0, 1: 0, 2: 1000}, 'n_both_nonempty': 1000, 'n_ttest_run': 988, 'n_significant': {0.05: 937, 0.01: 897, 0.001: 775}, 'frac_significant': {0.05: 0.9483805668016194, 0.01: 0.9078947368421053, 0.001: 0.7844129554655871}}, 'upright (joint_up)': {'n_pairs': 1000, 'n_max_trajs': 560, 'n_min_trajs': 280, 'n_nonempty_hist': {0: 0, 1: 0, 2: 1000}, 'n_both_nonempty': 1000, 'n_ttest_run': 990, 'n_significant': {0.05: 735, 0.01: 583, 0.001: 381}, 'frac_significant': {0.05: 0.7424242424242424, 0.01: 0.5888888888888889, 0.001: 0.38484848484848483}}}","{'sim_only': {'laptop (computer_dist)': {'n_pairs': 1000, 'n_max_trajs': 56, 'n_min_trajs': 448, 'n_nonempty_hist': {0: 0, 1: 0, 2: 1000}, 'n_both_nonempty': 1000, 'n_ttest_run': 988, 'n_significant': {0.05: 937, 0.01: 897, 0.001: 775}, 'frac_significant': {0.05: 0.9483805668016194, 0.01: 0.9078947368421053, 0.001: 0.7844129554655871}}, 'upright (joint_up)': {'n_pairs': 1000, 'n_max_trajs': 560, 'n_min_trajs': 280, 'n_nonempty_hist': {0: 0, 1: 0, 2: 1000}, 'n_both_nonempty': 1000, 'n_ttest_run': 990, 'n_significant': {0.05: 735, 0.01: 583, 0.001: 381}, 'frac_significant': {0.05: 0.7424242424242424, 0.01: 0.5888888888888889, 0.001: 0.38484848484848483}}}}"
1,8,32,results/frozen_sirl_ts/frozen_sirl_ts_1786634588.pth,https://wandb.ai/m1randa-massachusetts-institute-of-technology/tversky-sirl/runs/sjxqkrbg,"{'laptop (computer_dist)': {'n_pairs': 1000, 'n_max_trajs': 56, 'n_min_trajs': 448, 'n_nonempty_hist': {0: 1, 1: 0, 2: 999}, 'n_both_nonempty': 999, 'n_ttest_run': 967, 'n_significant': {0.05: 881, 0.01: 819, 0.001: 727}, 'frac_significant': {0.05: 0.9110651499482937, 0.01: 0.8469493278179938, 0.001: 0.7518097207859359}}, 'upright (joint_up)': {'n_pairs': 1000, 'n_max_trajs': 560, 'n_min_trajs': 280, 'n_nonempty_hist': {0: 0, 1: 0, 2: 1000}, 'n_both_nonempty': 1000, 'n_ttest_run': 882, 'n_significant': {0.05: 677, 0.01: 554, 0.001: 377}, 'frac_significant': {0.05: 0.7675736961451247, 0.01: 0.6281179138321995, 0.001: 0.427437641723356}}}","{'sim_only': {'laptop (computer_dist)': {'n_pairs': 1000, 'n_max_trajs': 56, 'n_min_trajs': 448, 'n_nonempty_hist': {0: 1, 1: 0, 2: 999}, 'n_both_nonempty': 999, 'n_ttest_run': 967, 'n_significant': {0.05: 881, 0.01: 819, 0.001: 727}, 'frac_significant': {0.05: 0.9110651499482937, 0.01: 0.8469493278179938, 0.001: 0.7518097207859359}}, 'upright (joint_up)': {'n_pairs': 1000, 'n_max_trajs': 560, 'n_min_trajs': 280, 'n_nonempty_hist': {0: 0, 1: 0, 2: 1000}, 'n_both_nonempty': 1000, 'n_ttest_run': 882, 'n_significant': {0.05: 677, 0.01: 554, 0.001: 377}, 'frac_significant': {0.05: 0.7675736961451247, 0.01: 0.6281179138321995, 0.001: 0.427437641723356}}}}"
2,8,32,results/frozen_sirl_ts/frozen_sirl_ts_1786634601.pth,https://wandb.ai/m1randa-massachusetts-institute-of-technology/tversky-sirl/runs/8pk0ofnb,"{'laptop (computer_dist)': {'n_pairs': 1000, 'n_max_trajs': 56, 'n_min_trajs': 448, 'n_nonempty_hist': {0: 0, 1: 0, 2: 1000}, 'n_both_nonempty': 1000, 'n_ttest_run': 992, 'n_significant': {0.05: 770, 0.01: 601, 0.001: 410}, 'frac_significant': {0.05: 0.7762096774193549, 0.01: 0.6058467741935484, 0.001: 0.41330645161290325}}, 'upright (joint_up)': {'n_pairs': 1000, 'n_max_trajs': 560, 'n_min_trajs': 280, 'n_nonempty_hist': {0: 0, 1: 0, 2: 1000}, 'n_both_nonempty': 1000, 'n_ttest_run': 904, 'n_significant': {0.05: 640, 0.01: 400, 0.001: 283}, 'frac_significant': {0.05: 0.7079646017699115, 0.01: 0.4424778761061947, 0.001: 0.31305309734513276}}}","{'sim_only': {'laptop (computer_dist)': {'n_pairs': 1000, 'n_max_trajs': 56, 'n_min_trajs': 448, 'n_nonempty_hist': {0: 0, 1: 0, 2: 1000}, 'n_both_nonempty': 1000, 'n_ttest_run': 992, 'n_significant': {0.05: 770, 0.01: 601, 0.001: 410}, 'frac_significant': {0.05: 0.7762096774193549, 0.01: 0.6058467741935484, 0.001: 0.41330645161290325}}, 'upright (joint_up)': {'n_pairs': 1000, 'n_max_trajs': 560, 'n_min_trajs': 280, 'n_nonempty_hist': {0: 0, 1: 0, 2: 1000}, 'n_both_nonempty': 1000, 'n_ttest_run': 904, 'n_significant': {0.05: 640, 0.01: 400, 0.001: 283}, 'frac_significant': {0.05: 0.7079646017699115, 0.01: 0.4424778761061947, 0.001: 0.31305309734513276}}}}"
0,8,64,results/frozen_sirl_ts/frozen_sirl_ts_1786634613.pth,https://wandb.ai/m1randa-massachusetts-institute-of-technology/tversky-sirl/runs/uvtt5p34,"{'laptop (computer_dist)': {'n_pairs': 1000, 'n_max_trajs': 56, 'n_min_trajs': 448, 'n_nonempty_hist': {0: 0, 1: 0, 2: 1000}, 'n_both_nonempty': 1000, 'n_ttest_run': 965, 'n_significant': {0.05: 935, 0.01: 913, 0.001: 857}, 'frac_significant': {0.05: 0.9689119170984456, 0.01: 0.9461139896373058, 0.001: 0.8880829015544042}}, 'upright (joint_up)': {'n_pairs': 1000, 'n_max_trajs': 560, 'n_min_trajs': 280, 'n_nonempty_hist': {0: 0, 1: 0, 2: 1000}, 'n_both_nonempty': 1000, 'n_ttest_run': 971, 'n_significant': {0.05: 803, 0.01: 649, 0.001: 487}, 'frac_significant': {0.05: 0.8269824922760041, 0.01: 0.6683831101956745, 0.001: 0.5015447991761071}}}","{'sim_only': {'laptop (computer_dist)': {'n_pairs': 1000, 'n_max_trajs': 56, 'n_min_trajs': 448, 'n_nonempty_hist': {0: 0, 1: 0, 2: 1000}, 'n_both_nonempty': 1000, 'n_ttest_run': 965, 'n_significant': {0.05: 935, 0.01: 913, 0.001: 857}, 'frac_significant': {0.05: 0.9689119170984456, 0.01: 0.9461139896373058, 0.001: 0.8880829015544042}}, 'upright (joint_up)': {'n_pairs': 1000, 'n_max_trajs': 560, 'n_min_trajs': 280, 'n_nonempty_hist': {0: 0, 1: 0, 2: 1000}, 'n_both_nonempty': 1000, 'n_ttest_run': 971, 'n_significant': {0.05: 803, 0.01: 649, 0.001: 487}, 'frac_significant': {0.05: 0.8269824922760041, 0.01: 0.6683831101956745, 0.001: 0.5015447991761071}}}}"
1,8,64,results/frozen_sirl_ts/frozen_sirl_ts_1786634625.pth,https://wandb.ai/m1randa-massachusetts-institute-of-technology/tversky-sirl/runs/ynxn6l4c,"{'laptop (computer_dist)': {'n_pairs': 1000, 'n_max_trajs': 56, 'n_min_trajs': 448, 'n_nonempty_hist': {0: 0, 1: 0, 2: 1000}, 'n_both_nonempty': 1000, 'n_ttest_run': 930, 'n_significant': {0.05: 899, 0.01: 873, 0.001: 827}, 'frac_significant': {0.05: 0.9666666666666667, 0.01: 0.9387096774193548, 0.001: 0.889247311827957}}, 'upright (joint_up)': {'n_pairs': 1000, 'n_max_trajs': 560, 'n_min_trajs': 280, 'n_nonempty_hist': {0: 0, 1: 0, 2: 1000}, 'n_both_nonempty': 1000, 'n_ttest_run': 866, 'n_significant': {0.05: 754, 0.01: 627, 0.001: 492}, 'frac_significant': {0.05: 0.8706697459584296, 0.01: 0.7240184757505773, 0.001: 0.5681293302540416}}}","{'sim_only': {'laptop (computer_dist)': {'n_pairs': 1000, 'n_max_trajs': 56, 'n_min_trajs': 448, 'n_nonempty_hist': {0: 0, 1: 0, 2: 1000}, 'n_both_nonempty': 1000, 'n_ttest_run': 930, 'n_significant': {0.05: 899, 0.01: 873, 0.001: 827}, 'frac_significant': {0.05: 0.9666666666666667, 0.01: 0.9387096774193548, 0.001: 0.889247311827957}}, 'upright (joint_up)': {'n_pairs': 1000, 'n_max_trajs': 560, 'n_min_trajs': 280, 'n_nonempty_hist': {0: 0, 1: 0, 2: 1000}, 'n_both_nonempty': 1000, 'n_ttest_run': 866, 'n_significant': {0.05: 754, 0.01: 627, 0.001: 492}, 'frac_significant': {0.05: 0.8706697459584296, 0.01: 0.7240184757505773, 0.001: 0.5681293302540416}}}}"
2,8,64,results/frozen_sirl_ts/frozen_sirl_ts_1786634638.pth,https://wandb.ai/m1randa-massachusetts-institute-of-technology/tversky-sirl/runs/fo40v67q,"{'laptop (computer_dist)': {'n_pairs': 1000, 'n_max_trajs': 56, 'n_min_trajs': 448, 'n_nonempty_hist': {0: 0, 1: 0, 2: 1000}, 'n_both_nonempty': 1000, 'n_ttest_run': 991, 'n_significant': {0.05: 851, 0.01: 731, 0.001: 556}, 'frac_significant': {0.05: 0.858728557013118, 0.01: 0.7376387487386479, 0.001: 0.5610494450050454}}, 'upright (joint_up)': {'n_pairs': 1000, 'n_max_trajs': 560, 'n_min_trajs': 280, 'n_nonempty_hist': {0: 1, 1: 0, 2: 999}, 'n_both_nonempty': 999, 'n_ttest_run': 890, 'n_significant': {0.05: 565, 0.01: 448, 0.001: 329}, 'frac_significant': {0.05: 0.6348314606741573, 0.01: 0.503370786516854, 0.001: 0.36966292134831463}}}","{'sim_only': {'laptop (computer_dist)': {'n_pairs': 1000, 'n_max_trajs': 56, 'n_min_trajs': 448, 'n_nonempty_hist': {0: 0, 1: 0, 2: 1000}, 'n_both_nonempty': 1000, 'n_ttest_run': 991, 'n_significant': {0.05: 851, 0.01: 731, 0.001: 556}, 'frac_significant': {0.05: 0.858728557013118, 0.01: 0.7376387487386479, 0.001: 0.5610494450050454}}, 'upright (joint_up)': {'n_pairs': 1000, 'n_max_trajs': 560, 'n_min_trajs': 280, 'n_nonempty_hist': {0: 1, 1: 0, 2: 999}, 'n_both_nonempty': 999, 'n_ttest_run': 890, 'n_significant': {0.05: 565, 0.01: 448, 0.001: 329}, 'frac_significant': {0.05: 0.6348314606741573, 0.01: 0.503370786516854, 0.001: 0.36966292134831463}}}}"
0,8,128,results/frozen_sirl_ts/frozen_sirl_ts_1786634650.pth,https://wandb.ai/m1randa-massachusetts-institute-of-technology/tversky-sirl/runs/3d4u3qyk,"{'laptop (computer_dist)': {'n_pairs': 1000, 'n_max_trajs': 56, 'n_min_trajs': 448, 'n_nonempty_hist': {0: 0, 1: 0, 2: 1000}, 'n_both_nonempty': 1000, 'n_ttest_run': 877, 'n_significant': {0.05: 854, 0.01: 847, 0.001: 819}, 'frac_significant': {0.05: 0.9737742303306728, 0.01: 0.9657924743443558, 0.001: 0.9338654503990877}}, 'upright (joint_up)': {'n_pairs': 1000, 'n_max_trajs': 560, 'n_min_trajs': 280, 'n_nonempty_hist': {0: 0, 1: 0, 2: 1000}, 'n_both_nonempty': 1000, 'n_ttest_run': 985, 'n_significant': {0.05: 869, 0.01: 685, 0.001: 607}, 'frac_significant': {0.05: 0.8822335025380711, 0.01: 0.6954314720812182, 0.001: 0.616243654822335}}}","{'sim_only': {'laptop (computer_dist)': {'n_pairs': 1000, 'n_max_trajs': 56, 'n_min_trajs': 448, 'n_nonempty_hist': {0: 0, 1: 0, 2: 1000}, 'n_both_nonempty': 1000, 'n_ttest_run': 877, 'n_significant': {0.05: 854, 0.01: 847, 0.001: 819}, 'frac_significant': {0.05: 0.9737742303306728, 0.01: 0.9657924743443558, 0.001: 0.9338654503990877}}, 'upright (joint_up)': {'n_pairs': 1000, 'n_max_trajs': 560, 'n_min_trajs': 280, 'n_nonempty_hist': {0: 0, 1: 0, 2: 1000}, 'n_both_nonempty': 1000, 'n_ttest_run': 985, 'n_significant': {0.05: 869, 0.01: 685, 0.001: 607}, 'frac_significant': {0.05: 0.8822335025380711, 0.01: 0.6954314720812182, 0.001: 0.616243654822335}}}}"
1,8,128,results/frozen_sirl_ts/frozen_sirl_ts_1786634663.pth,https://wandb.ai/m1randa-massachusetts-institute-of-technology/tversky-sirl/runs/6r4qms60,"{'laptop (computer_dist)': {'n_pairs': 1000, 'n_max_trajs': 56, 'n_min_trajs': 448, 'n_nonempty_hist': {0: 0, 1: 0, 2: 1000}, 'n_both_nonempty': 1000, 'n_ttest_run': 898, 'n_significant': {0.05: 831, 0.01: 763, 0.001: 665}, 'frac_significant': {0.05: 0.9253897550111359, 0.01: 0.8496659242761693, 0.001: 0.7405345211581291}}, 'upright (joint_up)': {'n_pairs': 1000, 'n_max_trajs': 560, 'n_min_trajs': 280, 'n_nonempty_hist': {0: 0, 1: 0, 2: 1000}, 'n_both_nonempty': 1000, 'n_ttest_run': 911, 'n_significant': {0.05: 768, 0.01: 652, 0.001: 487}, 'frac_significant': {0.05: 0.8430296377607025, 0.01: 0.7156970362239298, 0.001: 0.5345773874862788}}}","{'sim_only': {'laptop (computer_dist)': {'n_pairs': 1000, 'n_max_trajs': 56, 'n_min_trajs': 448, 'n_nonempty_hist': {0: 0, 1: 0, 2: 1000}, 'n_both_nonempty': 1000, 'n_ttest_run': 898, 'n_significant': {0.05: 831, 0.01: 763, 0.001: 665}, 'frac_significant': {0.05: 0.9253897550111359, 0.01: 0.8496659242761693, 0.001: 0.7405345211581291}}, 'upright (joint_up)': {'n_pairs': 1000, 'n_max_trajs': 560, 'n_min_trajs': 280, 'n_nonempty_hist': {0: 0, 1: 0, 2: 1000}, 'n_both_nonempty': 1000, 'n_ttest_run': 911, 'n_significant': {0.05: 768, 0.01: 652, 0.001: 487}, 'frac_significant': {0.05: 0.8430296377607025, 0.01: 0.7156970362239298, 0.001: 0.5345773874862788}}}}"
2,8,128,results/frozen_sirl_ts/frozen_sirl_ts_1786634678.pth,https://wandb.ai/m1randa-massachusetts-institute-of-technology/tversky-sirl/runs/mqcn9s1j,"{'laptop (computer_dist)': {'n_pairs': 1000, 'n_max_trajs': 56, 'n_min_trajs': 448, 'n_nonempty_hist': {0: 1, 1: 0, 2: 999}, 'n_both_nonempty': 999, 'n_ttest_run': 994, 'n_significant': {0.05: 879, 0.01: 759, 0.001: 594}, 'frac_significant': {0.05: 0.8843058350100603, 0.01: 0.7635814889336016, 0.001: 0.5975855130784709}}, 'upright (joint_up)': {'n_pairs': 1000, 'n_max_trajs': 560, 'n_min_trajs': 280, 'n_nonempty_hist': {0: 0, 1: 0, 2: 1000}, 'n_both_nonempty': 1000, 'n_ttest_run': 891, 'n_significant': {0.05: 655, 0.01: 487, 0.001: 395}, 'frac_significant': {0.05: 0.7351290684624018, 0.01: 0.5465768799102132, 0.001: 0.44332210998877664}}}","{'sim_only': {'laptop (computer_dist)': {'n_pairs': 1000, 'n_max_trajs': 56, 'n_min_trajs': 448, 'n_nonempty_hist': {0: 1, 1: 0, 2: 999}, 'n_both_nonempty': 999, 'n_ttest_run': 994, 'n_significant': {0.05: 879, 0.01: 759, 0.001: 594}, 'frac_significant': {0.05: 0.8843058350100603, 0.01: 0.7635814889336016, 0.001: 0.5975855130784709}}, 'upright (joint_up)': {'n_pairs': 1000, 'n_max_trajs': 560, 'n_min_trajs': 280, 'n_nonempty_hist': {0: 0, 1: 0, 2: 1000}, 'n_both_nonempty': 1000, 'n_ttest_run': 891, 'n_significant': {0.05: 655, 0.01: 487, 0.001: 395}, 'frac_significant': {0.05: 0.7351290684624018, 0.01: 0.5465768799102132, 0.001: 0.44332210998877664}}}}"
0,8,256,results/frozen_sirl_ts/frozen_sirl_ts_1786634692.pth,https://wandb.ai/m1randa-massachusetts-institute-of-technology/tversky-sirl/runs/b6rvian4,"{'laptop (computer_dist)': {'n_pairs': 1000, 'n_max_trajs': 56, 'n_min_trajs': 448, 'n_nonempty_hist': {0: 1, 1: 0, 2: 999}, 'n_both_nonempty': 999, 'n_ttest_run': 944, 'n_significant': {0.05: 920, 0.01: 910, 0.001: 885}, 'frac_significant': {0.05: 0.9745762711864406, 0.01: 0.9639830508474576, 0.001: 0.9375}}, 'upright (joint_up)': {'n_pairs': 1000, 'n_max_trajs': 560, 'n_min_trajs': 280, 'n_nonempty_hist': {0: 3, 1: 0, 2: 997}, 'n_both_nonempty': 997, 'n_ttest_run': 958, 'n_significant': {0.05: 751, 0.01: 594, 0.001: 441}, 'frac_significant': {0.05: 0.7839248434237995, 0.01: 0.6200417536534447, 0.001: 0.4603340292275574}}}","{'sim_only': {'laptop (computer_dist)': {'n_pairs': 1000, 'n_max_trajs': 56, 'n_min_trajs': 448, 'n_nonempty_hist': {0: 1, 1: 0, 2: 999}, 'n_both_nonempty': 999, 'n_ttest_run': 944, 'n_significant': {0.05: 920, 0.01: 910, 0.001: 885}, 'frac_significant': {0.05: 0.9745762711864406, 0.01: 0.9639830508474576, 0.001: 0.9375}}, 'upright (joint_up)': {'n_pairs': 1000, 'n_max_trajs': 560, 'n_min_trajs': 280, 'n_nonempty_hist': {0: 3, 1: 0, 2: 997}, 'n_both_nonempty': 997, 'n_ttest_run': 958, 'n_significant': {0.05: 751, 0.01: 594, 0.001: 441}, 'frac_significant': {0.05: 0.7839248434237995, 0.01: 0.6200417536534447, 0.001: 0.4603340292275574}}}}"
1,8,256,results/frozen_sirl_ts/frozen_sirl_ts_1786634708.pth,https://wandb.ai/m1randa-massachusetts-institute-of-technology/tversky-sirl/runs/90du469g,"{'laptop (computer_dist)': {'n_pairs': 1000, 'n_max_trajs': 56, 'n_min_trajs': 448, 'n_nonempty_hist': {0: 1, 1: 0, 2: 999}, 'n_both_nonempty': 999, 'n_ttest_run': 971, 'n_significant': {0.05: 881, 0.01: 780, 0.001: 681}, 'frac_significant': {0.05: 0.9073120494335737, 0.01: 0.8032955715756952, 0.001: 0.7013388259526262}}, 'upright (joint_up)': {'n_pairs': 1000, 'n_max_trajs': 560, 'n_min_trajs': 280, 'n_nonempty_hist': {0: 0, 1: 0, 2: 1000}, 'n_both_nonempty': 1000, 'n_ttest_run': 806, 'n_significant': {0.05: 669, 0.01: 586, 0.001: 483}, 'frac_significant': {0.05: 0.8300248138957816, 0.01: 0.7270471464019851, 0.001: 0.5992555831265509}}}","{'sim_only': {'laptop (computer_dist)': {'n_pairs': 1000, 'n_max_trajs': 56, 'n_min_trajs': 448, 'n_nonempty_hist': {0: 1, 1: 0, 2: 999}, 'n_both_nonempty': 999, 'n_ttest_run': 971, 'n_significant': {0.05: 881, 0.01: 780, 0.001: 681}, 'frac_significant': {0.05: 0.9073120494335737, 0.01: 0.8032955715756952, 0.001: 0.7013388259526262}}, 'upright (joint_up)': {'n_pairs': 1000, 'n_max_trajs': 560, 'n_min_trajs': 280, 'n_nonempty_hist': {0: 0, 1: 0, 2: 1000}, 'n_both_nonempty': 1000, 'n_ttest_run': 806, 'n_significant': {0.05: 669, 0.01: 586, 0.001: 483}, 'frac_significant': {0.05: 0.8300248138957816, 0.01: 0.7270471464019851, 0.001: 0.5992555831265509}}}}"
2,8,256,results/frozen_sirl_ts/frozen_sirl_ts_1786634723.pth,https://wandb.ai/m1randa-massachusetts-institute-of-technology/tversky-sirl/runs/fpn6d9bj,"{'laptop (computer_dist)': {'n_pairs': 1000, 'n_max_trajs': 56, 'n_min_trajs': 448, 'n_nonempty_hist': {0: 3, 1: 0, 2: 997}, 'n_both_nonempty': 997, 'n_ttest_run': 989, 'n_significant': {0.05: 825, 0.01: 723, 0.001: 542}, 'frac_significant': {0.05: 0.8341759352881699, 0.01: 0.731041456016178, 0.001: 0.5480283114256825}}, 'upright (joint_up)': {'n_pairs': 1000, 'n_max_trajs': 560, 'n_min_trajs': 280, 'n_nonempty_hist': {0: 1, 1: 0, 2: 999}, 'n_both_nonempty': 999, 'n_ttest_run': 907, 'n_significant': {0.05: 720, 0.01: 596, 0.001: 511}, 'frac_significant': {0.05: 0.7938257993384785, 0.01: 0.6571113561190739, 0.001: 0.5633958103638368}}}","{'sim_only': {'laptop (computer_dist)': {'n_pairs': 1000, 'n_max_trajs': 56, 'n_min_trajs': 448, 'n_nonempty_hist': {0: 3, 1: 0, 2: 997}, 'n_both_nonempty': 997, 'n_ttest_run': 989, 'n_significant': {0.05: 825, 0.01: 723, 0.001: 542}, 'frac_significant': {0.05: 0.8341759352881699, 0.01: 0.731041456016178, 0.001: 0.5480283114256825}}, 'upright (joint_up)': {'n_pairs': 1000, 'n_max_trajs': 560, 'n_min_trajs': 280, 'n_nonempty_hist': {0: 1, 1: 0, 2: 999}, 'n_both_nonempty': 999, 'n_ttest_run': 907, 'n_significant': {0.05: 720, 0.01: 596, 0.001: 511}, 'frac_significant': {0.05: 0.7938257993384785, 0.01: 0.6571113561190739, 0.001: 0.5633958103638368}}}}"
0,10,2,results/frozen_sirl_ts/frozen_sirl_ts_1786634738.pth,https://wandb.ai/m1randa-massachusetts-institute-of-technology/tversky-sirl/runs/4vt1i6s2,"{'laptop (computer_dist)': {'n_pairs': 1000, 'n_max_trajs': 56, 'n_min_trajs': 448, 'n_nonempty_hist': {0: 188, 1: 360, 2: 452}, 'n_both_nonempty': 452, 'n_ttest_run': 452, 'n_significant': {0.05: 435, 0.01: 435, 0.001: 0}, 'frac_significant': {0.05: 0.9623893805309734, 0.01: 0.9623893805309734, 0.001: 0.0}}, 'upright (joint_up)': {'n_pairs': 1000, 'n_max_trajs': 560, 'n_min_trajs': 280, 'n_nonempty_hist': {0: 232, 1: 322, 2: 446}, 'n_both_nonempty': 446, 'n_ttest_run': 446, 'n_significant': {0.05: 425, 0.01: 425, 0.001: 425}, 'frac_significant': {0.05: 0.952914798206278, 0.01: 0.952914798206278, 0.001: 0.952914798206278}}}","{'sim_only': {'laptop (computer_dist)': {'n_pairs': 1000, 'n_max_trajs': 56, 'n_min_trajs': 448, 'n_nonempty_hist': {0: 188, 1: 360, 2: 452}, 'n_both_nonempty': 452, 'n_ttest_run': 452, 'n_significant': {0.05: 435, 0.01: 435, 0.001: 0}, 'frac_significant': {0.05: 0.9623893805309734, 0.01: 0.9623893805309734, 0.001: 0.0}}, 'upright (joint_up)': {'n_pairs': 1000, 'n_max_trajs': 560, 'n_min_trajs': 280, 'n_nonempty_hist': {0: 232, 1: 322, 2: 446}, 'n_both_nonempty': 446, 'n_ttest_run': 446, 'n_significant': {0.05: 425, 0.01: 425, 0.001: 425}, 'frac_significant': {0.05: 0.952914798206278, 0.01: 0.952914798206278, 0.001: 0.952914798206278}}}}"
1,10,2,results/frozen_sirl_ts/frozen_sirl_ts_1786634750.pth,https://wandb.ai/m1randa-massachusetts-institute-of-technology/tversky-sirl/runs/akpot7uy,"{'laptop (computer_dist)': {'n_pairs': 1000, 'n_max_trajs': 56, 'n_min_trajs': 448, 'n_nonempty_hist': {0: 199, 1: 743, 2: 58}, 'n_both_nonempty': 58, 'n_ttest_run': 58, 'n_significant': {0.05: 58, 0.01: 58, 0.001: 0}, 'frac_significant': {0.05: 1.0, 0.01: 1.0, 0.001: 0.0}}, 'upright (joint_up)': {'n_pairs': 1000, 'n_max_trajs': 560, 'n_min_trajs': 280, 'n_nonempty_hist': {0: 266, 1: 701, 2: 33}, 'n_both_nonempty': 33, 'n_ttest_run': 33, 'n_significant': {0.05: 0, 0.01: 0, 0.001: 0}, 'frac_significant': {0.05: 0.0, 0.01: 0.0, 0.001: 0.0}}}","{'sim_only': {'laptop (computer_dist)': {'n_pairs': 1000, 'n_max_trajs': 56, 'n_min_trajs': 448, 'n_nonempty_hist': {0: 199, 1: 743, 2: 58}, 'n_both_nonempty': 58, 'n_ttest_run': 58, 'n_significant': {0.05: 58, 0.01: 58, 0.001: 0}, 'frac_significant': {0.05: 1.0, 0.01: 1.0, 0.001: 0.0}}, 'upright (joint_up)': {'n_pairs': 1000, 'n_max_trajs': 560, 'n_min_trajs': 280, 'n_nonempty_hist': {0: 266, 1: 701, 2: 33}, 'n_both_nonempty': 33, 'n_ttest_run': 33, 'n_significant': {0.05: 0, 0.01: 0, 0.001: 0}, 'frac_significant': {0.05: 0.0, 0.01: 0.0, 0.001: 0.0}}}}"
2,10,2,results/frozen_sirl_ts/frozen_sirl_ts_1786634760.pth,https://wandb.ai/m1randa-massachusetts-institute-of-technology/tversky-sirl/runs/j09vn9ft,"{'laptop (computer_dist)': {'n_pairs': 1000, 'n_max_trajs': 56, 'n_min_trajs': 448, 'n_nonempty_hist': {0: 192, 1: 502, 2: 306}, 'n_both_nonempty': 306, 'n_ttest_run': 306, 'n_significant': {0.05: 291, 0.01: 0, 0.001: 0}, 'frac_significant': {0.05: 0.9509803921568627, 0.01: 0.0, 0.001: 0.0}}, 'upright (joint_up)': {'n_pairs': 1000, 'n_max_trajs': 560, 'n_min_trajs': 280, 'n_nonempty_hist': {0: 227, 1: 433, 2: 340}, 'n_both_nonempty': 340, 'n_ttest_run': 340, 'n_significant': {0.05: 311, 0.01: 311, 0.001: 0}, 'frac_significant': {0.05: 0.9147058823529411, 0.01: 0.9147058823529411, 0.001: 0.0}}}","{'sim_only': {'laptop (computer_dist)': {'n_pairs': 1000, 'n_max_trajs': 56, 'n_min_trajs': 448, 'n_nonempty_hist': {0: 192, 1: 502, 2: 306}, 'n_both_nonempty': 306, 'n_ttest_run': 306, 'n_significant': {0.05: 291, 0.01: 0, 0.001: 0}, 'frac_significant': {0.05: 0.9509803921568627, 0.01: 0.0, 0.001: 0.0}}, 'upright (joint_up)': {'n_pairs': 1000, 'n_max_trajs': 560, 'n_min_trajs': 280, 'n_nonempty_hist': {0: 227, 1: 433, 2: 340}, 'n_both_nonempty': 340, 'n_ttest_run': 340, 'n_significant': {0.05: 311, 0.01: 311, 0.001: 0}, 'frac_significant': {0.05: 0.9147058823529411, 0.01: 0.9147058823529411, 0.001: 0.0}}}}"
0,10,4,results/frozen_sirl_ts/frozen_sirl_ts_1786634773.pth,https://wandb.ai/m1randa-massachusetts-institute-of-technology/tversky-sirl/runs/2phsabqu,"{'laptop (computer_dist)': {'n_pairs': 1000, 'n_max_trajs': 56, 'n_min_trajs': 448, 'n_nonempty_hist': {0: 13, 1: 183, 2: 804}, 'n_both_nonempty': 804, 'n_ttest_run': 804, 'n_significant': {0.05: 779, 0.01: 777, 0.001: 777}, 'frac_significant': {0.05: 0.9689054726368159, 0.01: 0.9664179104477612, 0.001: 0.9664179104477612}}, 'upright (joint_up)': {'n_pairs': 1000, 'n_max_trajs': 560, 'n_min_trajs': 280, 'n_nonempty_hist': {0: 25, 1: 241, 2: 734}, 'n_both_nonempty': 734, 'n_ttest_run': 734, 'n_significant': {0.05: 488, 0.01: 23, 0.001: 0}, 'frac_significant': {0.05: 0.6648501362397821, 0.01: 0.031335149863760216, 0.001: 0.0}}}","{'sim_only': {'laptop (computer_dist)': {'n_pairs': 1000, 'n_max_trajs': 56, 'n_min_trajs': 448, 'n_nonempty_hist': {0: 13, 1: 183, 2: 804}, 'n_both_nonempty': 804, 'n_ttest_run': 804, 'n_significant': {0.05: 779, 0.01: 777, 0.001: 777}, 'frac_significant': {0.05: 0.9689054726368159, 0.01: 0.9664179104477612, 0.001: 0.9664179104477612}}, 'upright (joint_up)': {'n_pairs': 1000, 'n_max_trajs': 560, 'n_min_trajs': 280, 'n_nonempty_hist': {0: 25, 1: 241, 2: 734}, 'n_both_nonempty': 734, 'n_ttest_run': 734, 'n_significant': {0.05: 488, 0.01: 23, 0.001: 0}, 'frac_significant': {0.05: 0.6648501362397821, 0.01: 0.031335149863760216, 0.001: 0.0}}}}"
1,10,4,results/frozen_sirl_ts/frozen_sirl_ts_1786634785.pth,https://wandb.ai/m1randa-massachusetts-institute-of-technology/tversky-sirl/runs/9qhh9fga,"{'laptop (computer_dist)': {'n_pairs': 1000, 'n_max_trajs': 56, 'n_min_trajs': 448, 'n_nonempty_hist': {0: 24, 1: 250, 2: 726}, 'n_both_nonempty': 726, 'n_ttest_run': 726, 'n_significant': {0.05: 693, 0.01: 692, 0.001: 685}, 'frac_significant': {0.05: 0.9545454545454546, 0.01: 0.953168044077135, 0.001: 0.9435261707988981}}, 'upright (joint_up)': {'n_pairs': 1000, 'n_max_trajs': 560, 'n_min_trajs': 280, 'n_nonempty_hist': {0: 63, 1: 482, 2: 455}, 'n_both_nonempty': 455, 'n_ttest_run': 455, 'n_significant': {0.05: 152, 0.01: 33, 0.001: 0}, 'frac_significant': {0.05: 0.33406593406593404, 0.01: 0.07252747252747253, 0.001: 0.0}}}","{'sim_only': {'laptop (computer_dist)': {'n_pairs': 1000, 'n_max_trajs': 56, 'n_min_trajs': 448, 'n_nonempty_hist': {0: 24, 1: 250, 2: 726}, 'n_both_nonempty': 726, 'n_ttest_run': 726, 'n_significant': {0.05: 693, 0.01: 692, 0.001: 685}, 'frac_significant': {0.05: 0.9545454545454546, 0.01: 0.953168044077135, 0.001: 0.9435261707988981}}, 'upright (joint_up)': {'n_pairs': 1000, 'n_max_trajs': 560, 'n_min_trajs': 280, 'n_nonempty_hist': {0: 63, 1: 482, 2: 455}, 'n_both_nonempty': 455, 'n_ttest_run': 455, 'n_significant': {0.05: 152, 0.01: 33, 0.001: 0}, 'frac_significant': {0.05: 0.33406593406593404, 0.01: 0.07252747252747253, 0.001: 0.0}}}}"
2,10,4,results/frozen_sirl_ts/frozen_sirl_ts_1786634797.pth,https://wandb.ai/m1randa-massachusetts-institute-of-technology/tversky-sirl/runs/4epcba4h,"{'laptop (computer_dist)': {'n_pairs': 1000, 'n_max_trajs': 56, 'n_min_trajs': 448, 'n_nonempty_hist': {0: 119, 1: 463, 2: 418}, 'n_both_nonempty': 418, 'n_ttest_run': 418, 'n_significant': {0.05: 239, 0.01: 239, 0.001: 30}, 'frac_significant': {0.05: 0.5717703349282297, 0.01: 0.5717703349282297, 0.001: 0.07177033492822966}}, 'upright (joint_up)': {'n_pairs': 1000, 'n_max_trajs': 560, 'n_min_trajs': 280, 'n_nonempty_hist': {0: 73, 1: 432, 2: 495}, 'n_both_nonempty': 495, 'n_ttest_run': 495, 'n_significant': {0.05: 444, 0.01: 444, 0.001: 444}, 'frac_significant': {0.05: 0.896969696969697, 0.01: 0.896969696969697, 0.001: 0.896969696969697}}}","{'sim_only': {'laptop (computer_dist)': {'n_pairs': 1000, 'n_max_trajs': 56, 'n_min_trajs': 448, 'n_nonempty_hist': {0: 119, 1: 463, 2: 418}, 'n_both_nonempty': 418, 'n_ttest_run': 418, 'n_significant': {0.05: 239, 0.01: 239, 0.001: 30}, 'frac_significant': {0.05: 0.5717703349282297, 0.01: 0.5717703349282297, 0.001: 0.07177033492822966}}, 'upright (joint_up)': {'n_pairs': 1000, 'n_max_trajs': 560, 'n_min_trajs': 280, 'n_nonempty_hist': {0: 73, 1: 432, 2: 495}, 'n_both_nonempty': 495, 'n_ttest_run': 495, 'n_significant': {0.05: 444, 0.01: 444, 0.001: 444}, 'frac_significant': {0.05: 0.896969696969697, 0.01: 0.896969696969697, 0.001: 0.896969696969697}}}}"
0,10,8,results/frozen_sirl_ts/frozen_sirl_ts_1786634808.pth,https://wandb.ai/m1randa-massachusetts-institute-of-technology/tversky-sirl/runs/m3a3tvo8,"{'laptop (computer_dist)': {'n_pairs': 1000, 'n_max_trajs': 56, 'n_min_trajs': 448, 'n_nonempty_hist': {0: 5, 1: 92, 2: 903}, 'n_both_nonempty': 903, 'n_ttest_run': 903, 'n_significant': {0.05: 700, 0.01: 591, 0.001: 429}, 'frac_significant': {0.05: 0.7751937984496124, 0.01: 0.654485049833887, 0.001: 0.4750830564784053}}, 'upright (joint_up)': {'n_pairs': 1000, 'n_max_trajs': 560, 'n_min_trajs': 280, 'n_nonempty_hist': {0: 12, 1: 31, 2: 957}, 'n_both_nonempty': 957, 'n_ttest_run': 760, 'n_significant': {0.05: 650, 0.01: 582, 0.001: 409}, 'frac_significant': {0.05: 0.8552631578947368, 0.01: 0.7657894736842106, 0.001: 0.5381578947368421}}}","{'sim_only': {'laptop (computer_dist)': {'n_pairs': 1000, 'n_max_trajs': 56, 'n_min_trajs': 448, 'n_nonempty_hist': {0: 5, 1: 92, 2: 903}, 'n_both_nonempty': 903, 'n_ttest_run': 903, 'n_significant': {0.05: 700, 0.01: 591, 0.001: 429}, 'frac_significant': {0.05: 0.7751937984496124, 0.01: 0.654485049833887, 0.001: 0.4750830564784053}}, 'upright (joint_up)': {'n_pairs': 1000, 'n_max_trajs': 560, 'n_min_trajs': 280, 'n_nonempty_hist': {0: 12, 1: 31, 2: 957}, 'n_both_nonempty': 957, 'n_ttest_run': 760, 'n_significant': {0.05: 650, 0.01: 582, 0.001: 409}, 'frac_significant': {0.05: 0.8552631578947368, 0.01: 0.7657894736842106, 0.001: 0.5381578947368421}}}}"
1,10,8,results/frozen_sirl_ts/frozen_sirl_ts_1786634824.pth,https://wandb.ai/m1randa-massachusetts-institute-of-technology/tversky-sirl/runs/m7ld7l9o,"{'laptop (computer_dist)': {'n_pairs': 1000, 'n_max_trajs': 56, 'n_min_trajs': 448, 'n_nonempty_hist': {0: 0, 1: 384, 2: 616}, 'n_both_nonempty': 616, 'n_ttest_run': 616, 'n_significant': {0.05: 301, 0.01: 127, 0.001: 48}, 'frac_significant': {0.05: 0.48863636363636365, 0.01: 0.20616883116883117, 0.001: 0.07792207792207792}}, 'upright (joint_up)': {'n_pairs': 1000, 'n_max_trajs': 560, 'n_min_trajs': 280, 'n_nonempty_hist': {0: 2, 1: 58, 2: 940}, 'n_both_nonempty': 940, 'n_ttest_run': 924, 'n_significant': {0.05: 809, 0.01: 712, 0.001: 572}, 'frac_significant': {0.05: 0.8755411255411255, 0.01: 0.7705627705627706, 0.001: 0.6190476190476191}}}","{'sim_only': {'laptop (computer_dist)': {'n_pairs': 1000, 'n_max_trajs': 56, 'n_min_trajs': 448, 'n_nonempty_hist': {0: 0, 1: 384, 2: 616}, 'n_both_nonempty': 616, 'n_ttest_run': 616, 'n_significant': {0.05: 301, 0.01: 127, 0.001: 48}, 'frac_significant': {0.05: 0.48863636363636365, 0.01: 0.20616883116883117, 0.001: 0.07792207792207792}}, 'upright (joint_up)': {'n_pairs': 1000, 'n_max_trajs': 560, 'n_min_trajs': 280, 'n_nonempty_hist': {0: 2, 1: 58, 2: 940}, 'n_both_nonempty': 940, 'n_ttest_run': 924, 'n_significant': {0.05: 809, 0.01: 712, 0.001: 572}, 'frac_significant': {0.05: 0.8755411255411255, 0.01: 0.7705627705627706, 0.001: 0.6190476190476191}}}}"
2,10,8,results/frozen_sirl_ts/frozen_sirl_ts_1786634836.pth,https://wandb.ai/m1randa-massachusetts-institute-of-technology/tversky-sirl/runs/zfpsaqph,"{'laptop (computer_dist)': {'n_pairs': 1000, 'n_max_trajs': 56, 'n_min_trajs': 448, 'n_nonempty_hist': {0: 4, 1: 159, 2: 837}, 'n_both_nonempty': 837, 'n_ttest_run': 837, 'n_significant': {0.05: 316, 0.01: 111, 0.001: 14}, 'frac_significant': {0.05: 0.37753882915173237, 0.01: 0.13261648745519714, 0.001: 0.016726403823178016}}, 'upright (joint_up)': {'n_pairs': 1000, 'n_max_trajs': 560, 'n_min_trajs': 280, 'n_nonempty_hist': {0: 3, 1: 56, 2: 941}, 'n_both_nonempty': 941, 'n_ttest_run': 818, 'n_significant': {0.05: 632, 0.01: 546, 0.001: 368}, 'frac_significant': {0.05: 0.7726161369193154, 0.01: 0.6674816625916871, 0.001: 0.44987775061124696}}}","{'sim_only': {'laptop (computer_dist)': {'n_pairs': 1000, 'n_max_trajs': 56, 'n_min_trajs': 448, 'n_nonempty_hist': {0: 4, 1: 159, 2: 837}, 'n_both_nonempty': 837, 'n_ttest_run': 837, 'n_significant': {0.05: 316, 0.01: 111, 0.001: 14}, 'frac_significant': {0.05: 0.37753882915173237, 0.01: 0.13261648745519714, 0.001: 0.016726403823178016}}, 'upright (joint_up)': {'n_pairs': 1000, 'n_max_trajs': 560, 'n_min_trajs': 280, 'n_nonempty_hist': {0: 3, 1: 56, 2: 941}, 'n_both_nonempty': 941, 'n_ttest_run': 818, 'n_significant': {0.05: 632, 0.01: 546, 0.001: 368}, 'frac_significant': {0.05: 0.7726161369193154, 0.01: 0.6674816625916871, 0.001: 0.44987775061124696}}}}"
0,10,16,results/frozen_sirl_ts/frozen_sirl_ts_1786634849.pth,https://wandb.ai/m1randa-massachusetts-institute-of-technology/tversky-sirl/runs/lf0gqv7j,"{'laptop (computer_dist)': {'n_pairs': 1000, 'n_max_trajs': 56, 'n_min_trajs': 448, 'n_nonempty_hist': {0: 4, 1: 0, 2: 996}, 'n_both_nonempty': 996, 'n_ttest_run': 842, 'n_significant': {0.05: 640, 0.01: 574, 0.001: 515}, 'frac_significant': {0.05: 0.7600950118764845, 0.01: 0.6817102137767221, 0.001: 0.6116389548693587}}, 'upright (joint_up)': {'n_pairs': 1000, 'n_max_trajs': 560, 'n_min_trajs': 280, 'n_nonempty_hist': {0: 1, 1: 0, 2: 999}, 'n_both_nonempty': 999, 'n_ttest_run': 936, 'n_significant': {0.05: 735, 0.01: 621, 0.001: 473}, 'frac_significant': {0.05: 0.7852564102564102, 0.01: 0.6634615384615384, 0.001: 0.5053418803418803}}}","{'sim_only': {'laptop (computer_dist)': {'n_pairs': 1000, 'n_max_trajs': 56, 'n_min_trajs': 448, 'n_nonempty_hist': {0: 4, 1: 0, 2: 996}, 'n_both_nonempty': 996, 'n_ttest_run': 842, 'n_significant': {0.05: 640, 0.01: 574, 0.001: 515}, 'frac_significant': {0.05: 0.7600950118764845, 0.01: 0.6817102137767221, 0.001: 0.6116389548693587}}, 'upright (joint_up)': {'n_pairs': 1000, 'n_max_trajs': 560, 'n_min_trajs': 280, 'n_nonempty_hist': {0: 1, 1: 0, 2: 999}, 'n_both_nonempty': 999, 'n_ttest_run': 936, 'n_significant': {0.05: 735, 0.01: 621, 0.001: 473}, 'frac_significant': {0.05: 0.7852564102564102, 0.01: 0.6634615384615384, 0.001: 0.5053418803418803}}}}"
1,10,16,results/frozen_sirl_ts/frozen_sirl_ts_1786634861.pth,https://wandb.ai/m1randa-massachusetts-institute-of-technology/tversky-sirl/runs/645bebed,"{'laptop (computer_dist)': {'n_pairs': 1000, 'n_max_trajs': 56, 'n_min_trajs': 448, 'n_nonempty_hist': {0: 0, 1: 0, 2: 1000}, 'n_both_nonempty': 1000, 'n_ttest_run': 994, 'n_significant': {0.05: 852, 0.01: 801, 0.001: 700}, 'frac_significant': {0.05: 0.8571428571428571, 0.01: 0.8058350100603622, 0.001: 0.704225352112676}}, 'upright (joint_up)': {'n_pairs': 1000, 'n_max_trajs': 560, 'n_min_trajs': 280, 'n_nonempty_hist': {0: 0, 1: 0, 2: 1000}, 'n_both_nonempty': 1000, 'n_ttest_run': 976, 'n_significant': {0.05: 851, 0.01: 758, 0.001: 525}, 'frac_significant': {0.05: 0.8719262295081968, 0.01: 0.7766393442622951, 0.001: 0.5379098360655737}}}","{'sim_only': {'laptop (computer_dist)': {'n_pairs': 1000, 'n_max_trajs': 56, 'n_min_trajs': 448, 'n_nonempty_hist': {0: 0, 1: 0, 2: 1000}, 'n_both_nonempty': 1000, 'n_ttest_run': 994, 'n_significant': {0.05: 852, 0.01: 801, 0.001: 700}, 'frac_significant': {0.05: 0.8571428571428571, 0.01: 0.8058350100603622, 0.001: 0.704225352112676}}, 'upright (joint_up)': {'n_pairs': 1000, 'n_max_trajs': 560, 'n_min_trajs': 280, 'n_nonempty_hist': {0: 0, 1: 0, 2: 1000}, 'n_both_nonempty': 1000, 'n_ttest_run': 976, 'n_significant': {0.05: 851, 0.01: 758, 0.001: 525}, 'frac_significant': {0.05: 0.8719262295081968, 0.01: 0.7766393442622951, 0.001: 0.5379098360655737}}}}"
2,10,16,results/frozen_sirl_ts/frozen_sirl_ts_1786634874.pth,https://wandb.ai/m1randa-massachusetts-institute-of-technology/tversky-sirl/runs/cqoduick,"{'laptop (computer_dist)': {'n_pairs': 1000, 'n_max_trajs': 56, 'n_min_trajs': 448, 'n_nonempty_hist': {0: 1, 1: 2, 2: 997}, 'n_both_nonempty': 997, 'n_ttest_run': 961, 'n_significant': {0.05: 803, 0.01: 739, 0.001: 625}, 'frac_significant': {0.05: 0.8355879292403746, 0.01: 0.768990634755463, 0.001: 0.6503642039542143}}, 'upright (joint_up)': {'n_pairs': 1000, 'n_max_trajs': 560, 'n_min_trajs': 280, 'n_nonempty_hist': {0: 4, 1: 1, 2: 995}, 'n_both_nonempty': 995, 'n_ttest_run': 994, 'n_significant': {0.05: 474, 0.01: 287, 0.001: 140}, 'frac_significant': {0.05: 0.4768611670020121, 0.01: 0.2887323943661972, 0.001: 0.14084507042253522}}}","{'sim_only': {'laptop (computer_dist)': {'n_pairs': 1000, 'n_max_trajs': 56, 'n_min_trajs': 448, 'n_nonempty_hist': {0: 1, 1: 2, 2: 997}, 'n_both_nonempty': 997, 'n_ttest_run': 961, 'n_significant': {0.05: 803, 0.01: 739, 0.001: 625}, 'frac_significant': {0.05: 0.8355879292403746, 0.01: 0.768990634755463, 0.001: 0.6503642039542143}}, 'upright (joint_up)': {'n_pairs': 1000, 'n_max_trajs': 560, 'n_min_trajs': 280, 'n_nonempty_hist': {0: 4, 1: 1, 2: 995}, 'n_both_nonempty': 995, 'n_ttest_run': 994, 'n_significant': {0.05: 474, 0.01: 287, 0.001: 140}, 'frac_significant': {0.05: 0.4768611670020121, 0.01: 0.2887323943661972, 0.001: 0.14084507042253522}}}}"
0,10,32,results/frozen_sirl_ts/frozen_sirl_ts_1786634886.pth,https://wandb.ai/m1randa-massachusetts-institute-of-technology/tversky-sirl/runs/d6a66ipq,"{'laptop (computer_dist)': {'n_pairs': 1000, 'n_max_trajs': 56, 'n_min_trajs': 448, 'n_nonempty_hist': {0: 1, 1: 0, 2: 999}, 'n_both_nonempty': 999, 'n_ttest_run': 935, 'n_significant': {0.05: 695, 0.01: 616, 0.001: 521}, 'frac_significant': {0.05: 0.7433155080213903, 0.01: 0.6588235294117647, 0.001: 0.5572192513368984}}, 'upright (joint_up)': {'n_pairs': 1000, 'n_max_trajs': 560, 'n_min_trajs': 280, 'n_nonempty_hist': {0: 1, 1: 0, 2: 999}, 'n_both_nonempty': 999, 'n_ttest_run': 984, 'n_significant': {0.05: 705, 0.01: 539, 0.001: 347}, 'frac_significant': {0.05: 0.7164634146341463, 0.01: 0.5477642276422764, 0.001: 0.35264227642276424}}}","{'sim_only': {'laptop (computer_dist)': {'n_pairs': 1000, 'n_max_trajs': 56, 'n_min_trajs': 448, 'n_nonempty_hist': {0: 1, 1: 0, 2: 999}, 'n_both_nonempty': 999, 'n_ttest_run': 935, 'n_significant': {0.05: 695, 0.01: 616, 0.001: 521}, 'frac_significant': {0.05: 0.7433155080213903, 0.01: 0.6588235294117647, 0.001: 0.5572192513368984}}, 'upright (joint_up)': {'n_pairs': 1000, 'n_max_trajs': 560, 'n_min_trajs': 280, 'n_nonempty_hist': {0: 1, 1: 0, 2: 999}, 'n_both_nonempty': 999, 'n_ttest_run': 984, 'n_significant': {0.05: 705, 0.01: 539, 0.001: 347}, 'frac_significant': {0.05: 0.7164634146341463, 0.01: 0.5477642276422764, 0.001: 0.35264227642276424}}}}"
1,10,32,results/frozen_sirl_ts/frozen_sirl_ts_1786634898.pth,https://wandb.ai/m1randa-massachusetts-institute-of-technology/tversky-sirl/runs/kp1mtgzp,"{'laptop (computer_dist)': {'n_pairs': 1000, 'n_max_trajs': 56, 'n_min_trajs': 448, 'n_nonempty_hist': {0: 0, 1: 0, 2: 1000}, 'n_both_nonempty': 1000, 'n_ttest_run': 977, 'n_significant': {0.05: 911, 0.01: 893, 0.001: 802}, 'frac_significant': {0.05: 0.932446264073695, 0.01: 0.9140225179119754, 0.001: 0.8208802456499488}}, 'upright (joint_up)': {'n_pairs': 1000, 'n_max_trajs': 560, 'n_min_trajs': 280, 'n_nonempty_hist': {0: 0, 1: 0, 2: 1000}, 'n_both_nonempty': 1000, 'n_ttest_run': 969, 'n_significant': {0.05: 876, 0.01: 708, 0.001: 549}, 'frac_significant': {0.05: 0.9040247678018576, 0.01: 0.7306501547987616, 0.001: 0.56656346749226}}}","{'sim_only': {'laptop (computer_dist)': {'n_pairs': 1000, 'n_max_trajs': 56, 'n_min_trajs': 448, 'n_nonempty_hist': {0: 0, 1: 0, 2: 1000}, 'n_both_nonempty': 1000, 'n_ttest_run': 977, 'n_significant': {0.05: 911, 0.01: 893, 0.001: 802}, 'frac_significant': {0.05: 0.932446264073695, 0.01: 0.9140225179119754, 0.001: 0.8208802456499488}}, 'upright (joint_up)': {'n_pairs': 1000, 'n_max_trajs': 560, 'n_min_trajs': 280, 'n_nonempty_hist': {0: 0, 1: 0, 2: 1000}, 'n_both_nonempty': 1000, 'n_ttest_run': 969, 'n_significant': {0.05: 876, 0.01: 708, 0.001: 549}, 'frac_significant': {0.05: 0.9040247678018576, 0.01: 0.7306501547987616, 0.001: 0.56656346749226}}}}"
2,10,32,results/frozen_sirl_ts/frozen_sirl_ts_1786634911.pth,https://wandb.ai/m1randa-massachusetts-institute-of-technology/tversky-sirl/runs/qzqrlcnb,"{'laptop (computer_dist)': {'n_pairs': 1000, 'n_max_trajs': 56, 'n_min_trajs': 448, 'n_nonempty_hist': {0: 0, 1: 0, 2: 1000}, 'n_both_nonempty': 1000, 'n_ttest_run': 970, 'n_significant': {0.05: 821, 0.01: 718, 0.001: 479}, 'frac_significant': {0.05: 0.8463917525773196, 0.01: 0.7402061855670103, 0.001: 0.49381443298969074}}, 'upright (joint_up)': {'n_pairs': 1000, 'n_max_trajs': 560, 'n_min_trajs': 280, 'n_nonempty_hist': {0: 1, 1: 0, 2: 999}, 'n_both_nonempty': 999, 'n_ttest_run': 964, 'n_significant': {0.05: 428, 0.01: 288, 0.001: 129}, 'frac_significant': {0.05: 0.44398340248962653, 0.01: 0.2987551867219917, 0.001: 0.1338174273858921}}}","{'sim_only': {'laptop (computer_dist)': {'n_pairs': 1000, 'n_max_trajs': 56, 'n_min_trajs': 448, 'n_nonempty_hist': {0: 0, 1: 0, 2: 1000}, 'n_both_nonempty': 1000, 'n_ttest_run': 970, 'n_significant': {0.05: 821, 0.01: 718, 0.001: 479}, 'frac_significant': {0.05: 0.8463917525773196, 0.01: 0.7402061855670103, 0.001: 0.49381443298969074}}, 'upright (joint_up)': {'n_pairs': 1000, 'n_max_trajs': 560, 'n_min_trajs': 280, 'n_nonempty_hist': {0: 1, 1: 0, 2: 999}, 'n_both_nonempty': 999, 'n_ttest_run': 964, 'n_significant': {0.05: 428, 0.01: 288, 0.001: 129}, 'frac_significant': {0.05: 0.44398340248962653, 0.01: 0.2987551867219917, 0.001: 0.1338174273858921}}}}"
0,10,64,results/frozen_sirl_ts/frozen_sirl_ts_1786634923.pth,https://wandb.ai/m1randa-massachusetts-institute-of-technology/tversky-sirl/runs/kpz2wn43,"{'laptop (computer_dist)': {'n_pairs': 1000, 'n_max_trajs': 56, 'n_min_trajs': 448, 'n_nonempty_hist': {0: 0, 1: 0, 2: 1000}, 'n_both_nonempty': 1000, 'n_ttest_run': 947, 'n_significant': {0.05: 694, 0.01: 574, 0.001: 439}, 'frac_significant': {0.05: 0.7328405491024287, 0.01: 0.6061246040126715, 0.001: 0.4635691657866948}}, 'upright (joint_up)': {'n_pairs': 1000, 'n_max_trajs': 560, 'n_min_trajs': 280, 'n_nonempty_hist': {0: 0, 1: 0, 2: 1000}, 'n_both_nonempty': 1000, 'n_ttest_run': 816, 'n_significant': {0.05: 671, 0.01: 571, 0.001: 493}, 'frac_significant': {0.05: 0.8223039215686274, 0.01: 0.6997549019607843, 0.001: 0.6041666666666666}}}","{'sim_only': {'laptop (computer_dist)': {'n_pairs': 1000, 'n_max_trajs': 56, 'n_min_trajs': 448, 'n_nonempty_hist': {0: 0, 1: 0, 2: 1000}, 'n_both_nonempty': 1000, 'n_ttest_run': 947, 'n_significant': {0.05: 694, 0.01: 574, 0.001: 439}, 'frac_significant': {0.05: 0.7328405491024287, 0.01: 0.6061246040126715, 0.001: 0.4635691657866948}}, 'upright (joint_up)': {'n_pairs': 1000, 'n_max_trajs': 560, 'n_min_trajs': 280, 'n_nonempty_hist': {0: 0, 1: 0, 2: 1000}, 'n_both_nonempty': 1000, 'n_ttest_run': 816, 'n_significant': {0.05: 671, 0.01: 571, 0.001: 493}, 'frac_significant': {0.05: 0.8223039215686274, 0.01: 0.6997549019607843, 0.001: 0.6041666666666666}}}}"
1,10,64,results/frozen_sirl_ts/frozen_sirl_ts_1786634935.pth,https://wandb.ai/m1randa-massachusetts-institute-of-technology/tversky-sirl/runs/3xg1yy2l,"{'laptop (computer_dist)': {'n_pairs': 1000, 'n_max_trajs': 56, 'n_min_trajs': 448, 'n_nonempty_hist': {0: 0, 1: 0, 2: 1000}, 'n_both_nonempty': 1000, 'n_ttest_run': 994, 'n_significant': {0.05: 910, 0.01: 859, 0.001: 771}, 'frac_significant': {0.05: 0.9154929577464789, 0.01: 0.864185110663984, 0.001: 0.7756539235412475}}, 'upright (joint_up)': {'n_pairs': 1000, 'n_max_trajs': 560, 'n_min_trajs': 280, 'n_nonempty_hist': {0: 1, 1: 0, 2: 999}, 'n_both_nonempty': 999, 'n_ttest_run': 975, 'n_significant': {0.05: 799, 0.01: 628, 0.001: 462}, 'frac_significant': {0.05: 0.8194871794871795, 0.01: 0.6441025641025641, 0.001: 0.47384615384615386}}}","{'sim_only': {'laptop (computer_dist)': {'n_pairs': 1000, 'n_max_trajs': 56, 'n_min_trajs': 448, 'n_nonempty_hist': {0: 0, 1: 0, 2: 1000}, 'n_both_nonempty': 1000, 'n_ttest_run': 994, 'n_significant': {0.05: 910, 0.01: 859, 0.001: 771}, 'frac_significant': {0.05: 0.9154929577464789, 0.01: 0.864185110663984, 0.001: 0.7756539235412475}}, 'upright (joint_up)': {'n_pairs': 1000, 'n_max_trajs': 560, 'n_min_trajs': 280, 'n_nonempty_hist': {0: 1, 1: 0, 2: 999}, 'n_both_nonempty': 999, 'n_ttest_run': 975, 'n_significant': {0.05: 799, 0.01: 628, 0.001: 462}, 'frac_significant': {0.05: 0.8194871794871795, 0.01: 0.6441025641025641, 0.001: 0.47384615384615386}}}}"
2,10,64,results/frozen_sirl_ts/frozen_sirl_ts_1786634947.pth,https://wandb.ai/m1randa-massachusetts-institute-of-technology/tversky-sirl/runs/36ocsrr4,"{'laptop (computer_dist)': {'n_pairs': 1000, 'n_max_trajs': 56, 'n_min_trajs': 448, 'n_nonempty_hist': {0: 4, 1: 0, 2: 996}, 'n_both_nonempty': 996, 'n_ttest_run': 985, 'n_significant': {0.05: 588, 0.01: 413, 0.001: 327}, 'frac_significant': {0.05: 0.5969543147208122, 0.01: 0.41928934010152286, 0.001: 0.3319796954314721}}, 'upright (joint_up)': {'n_pairs': 1000, 'n_max_trajs': 560, 'n_min_trajs': 280, 'n_nonempty_hist': {0: 2, 1: 0, 2: 998}, 'n_both_nonempty': 998, 'n_ttest_run': 966, 'n_significant': {0.05: 655, 0.01: 500, 0.001: 384}, 'frac_significant': {0.05: 0.6780538302277432, 0.01: 0.5175983436853002, 0.001: 0.39751552795031053}}}","{'sim_only': {'laptop (computer_dist)': {'n_pairs': 1000, 'n_max_trajs': 56, 'n_min_trajs': 448, 'n_nonempty_hist': {0: 4, 1: 0, 2: 996}, 'n_both_nonempty': 996, 'n_ttest_run': 985, 'n_significant': {0.05: 588, 0.01: 413, 0.001: 327}, 'frac_significant': {0.05: 0.5969543147208122, 0.01: 0.41928934010152286, 0.001: 0.3319796954314721}}, 'upright (joint_up)': {'n_pairs': 1000, 'n_max_trajs': 560, 'n_min_trajs': 280, 'n_nonempty_hist': {0: 2, 1: 0, 2: 998}, 'n_both_nonempty': 998, 'n_ttest_run': 966, 'n_significant': {0.05: 655, 0.01: 500, 0.001: 384}, 'frac_significant': {0.05: 0.6780538302277432, 0.01: 0.5175983436853002, 0.001: 0.39751552795031053}}}}"
0,10,128,results/frozen_sirl_ts/frozen_sirl_ts_1786634959.pth,https://wandb.ai/m1randa-massachusetts-institute-of-technology/tversky-sirl/runs/2oqdrnur,"{'laptop (computer_dist)': {'n_pairs': 1000, 'n_max_trajs': 56, 'n_min_trajs': 448, 'n_nonempty_hist': {0: 0, 1: 0, 2: 1000}, 'n_both_nonempty': 1000, 'n_ttest_run': 939, 'n_significant': {0.05: 671, 0.01: 583, 0.001: 461}, 'frac_significant': {0.05: 0.7145899893503728, 0.01: 0.6208732694355698, 0.001: 0.4909478168264111}}, 'upright (joint_up)': {'n_pairs': 1000, 'n_max_trajs': 560, 'n_min_trajs': 280, 'n_nonempty_hist': {0: 0, 1: 0, 2: 1000}, 'n_both_nonempty': 1000, 'n_ttest_run': 943, 'n_significant': {0.05: 638, 0.01: 524, 0.001: 387}, 'frac_significant': {0.05: 0.6765641569459173, 0.01: 0.5556733828207847, 0.001: 0.41039236479321317}}}","{'sim_only': {'laptop (computer_dist)': {'n_pairs': 1000, 'n_max_trajs': 56, 'n_min_trajs': 448, 'n_nonempty_hist': {0: 0, 1: 0, 2: 1000}, 'n_both_nonempty': 1000, 'n_ttest_run': 939, 'n_significant': {0.05: 671, 0.01: 583, 0.001: 461}, 'frac_significant': {0.05: 0.7145899893503728, 0.01: 0.6208732694355698, 0.001: 0.4909478168264111}}, 'upright (joint_up)': {'n_pairs': 1000, 'n_max_trajs': 560, 'n_min_trajs': 280, 'n_nonempty_hist': {0: 0, 1: 0, 2: 1000}, 'n_both_nonempty': 1000, 'n_ttest_run': 943, 'n_significant': {0.05: 638, 0.01: 524, 0.001: 387}, 'frac_significant': {0.05: 0.6765641569459173, 0.01: 0.5556733828207847, 0.001: 0.41039236479321317}}}}"
1,10,128,results/frozen_sirl_ts/frozen_sirl_ts_1786634973.pth,https://wandb.ai/m1randa-massachusetts-institute-of-technology/tversky-sirl/runs/b70gdd6b,"{'laptop (computer_dist)': {'n_pairs': 1000, 'n_max_trajs': 56, 'n_min_trajs': 448, 'n_nonempty_hist': {0: 0, 1: 0, 2: 1000}, 'n_both_nonempty': 1000, 'n_ttest_run': 967, 'n_significant': {0.05: 839, 0.01: 761, 0.001: 666}, 'frac_significant': {0.05: 0.8676318510858325, 0.01: 0.7869700103412617, 0.001: 0.688728024819028}}, 'upright (joint_up)': {'n_pairs': 1000, 'n_max_trajs': 560, 'n_min_trajs': 280, 'n_nonempty_hist': {0: 3, 1: 0, 2: 997}, 'n_both_nonempty': 997, 'n_ttest_run': 951, 'n_significant': {0.05: 791, 0.01: 632, 0.001: 487}, 'frac_significant': {0.05: 0.8317560462670873, 0.01: 0.6645636172450052, 0.001: 0.5120925341745531}}}","{'sim_only': {'laptop (computer_dist)': {'n_pairs': 1000, 'n_max_trajs': 56, 'n_min_trajs': 448, 'n_nonempty_hist': {0: 0, 1: 0, 2: 1000}, 'n_both_nonempty': 1000, 'n_ttest_run': 967, 'n_significant': {0.05: 839, 0.01: 761, 0.001: 666}, 'frac_significant': {0.05: 0.8676318510858325, 0.01: 0.7869700103412617, 0.001: 0.688728024819028}}, 'upright (joint_up)': {'n_pairs': 1000, 'n_max_trajs': 560, 'n_min_trajs': 280, 'n_nonempty_hist': {0: 3, 1: 0, 2: 997}, 'n_both_nonempty': 997, 'n_ttest_run': 951, 'n_significant': {0.05: 791, 0.01: 632, 0.001: 487}, 'frac_significant': {0.05: 0.8317560462670873, 0.01: 0.6645636172450052, 0.001: 0.5120925341745531}}}}"
2,10,128,results/frozen_sirl_ts/frozen_sirl_ts_1786634985.pth,https://wandb.ai/m1randa-massachusetts-institute-of-technology/tversky-sirl/runs/gq4elgp4,"{'laptop (computer_dist)': {'n_pairs': 1000, 'n_max_trajs': 56, 'n_min_trajs': 448, 'n_nonempty_hist': {0: 4, 1: 0, 2: 996}, 'n_both_nonempty': 996, 'n_ttest_run': 995, 'n_significant': {0.05: 641, 0.01: 463, 0.001: 277}, 'frac_significant': {0.05: 0.6442211055276382, 0.01: 0.4653266331658292, 0.001: 0.27839195979899495}}, 'upright (joint_up)': {'n_pairs': 1000, 'n_max_trajs': 560, 'n_min_trajs': 280, 'n_nonempty_hist': {0: 3, 1: 0, 2: 997}, 'n_both_nonempty': 997, 'n_ttest_run': 977, 'n_significant': {0.05: 606, 0.01: 488, 0.001: 317}, 'frac_significant': {0.05: 0.6202661207778914, 0.01: 0.49948822927328557, 0.001: 0.32446264073694986}}}","{'sim_only': {'laptop (computer_dist)': {'n_pairs': 1000, 'n_max_trajs': 56, 'n_min_trajs': 448, 'n_nonempty_hist': {0: 4, 1: 0, 2: 996}, 'n_both_nonempty': 996, 'n_ttest_run': 995, 'n_significant': {0.05: 641, 0.01: 463, 0.001: 277}, 'frac_significant': {0.05: 0.6442211055276382, 0.01: 0.4653266331658292, 0.001: 0.27839195979899495}}, 'upright (joint_up)': {'n_pairs': 1000, 'n_max_trajs': 560, 'n_min_trajs': 280, 'n_nonempty_hist': {0: 3, 1: 0, 2: 997}, 'n_both_nonempty': 997, 'n_ttest_run': 977, 'n_significant': {0.05: 606, 0.01: 488, 0.001: 317}, 'frac_significant': {0.05: 0.6202661207778914, 0.01: 0.49948822927328557, 0.001: 0.32446264073694986}}}}"
0,10,256,results/frozen_sirl_ts/frozen_sirl_ts_1786634998.pth,https://wandb.ai/m1randa-massachusetts-institute-of-technology/tversky-sirl/runs/i677y8pt,"{'laptop (computer_dist)': {'n_pairs': 1000, 'n_max_trajs': 56, 'n_min_trajs': 448, 'n_nonempty_hist': {0: 1, 1: 0, 2: 999}, 'n_both_nonempty': 999, 'n_ttest_run': 952, 'n_significant': {0.05: 607, 0.01: 527, 0.001: 425}, 'frac_significant': {0.05: 0.6376050420168067, 0.01: 0.5535714285714286, 0.001: 0.44642857142857145}}, 'upright (joint_up)': {'n_pairs': 1000, 'n_max_trajs': 560, 'n_min_trajs': 280, 'n_nonempty_hist': {0: 0, 1: 0, 2: 1000}, 'n_both_nonempty': 1000, 'n_ttest_run': 912, 'n_significant': {0.05: 713, 0.01: 572, 0.001: 434}, 'frac_significant': {0.05: 0.7817982456140351, 0.01: 0.6271929824561403, 0.001: 0.4758771929824561}}}","{'sim_only': {'laptop (computer_dist)': {'n_pairs': 1000, 'n_max_trajs': 56, 'n_min_trajs': 448, 'n_nonempty_hist': {0: 1, 1: 0, 2: 999}, 'n_both_nonempty': 999, 'n_ttest_run': 952, 'n_significant': {0.05: 607, 0.01: 527, 0.001: 425}, 'frac_significant': {0.05: 0.6376050420168067, 0.01: 0.5535714285714286, 0.001: 0.44642857142857145}}, 'upright (joint_up)': {'n_pairs': 1000, 'n_max_trajs': 560, 'n_min_trajs': 280, 'n_nonempty_hist': {0: 0, 1: 0, 2: 1000}, 'n_both_nonempty': 1000, 'n_ttest_run': 912, 'n_significant': {0.05: 713, 0.01: 572, 0.001: 434}, 'frac_significant': {0.05: 0.7817982456140351, 0.01: 0.6271929824561403, 0.001: 0.4758771929824561}}}}"
1,10,256,results/frozen_sirl_ts/frozen_sirl_ts_1786635013.pth,https://wandb.ai/m1randa-massachusetts-institute-of-technology/tversky-sirl/runs/vdb0n7h0,"{'laptop (computer_dist)': {'n_pairs': 1000, 'n_max_trajs': 56, 'n_min_trajs': 448, 'n_nonempty_hist': {0: 0, 1: 0, 2: 1000}, 'n_both_nonempty': 1000, 'n_ttest_run': 955, 'n_significant': {0.05: 809, 0.01: 755, 0.001: 596}, 'frac_significant': {0.05: 0.8471204188481676, 0.01: 0.7905759162303665, 0.001: 0.6240837696335079}}, 'upright (joint_up)': {'n_pairs': 1000, 'n_max_trajs': 560, 'n_min_trajs': 280, 'n_nonempty_hist': {0: 1, 1: 0, 2: 999}, 'n_both_nonempty': 999, 'n_ttest_run': 975, 'n_significant': {0.05: 824, 0.01: 713, 0.001: 496}, 'frac_significant': {0.05: 0.8451282051282051, 0.01: 0.7312820512820513, 0.001: 0.5087179487179487}}}","{'sim_only': {'laptop (computer_dist)': {'n_pairs': 1000, 'n_max_trajs': 56, 'n_min_trajs': 448, 'n_nonempty_hist': {0: 0, 1: 0, 2: 1000}, 'n_both_nonempty': 1000, 'n_ttest_run': 955, 'n_significant': {0.05: 809, 0.01: 755, 0.001: 596}, 'frac_significant': {0.05: 0.8471204188481676, 0.01: 0.7905759162303665, 0.001: 0.6240837696335079}}, 'upright (joint_up)': {'n_pairs': 1000, 'n_max_trajs': 560, 'n_min_trajs': 280, 'n_nonempty_hist': {0: 1, 1: 0, 2: 999}, 'n_both_nonempty': 999, 'n_ttest_run': 975, 'n_significant': {0.05: 824, 0.01: 713, 0.001: 496}, 'frac_significant': {0.05: 0.8451282051282051, 0.01: 0.7312820512820513, 0.001: 0.5087179487179487}}}}"
2,10,256,results/frozen_sirl_ts/frozen_sirl_ts_1786635027.pth,https://wandb.ai/m1randa-massachusetts-institute-of-technology/tversky-sirl/runs/2aciwyih,"{'laptop (computer_dist)': {'n_pairs': 1000, 'n_max_trajs': 56, 'n_min_trajs': 448, 'n_nonempty_hist': {0: 10, 1: 0, 2: 990}, 'n_both_nonempty': 990, 'n_ttest_run': 985, 'n_significant': {0.05: 587, 0.01: 405, 0.001: 269}, 'frac_significant': {0.05: 0.5959390862944163, 0.01: 0.41116751269035534, 0.001: 0.2730964467005076}}, 'upright (joint_up)': {'n_pairs': 1000, 'n_max_trajs': 560, 'n_min_trajs': 280, 'n_nonempty_hist': {0: 1, 1: 0, 2: 999}, 'n_both_nonempty': 999, 'n_ttest_run': 962, 'n_significant': {0.05: 665, 0.01: 582, 0.001: 426}, 'frac_significant': {0.05: 0.6912681912681913, 0.01: 0.604989604989605, 0.001: 0.44282744282744285}}}","{'sim_only': {'laptop (computer_dist)': {'n_pairs': 1000, 'n_max_trajs': 56, 'n_min_trajs': 448, 'n_nonempty_hist': {0: 10, 1: 0, 2: 990}, 'n_both_nonempty': 990, 'n_ttest_run': 985, 'n_significant': {0.05: 587, 0.01: 405, 0.001: 269}, 'frac_significant': {0.05: 0.5959390862944163, 0.01: 0.41116751269035534, 0.001: 0.2730964467005076}}, 'upright (joint_up)': {'n_pairs': 1000, 'n_max_trajs': 560, 'n_min_trajs': 280, 'n_nonempty_hist': {0: 1, 1: 0, 2: 999}, 'n_both_nonempty': 999, 'n_ttest_run': 962, 'n_significant': {0.05: 665, 0.01: 582, 0.001: 426}, 'frac_significant': {0.05: 0.6912681912681913, 0.01: 0.604989604989605, 0.001: 0.44282744282744285}}}}"
